CustomerID,Segment,Country,Recency,Frequency,Monetary,AvgOrderValue,InterPurchaseStd,ProductDiversity,TenureDays,Z_Recency,Z_Frequency,Z_Monetary,DistToCentroid,DistToRival,NearestRival,BoundaryMargin,Silhouette,Cohesion,IsBorderline
12346,At Risk,United Kingdom,326,3,77352.96,25784.32,43.0,25,321,0.861,-0.199,3.202,2.85,3.225,Champions,0.469,0.13,Borderline,1
12347,Champions,Iceland,2,8,5633.32,704.16,17.6,126,402,-2.15,0.805,1.308,1.255,2.288,New Customers,0.354,0.33,Settled,0
12348,At Risk,Finland,75,5,1658.4,331.68,49.7,24,362,-0.076,0.303,0.424,0.467,1.215,New Customers,0.278,0.38,Settled,0
12349,New Customers,Italy,19,3,3678.69,1226.23,103.5,137,570,-0.933,-0.199,1.0,1.249,1.52,At Risk,0.451,0.124,Borderline,1
12350,Hibernating,Norway,310,1,294.4,294.4,,16,0,0.829,-1.057,-0.824,0.216,1.895,At Risk,0.102,0.641,Core,0
12351,Hibernating,Unspecified,375,1,300.93,300.93,,21,0,0.951,-1.057,-0.808,0.229,1.916,At Risk,0.107,0.649,Core,0
12352,At Risk,Norway,36,9,1729.54,192.17,56.6,68,356,-0.538,0.935,0.454,1.131,1.238,Champions,0.477,0.119,Borderline,1
12353,Hibernating,Bahrain,204,2,406.76,203.38,,23,204,0.561,-0.555,-0.591,0.539,1.339,At Risk,0.287,0.422,Settled,0
12354,Hibernating,Spain,232,1,1079.4,1079.4,,58,0,0.643,-1.057,0.114,1.061,1.408,At Risk,0.43,0.221,Borderline,1
12355,At Risk,Bahrain,214,2,947.61,473.8,,35,353,0.592,-0.555,0.02,0.963,1.013,Hibernating,0.487,-0.008,Borderline,1
12356,Champions,Portugal,23,6,5613.68,935.61,74.8,103,401,-0.815,0.494,1.305,1.093,1.502,At Risk,0.421,0.136,Borderline,1
12357,At Risk,Switzerland,33,2,17437.66,8718.83,,260,355,-0.592,-0.555,2.125,2.131,2.295,Champions,0.481,0.096,Borderline,1
12358,Champions,Austria,2,5,3447.07,689.41,27.3,55,730,-2.15,0.303,0.953,1.65,1.843,New Customers,0.472,0.043,Borderline,1
12359,Champions,Cyprus,58,10,8935.94,893.59,43.4,305,676,-0.238,1.053,1.641,1.057,1.561,At Risk,0.404,0.159,Borderline,1
12360,At Risk,Austria,52,6,3612.89,602.15,51.4,159,603,-0.307,0.494,0.987,0.913,1.382,Champions,0.398,0.286,Settled,0
12361,Hibernating,Belgium,287,4,451.25,112.81,31.2,17,394,0.779,0.077,-0.516,1.02,1.048,At Risk,0.493,0.03,Borderline,1
12362,Champions,Belgium,3,10,4737.23,473.72,24.3,200,292,-1.966,1.053,1.182,0.979,2.246,New Customers,0.304,0.406,Settled,0
12363,Hibernating,Unspecified,110,2,552.0,276.0,,23,132,0.167,-0.555,-0.371,0.938,1.092,New Customers,0.462,0.132,Borderline,1
12364,New Customers,Belgium,8,4,1208.1,302.02,2.2,69,104,-1.445,0.077,0.195,0.806,1.863,At Risk,0.302,0.431,Settled,0
12365,Hibernating,Cyprus,291,1,320.69,320.69,,21,0,0.788,-1.057,-0.762,0.257,1.845,At Risk,0.122,0.626,Core,0
12366,Hibernating,Cyprus,634,1,500.24,500.24,,3,0,1.287,-1.057,-0.442,0.647,1.84,At Risk,0.26,0.539,Core,0
12367,New Customers,Denmark,4,1,150.9,150.9,,10,0,-1.822,-1.057,-1.305,1.601,2.736,Hibernating,0.369,0.366,Settled,0
12368,Hibernating,Cyprus,628,1,917.7,917.7,,18,0,1.281,-1.057,-0.004,1.005,1.673,At Risk,0.375,0.352,Settled,0
12369,At Risk,Austria,413,3,1511.15,503.72,78.0,89,228,1.012,-0.199,0.357,0.795,1.429,Hibernating,0.357,0.311,Settled,0
12370,At Risk,Cyprus,51,7,3960.31,565.76,103.9,167,617,-0.319,0.659,1.053,1.012,1.236,Champions,0.45,0.184,Borderline,1
12371,At Risk,Switzerland,60,4,3347.38,836.84,145.8,133,585,-0.217,0.077,0.931,0.814,1.407,New Customers,0.366,0.306,Settled,0
12372,At Risk,Denmark,72,3,1196.04,398.68,28.5,33,224,-0.102,-0.199,0.188,0.736,0.903,New Customers,0.449,0.119,Borderline,1
12373,At Risk,Austria,311,3,927.65,309.22,132.0,35,362,0.831,-0.199,0.004,0.786,1.124,Hibernating,0.411,0.183,Borderline,1
12374,New Customers,Austria,25,3,2669.22,889.74,114.5,78,563,-0.764,-0.199,0.768,1.025,1.298,At Risk,0.441,0.131,Borderline,1
12375,New Customers,Finland,11,2,377.5,188.75,,13,87,-1.26,-0.555,-0.645,0.601,2.146,At Risk,0.219,0.536,Core,0
12376,Hibernating,Switzerland,390,2,383.15,191.58,,10,28,0.976,-0.555,-0.634,0.419,1.482,At Risk,0.22,0.516,Core,0
12377,At Risk,Switzerland,315,4,3266.32,816.58,82.6,128,274,0.839,0.077,0.914,0.69,2.045,Hibernating,0.252,0.507,Core,0
12378,At Risk,Switzerland,130,2,5416.32,2708.16,,281,432,0.274,-0.555,1.279,1.201,1.932,New Customers,0.383,0.311,Settled,0
12379,At Risk,Belgium,82,4,1470.22,367.56,72.0,57,452,-0.019,0.077,0.337,0.472,1.113,New Customers,0.298,0.337,Settled,0
12380,Champions,Belgium,22,8,7210.65,901.33,88.5,154,640,-0.843,0.805,1.486,0.8,1.701,At Risk,0.32,0.311,Settled,0
12381,New Customers,Norway,5,3,1474.81,491.6,28.5,69,115,-1.705,-0.199,0.339,1.009,2.093,Champions,0.325,0.427,Settled,0
12383,At Risk,Belgium,185,5,1628.56,325.71,16.2,83,167,0.499,0.303,0.411,0.111,1.65,New Customers,0.063,0.562,Core,0
12384,New Customers,Switzerland,29,2,425.27,212.64,,25,92,-0.672,-0.555,-0.559,0.456,1.617,Hibernating,0.22,0.462,Settled,0
12385,Hibernating,Belgium,379,1,1668.4,1668.4,,64,0,0.957,-1.057,0.428,1.348,1.462,At Risk,0.48,0.096,Borderline,1
12386,Hibernating,Australia,338,2,660.8,330.4,,10,29,0.884,-0.555,-0.241,0.729,1.189,At Risk,0.38,0.301,Settled,0
12387,Hibernating,Australia,415,1,143.94,143.94,,9,0,1.015,-1.057,-1.339,0.498,2.313,At Risk,0.177,0.66,Core,0
12388,Champions,Australia,16,8,3901.11,487.64,43.8,83,566,-1.037,0.805,1.042,0.804,1.635,At Risk,0.33,0.313,Settled,0
12389,At Risk,Australia,403,3,1433.33,477.78,38.5,41,253,0.997,-0.199,0.318,0.787,1.394,Hibernating,0.361,0.302,Settled,0
12390,Hibernating,Belgium,80,1,504.84,504.84,,31,0,-0.035,-1.057,-0.435,1.043,1.153,New Customers,0.475,0.092,Borderline,1
12391,Champions,Cyprus,22,6,2773.42,462.24,164.4,241,641,-0.843,0.494,0.795,1.221,1.302,At Risk,0.484,-0.007,Borderline,1
12392,Hibernating,Australia,591,1,234.75,234.75,,7,0,1.242,-1.057,-0.987,0.422,2.135,At Risk,0.165,0.655,Core,0
12393,At Risk,Australia,72,6,2399.45,399.91,57.0,63,356,-0.102,0.494,0.691,0.592,1.46,New Customers,0.288,0.423,Settled,0
12394,New Customers,Belgium,64,2,1080.48,540.24,,25,153,-0.176,-0.555,0.114,0.835,1.067,At Risk,0.439,0.12,Borderline,1
12395,Champions,Belgium,19,15,4551.27,303.42,28.7,144,583,-0.933,1.517,1.154,0.286,1.943,At Risk,0.128,0.484,Settled,0
12396,Hibernating,RSA,674,1,931.43,931.43,,65,0,1.326,-1.057,0.007,1.033,1.695,At Risk,0.379,0.345,Settled,0
12397,New Customers,Belgium,36,2,2214.9,1107.45,,109,99,-0.538,-0.555,0.633,0.977,1.271,At Risk,0.434,0.139,Borderline,1
12398,New Customers,Switzerland,46,1,1435.66,1435.66,,84,0,-0.384,-1.057,0.32,1.066,1.558,At Risk,0.406,0.224,Borderline,1
12399,At Risk,Belgium,119,7,1842.3,263.19,41.5,66,525,0.218,0.659,0.5,0.413,1.645,New Customers,0.201,0.517,Core,0
12400,Hibernating,Australia,414,1,205.25,205.25,,11,0,1.014,-1.057,-1.084,0.3,2.123,At Risk,0.124,0.671,Core,0
12401,Hibernating,Belgium,303,1,69.3,69.3,,4,0,0.814,-1.057,-1.862,0.981,2.466,New Customers,0.285,0.547,Core,0
12402,At Risk,Belgium,323,6,1136.9,189.48,6.7,42,347,0.855,0.494,0.151,0.581,1.717,Hibernating,0.253,0.479,Settled,0
12403,New Customers,Denmark,50,2,947.36,473.68,,4,471,-0.332,-0.555,0.019,0.664,1.187,At Risk,0.359,0.26,Settled,0
12405,Hibernating,Finland,149,1,1390.39,1390.39,,53,0,0.361,-1.057,0.296,1.32,1.355,At Risk,0.494,0.051,Borderline,1
12406,Champions,Denmark,22,5,6390.36,1278.07,43.8,114,675,-0.843,0.303,1.399,1.27,1.566,At Risk,0.448,0.084,Borderline,1
12407,At Risk,Belgium,50,5,1507.12,301.42,28.4,56,214,-0.332,0.303,0.355,0.727,1.019,New Customers,0.416,0.191,Borderline,1
12408,Champions,Belgium,33,8,3905.77,488.22,35.1,103,465,-0.592,0.805,1.043,0.964,1.266,At Risk,0.432,0.09,Borderline,1
12409,Champions,Switzerland,79,7,23419.29,3345.61,81.2,177,486,-0.043,0.659,2.338,1.711,1.987,At Risk,0.463,0.056,Borderline,1
12410,At Risk,Switzerland,309,3,773.71,257.9,97.0,35,193,0.827,-0.199,-0.127,0.862,1.021,Hibernating,0.458,0.08,Borderline,1
12411,Hibernating,Australia,410,1,346.9,346.9,,22,0,1.008,-1.057,-0.706,0.307,1.869,At Risk,0.141,0.632,Core,0
12412,At Risk,Denmark,75,6,2404.93,400.82,72.1,81,464,-0.076,0.494,0.692,0.571,1.475,New Customers,0.279,0.433,Settled,0
12413,At Risk,France,67,4,871.45,217.86,43.6,40,335,-0.147,0.077,-0.041,0.748,0.858,New Customers,0.466,0.092,Borderline,1
12414,At Risk,Austria,217,4,532.41,133.1,58.4,19,246,0.601,0.077,-0.397,0.883,1.102,Hibernating,0.445,0.12,Borderline,1
12415,Champions,Australia,24,24,144033.37,6001.39,23.7,496,503,-0.789,2.07,3.651,2.381,3.862,At Risk,0.381,0.333,Settled,0
12416,Hibernating,Australia,657,1,202.56,202.56,,11,0,1.31,-1.057,-1.093,0.512,2.234,At Risk,0.186,0.649,Core,0
12417,Champions,Belgium,3,20,6017.91,300.9,20.5,269,730,-1.966,1.854,1.355,0.89,2.895,New Customers,0.235,0.536,Core,0
12418,At Risk,Switzerland,113,4,2021.2,505.3,101.1,90,517,0.185,0.077,0.567,0.325,1.398,New Customers,0.189,0.466,Settled,0
12419,Hibernating,Spain,386,2,391.01,195.5,,22,27,0.969,-0.555,-0.619,0.427,1.469,At Risk,0.225,0.51,Core,0
12420,New Customers,Cyprus,64,1,600.39,600.39,,29,0,-0.176,-1.057,-0.31,1.037,1.224,Hibernating,0.459,0.08,Borderline,1
12421,New Customers,Spain,16,6,874.6,145.77,27.9,43,489,-1.037,0.494,-0.038,0.839,1.517,At Risk,0.356,0.313,Settled,0
12422,At Risk,Switzerland,96,12,3639.35,303.28,37.5,135,625,0.081,1.26,0.992,1.161,1.298,Champions,0.472,0.145,Borderline,1
12423,Champions,Belgium,1,10,2301.39,230.14,30.9,127,465,-2.41,1.053,0.661,1.533,2.232,New Customers,0.407,0.229,Borderline,1
12424,At Risk,Australia,163,4,3340.03,835.01,106.2,78,385,0.418,0.077,0.93,0.54,1.797,New Customers,0.231,0.506,Core,0
12425,At Risk,Portugal,78,2,1741.41,870.7,,87,370,-0.051,-0.555,0.459,0.954,1.121,New Customers,0.46,0.11,Borderline,1
12426,At Risk,Germany,195,2,1201.21,600.6,,72,468,0.532,-0.555,0.191,0.891,1.187,Hibernating,0.429,0.14,Borderline,1
12427,New Customers,Germany,22,3,949.3,316.43,136.0,25,349,-0.843,-0.199,0.021,0.289,1.39,At Risk,0.172,0.437,Settled,0
12428,Champions,Finland,26,8,6405.26,800.66,35.3,256,257,-0.74,0.805,1.401,0.834,1.574,At Risk,0.346,0.262,Settled,0
12429,Champions,Denmark,9,8,6979.91,872.49,58.9,123,537,-1.377,0.805,1.463,0.781,2.094,New Customers,0.272,0.424,Settled,0
12430,New Customers,Norway,43,1,216.4,216.4,,10,0,-0.426,-1.057,-1.046,1.192,1.326,Hibernating,0.473,0.063,Borderline,1
12431,Champions,Australia,36,25,10527.97,421.12,22.6,243,658,-0.538,2.118,1.76,0.924,2.442,At Risk,0.275,0.443,Settled,0
12432,At Risk,Norway,43,4,4359.32,1089.83,61.3,106,129,-0.426,0.077,1.122,1.09,1.492,New Customers,0.422,0.214,Borderline,1
12433,Champions,Norway,1,10,20581.26,2058.13,80.2,285,476,-2.41,1.053,2.244,1.63,3.218,New Customers,0.336,0.405,Settled,0
12434,At Risk,Australia,85,3,1103.43,367.81,27.5,62,296,0.004,-0.199,0.129,0.694,0.973,New Customers,0.416,0.18,Borderline,1
12435,At Risk,Denmark,80,6,13925.93,2320.99,38.9,88,657,-0.035,0.494,1.962,1.599,1.633,Champions,0.495,0.074,Borderline,1
12436,Hibernating,Norway,100,1,429.01,429.01,,15,0,0.107,-1.057,-0.553,0.869,1.284,New Customers,0.403,0.252,Settled,0
12437,Champions,France,2,38,11282.4,296.91,18.2,272,735,-2.15,2.62,1.81,1.553,3.712,At Risk,0.295,0.507,Core,0
12438,New Customers,Norway,14,2,2466.85,1233.42,,83,125,-1.117,-0.555,0.711,1.013,1.751,At Risk,0.367,0.309,Settled,0
12439,Hibernating,Cyprus,683,2,1158.18,579.09,,69,43,1.335,-0.555,0.164,1.201,1.295,At Risk,0.481,0.086,Borderline,1
12440,Hibernating,Austria,462,2,739.2,369.6,,20,255,1.084,-0.555,-0.16,0.83,1.244,At Risk,0.4,0.276,Settled,0
12441,Hibernating,France,367,1,311.1,311.1,,10,0,0.937,-1.057,-0.784,0.236,1.897,At Risk,0.111,0.644,Core,0
12442,New Customers,Spain,3,1,144.06,144.06,,11,0,-1.966,-1.057,-1.338,1.71,2.883,Hibernating,0.372,0.363,Settled,0
12443,Hibernating,Norway,732,1,365.31,365.31,,20,0,1.379,-1.057,-0.668,0.587,2.002,At Risk,0.227,0.589,Core,0
12444,Champions,Norway,21,5,4085.46,817.09,8.2,137,149,-0.871,0.303,1.075,1.294,1.416,At Risk,0.477,0.011,Borderline,1
12445,New Customers,Spain,22,2,378.98,189.49,,23,398,-0.843,-0.555,-0.642,0.472,1.766,Hibernating,0.211,0.491,Settled,0
12446,New Customers,RSA,58,1,1002.31,1002.31,,57,0,-0.238,-1.057,0.06,1.039,1.486,Hibernating,0.411,0.198,Borderline,1
12447,Hibernating,Belgium,243,1,431.49,431.49,,25,0,0.673,-1.057,-0.548,0.453,1.691,At Risk,0.211,0.551,Core,0
12448,New Customers,Spain,44,1,365.45,365.45,,21,0,-0.412,-1.057,-0.668,0.986,1.325,Hibernating,0.427,0.168,Borderline,1
12449,Champions,Belgium,22,5,4274.89,854.98,85.6,124,416,-0.843,0.303,1.108,1.293,1.406,At Risk,0.479,0.004,Borderline,1
12450,At Risk,Spain,156,5,688.2,137.64,85.6,31,318,0.39,0.303,-0.211,0.645,1.416,New Customers,0.313,0.376,Settled,0
12451,Champions,Switzerland,11,8,12629.88,1578.74,55.9,351,518,-1.26,0.805,1.891,0.917,2.262,At Risk,0.288,0.406,Settled,0
12452,New Customers,Switzerland,17,1,348.57,348.57,,20,0,-1.0,-1.057,-0.702,0.887,1.898,Hibernating,0.319,0.405,Settled,0
12453,Hibernating,Austria,134,1,707.09,707.09,,43,0,0.293,-1.057,-0.192,0.941,1.401,New Customers,0.402,0.276,Settled,0
12454,At Risk,Spain,56,4,16459.78,4114.94,153.8,23,364,-0.26,0.077,2.083,1.786,1.851,Champions,0.491,0.078,Borderline,1
12455,At Risk,Cyprus,73,9,5722.95,635.88,43.1,198,648,-0.093,0.935,1.319,1.198,1.203,Champions,0.499,0.08,Borderline,1
12456,At Risk,Switzerland,44,3,2581.04,860.35,18.0,104,210,-0.412,-0.199,0.744,0.99,1.101,New Customers,0.473,0.081,Borderline,1
12457,At Risk,Switzerland,66,7,2555.91,365.13,79.2,62,368,-0.157,0.659,0.736,0.726,1.453,Champions,0.333,0.391,Settled,0
12458,At Risk,Switzerland,71,4,1502.49,375.62,62.5,70,416,-0.11,0.077,0.352,0.55,1.052,New Customers,0.343,0.282,Settled,0
12459,Hibernating,Spain,605,1,398.36,398.36,,22,0,1.257,-1.057,-0.606,0.52,1.91,At Risk,0.214,0.593,Core,0
12460,Hibernating,Belgium,456,1,296.65,296.65,,17,0,1.076,-1.057,-0.819,0.291,1.963,At Risk,0.129,0.651,Core,0
12461,Hibernating,Switzerland,155,1,626.88,626.88,,34,0,0.386,-1.057,-0.279,0.818,1.479,New Customers,0.356,0.363,Settled,0
12462,New Customers,Spain,19,2,937.59,468.79,,50,284,-0.933,-0.555,0.012,0.36,1.626,At Risk,0.181,0.478,Settled,0
12463,At Risk,Belgium,53,4,1200.78,300.2,42.0,64,188,-0.295,0.077,0.191,0.758,0.829,New Customers,0.478,0.067,Borderline,1
12464,New Customers,Belgium,10,8,957.05,119.63,30.6,5,299,-1.316,0.805,0.027,1.221,1.529,Champions,0.444,0.179,Borderline,1
12465,New Customers,Belgium,17,2,682.19,341.1,,45,152,-1.0,-0.555,-0.218,0.275,1.753,At Risk,0.135,0.522,Core,0
12467,Hibernating,USA,423,1,132.8,132.8,,9,0,1.028,-1.057,-1.397,0.552,2.359,New Customers,0.19,0.655,Core,0
12468,At Risk,Germany,188,5,3238.74,647.75,54.1,126,495,0.509,0.303,0.908,0.489,1.91,New Customers,0.204,0.545,Core,0
12469,At Risk,Thailand,523,2,3070.54,1535.27,,76,14,1.164,-0.555,0.869,1.225,1.821,Hibernating,0.402,0.249,Borderline,1
12470,Hibernating,Unspecified,690,1,211.95,211.95,,23,0,1.341,-1.057,-1.061,0.528,2.225,At Risk,0.192,0.643,Core,0
12471,Champions,Germany,2,71,35145.5,495.01,12.3,252,730,-2.15,3.379,2.631,2.46,4.564,At Risk,0.35,0.429,Settled,0
12472,Champions,Germany,32,19,16494.59,868.14,22.4,396,693,-0.611,1.794,2.084,0.932,2.447,At Risk,0.276,0.439,Settled,0
12473,At Risk,Germany,54,3,2596.23,865.41,8.0,138,138,-0.283,-0.199,0.748,0.89,1.166,New Customers,0.433,0.166,Borderline,1
12474,Champions,Germany,17,29,11362.45,391.81,16.7,368,649,-1.0,2.296,1.815,0.895,2.804,At Risk,0.242,0.513,Core,0
12475,New Customers,Germany,54,2,1065.64,532.82,,53,356,-0.283,-0.555,0.104,0.741,1.13,At Risk,0.396,0.198,Borderline,1
12476,Champions,Germany,16,18,12351.41,686.19,22.9,357,486,-1.037,1.73,1.875,0.562,2.488,At Risk,0.184,0.524,Core,0
12477,Champions,Germany,23,9,20276.37,2252.93,44.3,295,600,-0.815,0.935,2.234,1.111,2.261,At Risk,0.33,0.344,Settled,0
12478,New Customers,Greece,4,1,545.99,545.99,,35,0,-1.822,-1.057,-0.379,1.207,2.715,At Risk,0.308,0.475,Settled,0
12479,New Customers,Germany,11,1,473.2,473.2,,30,0,-1.26,-1.057,-0.482,0.872,2.187,Hibernating,0.285,0.47,Settled,0
12480,Champions,Germany,28,7,4834.85,690.69,32.3,176,479,-0.694,0.659,1.197,0.996,1.377,At Risk,0.42,0.126,Borderline,1
12481,Champions,Germany,23,14,11191.39,799.38,44.9,247,584,-0.815,1.437,1.804,0.558,2.156,At Risk,0.206,0.467,Settled,0
12482,Champions,Sweden,576,27,21941.72,812.66,9.2,41,77,1.225,2.21,2.291,2.625,2.799,At Risk,0.484,0.026,Borderline,1
12483,Champions,Sweden,17,19,4092.58,215.4,31.5,67,660,-1.0,1.794,1.077,0.401,2.147,At Risk,0.157,0.497,Settled,0
12484,Champions,Spain,35,9,5573.15,619.24,59.9,328,645,-0.555,0.935,1.3,0.837,1.436,At Risk,0.368,0.211,Borderline,1
12485,Hibernating,Sweden,529,1,708.1,708.1,,34,0,1.171,-1.057,-0.191,0.794,1.678,At Risk,0.321,0.445,Settled,0
12486,Hibernating,Sweden,432,1,917.28,917.28,,48,0,1.041,-1.057,-0.004,0.934,1.559,At Risk,0.375,0.347,Settled,0
12487,Hibernating,Sweden,731,1,285.3,285.3,,2,0,1.378,-1.057,-0.847,0.541,2.105,At Risk,0.204,0.62,Core,0
12488,New Customers,France,10,3,1244.66,414.89,3.0,45,65,-1.316,-0.199,0.216,0.638,1.789,At Risk,0.263,0.456,Settled,0
12489,Hibernating,France,336,1,298.93,298.93,,14,0,0.88,-1.057,-0.813,0.215,1.9,At Risk,0.102,0.645,Core,0
12490,Champions,France,5,20,8764.64,438.23,27.4,194,733,-1.705,1.854,1.627,0.707,2.875,At Risk,0.197,0.563,Core,0
12491,New Customers,France,39,1,424.4,424.4,,24,0,-0.488,-1.057,-0.56,0.908,1.421,Hibernating,0.39,0.244,Borderline,1
12492,New Customers,Germany,63,3,607.21,202.4,128.0,37,340,-0.186,-0.199,-0.302,0.712,1.055,At Risk,0.403,0.174,Borderline,1
12493,Hibernating,France,166,2,379.74,189.87,,18,31,0.43,-0.555,-0.641,0.602,1.368,At Risk,0.306,0.402,Settled,0
12494,Champions,France,16,9,1602.87,178.1,50.4,82,560,-1.037,0.935,0.399,1.135,1.406,New Customers,0.447,0.101,Borderline,1
12495,Hibernating,Sweden,641,1,277.4,277.4,,16,0,1.294,-1.057,-0.867,0.462,2.079,At Risk,0.182,0.637,Core,0
12496,Hibernating,Spain,620,2,54.09,27.04,,10,0,1.273,-0.555,-2.038,1.241,2.757,At Risk,0.31,0.508,Core,0
12497,At Risk,Germany,82,3,5996.5,1998.83,37.5,40,563,-0.019,-0.199,1.353,1.119,1.821,New Customers,0.381,0.31,Settled,0
12498,New Customers,Germany,21,3,349.7,116.57,18.0,20,36,-0.871,-0.199,-0.7,0.469,1.766,At Risk,0.21,0.487,Settled,0
12499,Hibernating,Germany,560,1,357.72,357.72,,26,0,1.207,-1.057,-0.684,0.442,1.932,At Risk,0.186,0.618,Core,0
12500,Champions,Germany,23,18,5559.21,308.85,34.0,87,650,-0.815,1.73,1.298,0.376,2.068,At Risk,0.154,0.487,Settled,0
12501,At Risk,Germany,337,1,2025.39,2025.39,,148,0,0.882,-1.057,0.568,1.44,1.484,Hibernating,0.493,-0.011,Borderline,1
12502,At Risk,Spain,96,5,2995.87,599.17,22.1,101,214,0.081,0.303,0.851,0.52,1.584,New Customers,0.247,0.468,Settled,0
12503,Hibernating,Spain,584,1,896.0,896.0,,1,0,1.234,-1.057,-0.021,0.971,1.653,At Risk,0.37,0.361,Settled,0
12504,New Customers,Germany,18,4,689.05,172.26,153.4,10,578,-0.965,0.077,-0.211,0.392,1.517,At Risk,0.205,0.447,Settled,0
12505,Hibernating,Italy,409,1,787.2,787.2,,41,0,1.006,-1.057,-0.114,0.822,1.579,At Risk,0.342,0.403,Settled,0
12506,Hibernating,France,233,1,73.5,73.5,,23,0,0.646,-1.057,-1.82,0.966,2.324,New Customers,0.294,0.523,Core,0
12507,At Risk,Spain,134,4,1508.06,377.02,108.3,45,450,0.293,0.077,0.355,0.247,1.379,New Customers,0.152,0.482,Settled,0
12508,New Customers,France,26,2,398.27,199.14,,57,2,-0.74,-0.555,-0.606,0.464,1.672,Hibernating,0.217,0.473,Settled,0
12509,Hibernating,France,284,1,158.5,158.5,,6,0,0.773,-1.057,-1.27,0.429,2.092,New Customers,0.17,0.636,Core,0
12510,At Risk,Spain,143,7,3039.03,434.15,64.7,92,592,0.335,0.659,0.862,0.568,1.781,Champions,0.242,0.516,Core,0
12511,At Risk,Greece,429,1,3084.02,3084.02,,190,0,1.037,-1.057,0.872,1.557,1.793,Hibernating,0.465,0.085,Borderline,1
12512,Hibernating,Israel,66,2,138.03,69.02,,31,0,-0.157,-0.555,-1.369,1.175,1.365,New Customers,0.463,0.123,Borderline,1
12513,Hibernating,France,113,1,558.29,558.29,,34,0,0.185,-1.057,-0.363,0.9,1.315,New Customers,0.406,0.254,Settled,0
12514,At Risk,Italy,267,2,1597.76,798.88,,76,374,0.733,-0.555,0.397,0.913,1.343,Hibernating,0.405,0.204,Borderline,1
12515,Hibernating,Italy,353,1,278.7,278.7,,15,0,0.912,-1.057,-0.864,0.202,1.942,At Risk,0.094,0.654,Core,0
12516,At Risk,Germany,78,4,2288.62,572.16,60.1,48,521,-0.051,0.077,0.657,0.538,1.288,New Customers,0.295,0.373,Settled,0
12517,New Customers,Germany,28,4,2322.84,580.71,7.8,231,161,-0.694,0.077,0.667,1.007,1.13,At Risk,0.471,0.054,Borderline,1
12518,New Customers,Germany,1,5,1840.89,368.18,5.2,83,109,-2.41,0.303,0.499,1.8,1.973,Champions,0.477,0.105,Borderline,1
12519,New Customers,Germany,64,2,636.54,318.27,,33,413,-0.176,-0.555,-0.268,0.755,1.236,At Risk,0.379,0.247,Borderline,1
12520,At Risk,Germany,79,5,2346.26,469.25,20.2,120,194,-0.043,0.303,0.675,0.496,1.389,New Customers,0.263,0.425,Settled,0
12521,Hibernating,Germany,143,1,545.68,545.68,,37,0,0.335,-1.057,-0.379,0.779,1.441,New Customers,0.351,0.363,Settled,0
12522,New Customers,Germany,39,2,156.72,78.36,,10,12,-0.488,-0.555,-1.278,1.137,1.448,Hibernating,0.44,0.143,Borderline,1
12523,Champions,France,19,23,4030.15,175.22,25.7,175,712,-0.933,2.019,1.066,0.596,2.267,At Risk,0.208,0.48,Settled,0
12524,Champions,Germany,9,17,9794.11,576.12,33.3,156,660,-1.377,1.663,1.708,0.446,2.576,At Risk,0.148,0.557,Core,0
12525,At Risk,France,498,3,883.73,294.58,16.5,55,149,1.132,-0.199,-0.031,1.002,1.124,Hibernating,0.471,0.057,Borderline,1
12526,New Customers,Germany,1,3,1172.66,390.89,6.0,63,93,-2.41,-0.199,0.173,1.582,2.459,Champions,0.391,0.325,Settled,0
12527,At Risk,Germany,82,5,717.51,143.5,80.5,25,447,-0.019,0.303,-0.181,0.739,1.063,New Customers,0.41,0.205,Borderline,1
12528,New Customers,Germany,9,6,1645.48,274.25,34.1,49,303,-1.377,0.494,0.418,1.148,1.425,Champions,0.446,0.175,Borderline,1
12529,Hibernating,France,528,1,316.48,316.48,,21,0,1.17,-1.057,-0.772,0.375,1.969,At Risk,0.16,0.638,Core,0
12530,At Risk,Germany,60,9,3381.26,375.7,32.5,93,582,-0.217,0.935,0.939,1.02,1.174,Champions,0.465,0.157,Borderline,1
12531,New Customers,Germany,15,2,1771.2,885.6,,125,671,-1.076,-0.555,0.471,0.78,1.693,At Risk,0.315,0.376,Settled,0
12532,New Customers,France,30,1,313.83,313.83,,15,0,-0.651,-1.057,-0.778,0.952,1.546,Hibernating,0.381,0.277,Settled,0
12533,Hibernating,Germany,628,2,1223.89,611.94,,62,110,1.281,-0.555,0.204,1.217,1.249,At Risk,0.494,0.051,Borderline,1
12534,Hibernating,Germany,131,1,981.18,981.18,,62,0,0.279,-1.057,0.045,1.138,1.407,At Risk,0.447,0.173,Borderline,1
12535,New Customers,France,92,2,716.35,358.17,,28,94,0.054,-0.555,-0.183,0.976,1.099,At Risk,0.47,0.057,Borderline,1
12536,At Risk,France,59,1,4279.71,4279.71,,259,0,-0.227,-1.057,1.109,1.629,1.683,New Customers,0.492,0.037,Borderline,1
12537,Hibernating,Sweden,409,1,612.94,612.94,,42,0,1.006,-1.057,-0.295,0.651,1.651,At Risk,0.283,0.492,Settled,0
12538,New Customers,Spain,29,2,640.45,320.23,,33,349,-0.672,-0.555,-0.263,0.33,1.527,At Risk,0.178,0.47,Settled,0
12539,Champions,Spain,22,7,11186.75,1598.11,104.1,275,694,-0.843,0.659,1.804,1.029,1.88,At Risk,0.354,0.278,Settled,0
12540,Champions,Spain,20,32,19250.49,601.58,14.5,353,712,-0.901,2.414,2.196,1.235,3.047,At Risk,0.288,0.476,Settled,0
12541,New Customers,Spain,30,3,841.18,280.39,18.5,45,251,-0.651,-0.199,-0.067,0.314,1.255,At Risk,0.2,0.393,Settled,0
12542,Hibernating,Spain,484,2,481.88,240.94,,39,156,1.114,-0.555,-0.469,0.582,1.433,At Risk,0.289,0.454,Settled,0
12543,Hibernating,Spain,448,1,840.25,840.25,,42,0,1.064,-1.057,-0.067,0.878,1.588,At Risk,0.356,0.382,Settled,0
12544,New Customers,Spain,36,1,316.7,316.7,,18,0,-0.538,-1.057,-0.771,0.983,1.434,Hibernating,0.407,0.22,Borderline,1
12545,New Customers,Spain,75,2,832.39,416.2,,41,184,-0.076,-0.555,-0.074,0.867,1.091,At Risk,0.443,0.119,Borderline,1
12546,New Customers,Spain,47,2,1021.5,510.75,,58,31,-0.371,-0.555,0.074,0.656,1.193,At Risk,0.355,0.264,Settled,0
12547,Hibernating,Spain,198,3,299.58,99.86,68.5,12,302,0.542,-0.199,-0.811,0.748,1.346,At Risk,0.357,0.322,Settled,0
12548,Hibernating,Spain,166,1,67.2,67.2,,4,0,0.43,-1.057,-1.884,1.096,2.234,New Customers,0.329,0.456,Settled,0
12549,At Risk,USA,576,5,1570.68,314.14,42.9,37,121,1.225,0.303,0.385,0.836,1.77,Hibernating,0.321,0.406,Settled,0
12550,New Customers,Spain,79,1,824.83,824.83,,56,0,-0.043,-1.057,-0.081,1.143,1.249,Hibernating,0.478,0.027,Borderline,1
12551,Hibernating,Spain,358,1,168.0,168.0,,10,0,0.921,-1.057,-1.228,0.382,2.192,New Customers,0.148,0.665,Core,0
12552,New Customers,Italy,40,1,317.82,317.82,,19,0,-0.472,-1.057,-0.769,1.007,1.37,Hibernating,0.424,0.18,Borderline,1
12553,Champions,France,8,12,4104.75,342.06,14.5,108,415,-1.445,1.26,1.079,0.502,2.124,New Customers,0.191,0.499,Settled,0
12554,Hibernating,Spain,449,1,384.5,384.5,,25,0,1.066,-1.057,-0.632,0.384,1.846,At Risk,0.172,0.614,Core,0
12556,New Customers,Spain,50,2,603.71,301.86,,100,100,-0.332,-0.555,-0.306,0.613,1.336,At Risk,0.315,0.344,Settled,0
12557,Champions,Spain,16,8,18716.14,2339.52,44.0,15,706,-1.037,0.805,2.176,1.104,2.31,At Risk,0.323,0.359,Settled,0
12558,New Customers,USA,8,1,269.96,269.96,,11,0,-1.445,-1.057,-0.886,1.135,2.331,Hibernating,0.327,0.425,Settled,0
12559,Hibernating,Germany,311,2,525.71,262.86,,20,8,0.831,-0.555,-0.406,0.586,1.27,At Risk,0.316,0.395,Settled,0
12560,New Customers,Germany,5,2,1918.01,959.0,,90,137,-1.705,-0.555,0.529,1.152,2.262,At Risk,0.337,0.402,Settled,0
12561,Hibernating,Germany,303,1,238.85,238.85,,16,0,0.814,-1.057,-0.975,0.218,1.995,At Risk,0.098,0.655,Core,0
12562,Champions,France,8,9,4426.92,491.88,52.0,112,427,-1.445,0.935,1.133,0.715,1.936,New Customers,0.27,0.416,Settled,0
12563,Hibernating,Italy,409,1,221.24,221.24,,12,0,1.006,-1.057,-1.03,0.266,2.082,At Risk,0.113,0.67,Core,0
12564,Hibernating,France,261,1,402.9,402.9,,20,0,0.719,-1.057,-0.598,0.395,1.728,At Risk,0.186,0.575,Core,0
12565,Hibernating,Saudi Arabia,289,1,145.92,145.92,,9,0,0.784,-1.057,-1.329,0.478,2.13,New Customers,0.183,0.632,Core,0
12566,Hibernating,Germany,86,1,297.65,297.65,,18,0,0.011,-1.057,-0.816,0.892,1.304,New Customers,0.406,0.243,Borderline,1
12567,Champions,France,23,15,12467.86,831.19,36.0,364,644,-0.815,1.517,1.882,0.615,2.249,At Risk,0.215,0.473,Settled,0
12568,Hibernating,Germany,645,1,52.0,52.0,,4,0,1.298,-1.057,-2.066,1.253,2.944,New Customers,0.299,0.543,Core,0
12569,Champions,Germany,2,32,3152.69,98.52,9.0,91,250,-2.15,2.414,0.888,1.421,3.205,New Customers,0.307,0.459,Settled,0
12571,New Customers,France,40,2,519.61,259.8,,31,81,-0.472,-0.555,-0.414,0.514,1.467,Hibernating,0.26,0.409,Settled,0
12572,New Customers,Germany,9,2,912.42,456.21,,52,43,-1.377,-0.555,-0.008,0.598,2.009,At Risk,0.229,0.507,Core,0
12573,At Risk,France,227,5,717.41,143.48,56.8,107,237,0.629,0.303,-0.181,0.66,1.392,Hibernating,0.322,0.357,Settled,0
12574,Hibernating,France,316,1,182.45,182.45,,10,0,0.841,-1.057,-1.168,0.332,2.1,New Customers,0.137,0.658,Core,0
12575,Hibernating,France,457,2,568.82,284.41,,33,69,1.077,-0.555,-0.349,0.664,1.341,At Risk,0.331,0.393,Settled,0
12576,At Risk,Poland,36,8,2062.72,257.84,11.7,113,490,-0.538,0.805,0.581,1.072,1.222,Champions,0.467,0.142,Borderline,1
12577,At Risk,France,35,8,1649.8,206.22,142.9,258,700,-0.555,0.805,0.42,1.077,1.322,Champions,0.449,0.165,Borderline,1
12578,New Customers,Italy,21,4,4026.45,1006.61,119.0,148,422,-0.871,0.077,1.065,1.364,1.427,At Risk,0.489,0.021,Borderline,1
12579,Hibernating,France,78,1,386.42,386.42,,28,0,-0.051,-1.057,-0.628,0.987,1.189,New Customers,0.454,0.139,Borderline,1
12580,At Risk,Germany,247,2,962.9,481.45,,51,329,0.683,-0.555,0.031,0.981,1.002,Hibernating,0.495,-0.028,Borderline,1
12581,New Customers,Germany,40,1,179.71,179.71,,14,0,-0.472,-1.057,-1.179,1.27,1.391,Hibernating,0.477,0.056,Borderline,1
12582,At Risk,Finland,239,4,1820.4,455.1,45.4,87,338,0.662,0.077,0.491,0.35,1.694,Hibernating,0.171,0.525,Core,0
12583,Champions,France,3,27,13295.44,492.42,17.9,140,730,-1.966,2.21,1.929,1.213,3.387,At Risk,0.264,0.535,Core,0
12584,Champions,Italy,4,9,2254.15,250.46,26.6,43,276,-1.822,0.935,0.646,1.159,1.79,New Customers,0.393,0.232,Borderline,1
12585,At Risk,Germany,234,2,1824.1,912.05,,76,117,0.649,-0.555,0.493,0.886,1.447,Hibernating,0.38,0.26,Settled,0
12586,New Customers,Italy,17,4,2062.67,515.67,139.5,82,706,-1.0,0.077,0.581,0.917,1.415,At Risk,0.393,0.243,Borderline,1
12587,New Customers,Finland,8,1,104.0,104.0,,3,0,-1.445,-1.057,-1.572,1.625,2.425,Hibernating,0.401,0.287,Settled,0
12588,New Customers,Finland,39,3,718.78,239.59,81.0,30,558,-0.488,-0.199,-0.18,0.419,1.178,At Risk,0.262,0.341,Settled,0
12589,At Risk,France,29,6,3294.91,549.15,105.5,119,660,-0.672,0.494,0.92,1.187,1.222,Champions,0.493,0.078,Borderline,1
12590,At Risk,Germany,211,1,9341.26,9341.26,,67,0,0.583,-1.057,1.673,1.841,2.53,New Customers,0.421,0.247,Borderline,1
12591,At Risk,Italy,317,3,1128.15,376.05,27.5,62,91,0.843,-0.199,0.145,0.726,1.241,Hibernating,0.369,0.268,Settled,0
12592,At Risk,Germany,92,4,1723.64,430.91,125.8,40,427,0.054,0.077,0.452,0.399,1.232,New Customers,0.245,0.4,Settled,0
12593,Hibernating,France,109,3,382.1,127.37,34.0,13,110,0.162,-0.199,-0.636,1.011,1.126,New Customers,0.473,0.103,Borderline,1
12594,Champions,Italy,38,14,4890.11,349.29,27.5,77,608,-0.504,1.437,1.205,0.655,1.647,At Risk,0.285,0.339,Settled,0
12595,Hibernating,Germany,505,1,281.02,281.02,,18,0,1.141,-1.057,-0.858,0.332,2.011,At Risk,0.142,0.653,Core,0
12596,New Customers,Spain,51,2,450.27,225.14,,24,190,-0.319,-0.555,-0.518,0.679,1.294,Hibernating,0.344,0.291,Settled,0
12597,New Customers,Spain,19,4,3195.22,798.8,49.8,183,248,-0.933,0.077,0.898,1.205,1.418,At Risk,0.459,0.101,Borderline,1
12598,Champions,France,10,10,4192.09,419.21,64.9,129,639,-1.316,1.053,1.094,0.581,1.955,New Customers,0.229,0.456,Settled,0
12599,Champions,France,29,13,2026.72,155.9,27.9,46,548,-0.672,1.352,0.569,0.931,1.509,At Risk,0.382,0.205,Borderline,1
12600,Champions,Germany,29,20,4444.35,222.22,22.8,51,703,-0.672,1.854,1.136,0.6,2.017,At Risk,0.229,0.434,Settled,0
12601,At Risk,Germany,190,6,573.26,95.54,19.3,23,214,0.516,0.494,-0.343,0.813,1.51,Hibernating,0.35,0.332,Settled,0
12602,Hibernating,France,59,1,153.12,153.12,,12,0,-0.227,-1.057,-1.294,1.188,1.451,New Customers,0.45,0.153,Borderline,1
12603,New Customers,Germany,22,1,613.2,613.2,,1,0,-0.843,-1.057,-0.295,0.755,1.835,Hibernating,0.291,0.425,Settled,0
12604,Hibernating,France,79,2,236.18,118.09,,14,182,-0.043,-0.555,-0.983,0.973,1.15,New Customers,0.458,0.128,Borderline,1
12605,At Risk,Germany,376,3,1124.95,374.98,6.0,62,81,0.952,-0.199,0.143,0.799,1.241,Hibernating,0.392,0.234,Borderline,1
12607,New Customers,USA,60,1,1579.51,1579.51,,101,0,-0.217,-1.057,0.389,1.19,1.479,At Risk,0.446,0.134,Borderline,1
12608,Hibernating,United Kingdom,405,1,415.79,415.79,,16,0,1.0,-1.057,-0.575,0.401,1.79,At Risk,0.183,0.598,Core,0
12609,At Risk,Germany,78,9,3021.86,335.76,27.5,128,641,-0.051,0.935,0.857,0.889,1.336,Champions,0.4,0.286,Settled,0
12610,New Customers,Italy,23,4,1747.54,436.88,18.7,84,103,-0.815,0.077,0.462,0.806,1.225,At Risk,0.397,0.212,Borderline,1
12611,New Customers,Italy,52,1,1193.32,1193.32,,65,0,-0.307,-1.057,0.186,1.043,1.537,At Risk,0.404,0.23,Borderline,1
12612,New Customers,Germany,74,1,668.04,668.04,,18,0,-0.084,-1.057,-0.233,1.1,1.188,Hibernating,0.481,0.02,Borderline,1
12613,Champions,Germany,57,9,6295.07,699.45,42.0,217,668,-0.249,0.935,1.388,1.071,1.318,At Risk,0.448,0.049,Borderline,1
12614,Hibernating,Germany,278,1,315.6,315.6,,20,0,0.759,-1.057,-0.774,0.262,1.846,At Risk,0.124,0.624,Core,0
12615,Champions,France,2,8,5362.98,670.37,75.3,197,629,-2.15,0.805,1.272,1.257,2.264,New Customers,0.357,0.325,Settled,0
12616,At Risk,France,95,3,1023.1,341.03,55.5,31,293,0.074,-0.199,0.075,0.684,1.019,New Customers,0.402,0.21,Borderline,1
12617,New Customers,France,29,1,355.53,355.53,,39,0,-0.672,-1.057,-0.688,0.899,1.576,Hibernating,0.363,0.308,Settled,0
12618,New Customers,Italy,22,1,137.31,137.31,,10,0,-0.843,-1.057,-1.373,1.357,1.794,Hibernating,0.431,0.196,Borderline,1
12619,Champions,Germany,16,9,3085.7,342.86,93.0,53,544,-1.037,0.935,0.873,0.779,1.627,At Risk,0.324,0.324,Settled,0
12620,New Customers,France,15,3,1303.41,434.47,29.0,88,189,-1.076,-0.199,0.25,0.539,1.557,At Risk,0.257,0.424,Settled,0
12621,Champions,Germany,2,35,22525.81,643.59,14.4,343,666,-2.15,2.521,2.31,1.706,3.867,At Risk,0.306,0.494,Settled,0
12622,Hibernating,Germany,232,1,162.1,162.1,,10,0,0.643,-1.057,-1.254,0.465,1.982,New Customers,0.19,0.604,Core,0
12623,At Risk,Germany,276,7,3315.84,473.69,33.1,111,420,0.754,0.659,0.925,0.714,2.127,Champions,0.251,0.541,Core,0
12624,Hibernating,France,106,2,569.13,284.56,,35,71,0.144,-0.555,-0.349,0.969,1.067,New Customers,0.476,0.1,Borderline,1
12625,At Risk,Germany,212,4,4678.88,1169.72,44.4,143,384,0.586,0.077,1.173,0.794,2.08,New Customers,0.276,0.492,Settled,0
12626,Champions,Germany,23,9,5954.48,661.61,45.2,231,303,-0.815,0.935,1.348,0.682,1.645,At Risk,0.293,0.336,Settled,0
12627,Champions,Germany,11,6,4082.53,680.42,15.8,161,129,-1.26,0.494,1.075,1.089,1.587,New Customers,0.407,0.188,Borderline,1
12628,New Customers,Germany,4,3,732.46,244.15,1.0,33,60,-1.822,-0.199,-0.166,0.944,2.345,At Risk,0.287,0.488,Settled,0
12629,At Risk,Sweden,386,2,1198.22,599.11,,39,37,0.969,-0.555,0.189,1.053,1.138,Hibernating,0.481,0.015,Borderline,1
12630,New Customers,Finland,10,2,1030.88,515.44,,59,34,-1.316,-0.555,0.08,0.592,1.937,At Risk,0.234,0.493,Settled,0
12631,At Risk,Finland,57,6,3321.57,553.59,140.1,130,635,-0.249,0.494,0.926,0.833,1.435,Champions,0.367,0.339,Settled,0
12632,Hibernating,Germany,521,2,714.88,357.44,,31,44,1.161,-0.555,-0.184,0.831,1.3,At Risk,0.39,0.298,Settled,0
12633,At Risk,Germany,59,7,5156.16,736.59,23.7,219,466,-0.227,0.659,1.244,1.084,1.268,Champions,0.461,0.163,Borderline,1
12634,Hibernating,USA,548,1,360.0,360.0,,19,0,1.193,-1.057,-0.679,0.434,1.923,At Risk,0.184,0.618,Core,0
12635,At Risk,Germany,90,4,2624.41,656.1,81.8,158,367,0.04,0.077,0.756,0.521,1.416,New Customers,0.269,0.417,Settled,0
12637,Champions,France,67,12,8142.31,678.53,32.4,294,476,-0.147,1.26,1.574,1.048,1.591,At Risk,0.397,0.176,Borderline,1
12638,New Customers,Sweden,33,2,681.49,340.74,,46,606,-0.592,-0.555,-0.219,0.388,1.451,At Risk,0.211,0.44,Settled,0
12639,At Risk,Sweden,239,3,1072.37,357.46,1.5,57,389,0.662,-0.199,0.109,0.647,1.228,Hibernating,0.345,0.296,Settled,0
12640,New Customers,France,24,3,994.58,331.53,28.0,46,57,-0.789,-0.199,0.054,0.332,1.333,At Risk,0.199,0.413,Settled,0
12641,Hibernating,Sweden,115,1,145.9,145.9,,9,0,0.196,-1.057,-1.329,0.827,1.708,New Customers,0.326,0.417,Settled,0
12642,New Customers,Germany,25,3,905.26,301.75,16.0,38,82,-0.764,-0.199,-0.014,0.282,1.332,At Risk,0.175,0.422,Settled,0
12643,At Risk,France,128,11,7849.42,713.58,36.2,13,482,0.264,1.161,1.548,1.42,1.46,Champions,0.493,0.087,Borderline,1
12644,At Risk,Germany,130,4,1900.49,475.12,118.8,105,564,0.274,0.077,0.522,0.258,1.443,New Customers,0.152,0.492,Settled,0
12645,Champions,Germany,34,8,3215.3,401.91,46.2,110,635,-0.573,0.805,0.902,1.028,1.189,At Risk,0.464,0.019,Borderline,1
12646,New Customers,USA,5,2,1346.97,673.48,,43,44,-1.705,-0.555,0.274,0.999,2.266,At Risk,0.306,0.451,Settled,0
12647,Champions,Germany,22,35,14916.35,426.18,18.6,239,672,-0.843,2.521,2.012,1.217,2.998,At Risk,0.289,0.472,Settled,0
12648,At Risk,Germany,155,4,1039.0,259.75,91.8,37,546,0.386,0.077,0.086,0.408,1.371,New Customers,0.229,0.455,Settled,0
12649,At Risk,Germany,107,8,2096.65,262.08,65.2,93,588,0.15,0.805,0.593,0.59,1.663,Champions,0.262,0.488,Settled,0
12650,New Customers,France,3,1,242.44,242.44,,19,0,-1.966,-1.057,-0.964,1.498,2.85,Hibernating,0.345,0.418,Settled,0
12651,Hibernating,France,335,4,377.75,94.44,12.7,30,130,0.878,0.077,-0.644,0.974,1.202,At Risk,0.448,0.143,Borderline,1
12652,Hibernating,France,331,2,891.03,445.52,,50,102,0.871,-0.555,-0.025,0.93,1.075,At Risk,0.464,0.132,Borderline,1
12653,At Risk,Israel,149,3,4160.83,1386.94,41.0,76,378,0.361,-0.199,1.089,0.818,1.829,New Customers,0.309,0.425,Settled,0
12654,New Customers,Germany,11,5,529.98,106.0,62.5,30,284,-1.26,0.303,-0.4,0.731,1.85,At Risk,0.283,0.436,Settled,0
12655,Hibernating,France,424,1,243.35,243.35,,15,0,1.029,-1.057,-0.961,0.254,2.042,At Risk,0.111,0.667,Core,0
12656,Champions,France,17,8,5723.83,715.48,49.7,173,545,-1.0,0.805,1.319,0.747,1.727,At Risk,0.302,0.345,Settled,0
12657,New Customers,France,11,4,1427.18,356.8,15.9,34,67,-1.26,0.077,0.315,0.773,1.669,At Risk,0.317,0.39,Settled,0
12658,New Customers,Germany,19,1,632.05,632.05,,35,0,-0.933,-1.057,-0.273,0.753,1.926,Hibernating,0.281,0.446,Settled,0
12659,New Customers,France,30,1,73.68,73.68,,4,0,-0.651,-1.057,-1.818,1.761,1.792,Hibernating,0.496,0.005,Borderline,1
12660,New Customers,France,11,1,227.1,227.1,,12,0,-1.26,-1.057,-1.011,1.137,2.149,Hibernating,0.346,0.385,Settled,0
12661,Hibernating,Sweden,436,1,162.0,162.0,,11,0,1.047,-1.057,-1.254,0.436,2.257,At Risk,0.162,0.666,Core,0
12662,Champions,Germany,1,20,6374.02,318.7,16.6,162,617,-2.41,1.854,1.397,1.316,3.11,New Customers,0.297,0.475,Settled,0
12663,Hibernating,Germany,625,2,185.4,92.7,,8,43,1.278,-0.555,-1.157,0.565,2.008,At Risk,0.22,0.579,Core,0
12664,Champions,Finland,8,11,5420.04,492.73,71.3,9,718,-1.445,1.161,1.28,0.495,2.187,New Customers,0.185,0.507,Core,0
12665,Hibernating,Germany,325,3,259.6,86.53,79.5,12,344,0.859,-0.199,-0.915,0.663,1.509,At Risk,0.305,0.415,Settled,0
12666,Hibernating,Israel,394,1,1248.42,1248.42,,31,0,0.982,-1.057,0.219,1.143,1.487,At Risk,0.435,0.216,Borderline,1
12667,New Customers,Finland,58,1,460.13,460.13,,32,0,-0.238,-1.057,-0.502,1.026,1.201,Hibernating,0.461,0.079,Borderline,1
12668,Champions,Germany,12,9,9967.68,1107.52,70.5,262,665,-1.209,0.935,1.72,0.709,2.152,At Risk,0.248,0.439,Settled,0
12669,At Risk,France,151,2,1427.73,713.86,,96,105,0.369,-0.555,0.316,0.854,1.355,Hibernating,0.387,0.239,Borderline,1
12670,Champions,France,10,7,3436.29,490.9,88.6,70,656,-1.316,0.659,0.95,0.986,1.594,New Customers,0.382,0.236,Borderline,1
12671,At Risk,Germany,606,1,2622.48,2622.48,,44,0,1.258,-1.057,0.755,1.634,1.712,Hibernating,0.488,0.011,Borderline,1
12672,Hibernating,France,330,2,407.05,203.52,,21,265,0.869,-0.555,-0.59,0.438,1.411,At Risk,0.237,0.489,Settled,0
12673,New Customers,Germany,5,3,1140.02,380.01,123.0,67,396,-1.705,-0.199,0.153,0.915,2.171,At Risk,0.296,0.464,Settled,0
12674,At Risk,France,39,4,1844.6,461.15,17.3,51,169,-0.488,0.077,0.501,0.906,0.928,New Customers,0.494,0.035,Borderline,1
12675,Hibernating,Italy,554,2,874.5,437.25,,110,24,1.2,-0.555,-0.038,0.972,1.262,At Risk,0.435,0.204,Borderline,1
12676,Champions,Sweden,25,10,2333.09,233.31,27.0,66,458,-0.764,1.053,0.671,0.917,1.404,At Risk,0.395,0.183,Borderline,1
12677,Hibernating,France,555,2,359.1,179.55,,12,111,1.202,-0.555,-0.681,0.498,1.617,At Risk,0.236,0.526,Core,0
12678,Champions,France,42,15,32595.18,2173.01,26.9,197,658,-0.441,1.517,2.577,1.403,2.606,At Risk,0.35,0.341,Settled,0
12679,At Risk,France,59,4,951.02,237.76,36.4,42,225,-0.227,0.077,0.022,0.773,0.809,New Customers,0.489,0.048,Borderline,1
12680,New Customers,France,1,4,790.81,197.7,25.2,32,112,-2.41,0.077,-0.111,1.575,2.433,Champions,0.393,0.321,Settled,0
12681,Champions,France,15,44,27898.28,634.05,14.4,458,711,-1.076,2.798,2.464,1.678,3.544,At Risk,0.321,0.452,Settled,0
12682,Champions,France,4,51,21693.91,425.37,11.0,326,735,-1.822,2.977,2.283,1.844,3.941,At Risk,0.319,0.475,Settled,0
12683,Champions,France,4,20,11400.78,570.04,33.7,235,722,-1.822,1.854,1.817,0.887,3.043,At Risk,0.226,0.552,Core,0
12684,New Customers,France,8,6,2073.63,345.6,33.9,59,205,-1.445,0.494,0.585,1.279,1.335,Champions,0.489,0.07,Borderline,1
12685,At Risk,France,28,6,2575.08,429.18,8.2,116,65,-0.694,0.494,0.742,1.146,1.284,New Customers,0.472,0.098,Borderline,1
12686,Hibernating,France,372,1,142.28,142.28,,6,0,0.945,-1.057,-1.347,0.49,2.268,New Customers,0.178,0.656,Core,0
12687,Hibernating,Sweden,481,1,1858.91,1858.91,,125,0,1.11,-1.057,0.506,1.441,1.529,At Risk,0.485,0.078,Borderline,1
12688,At Risk,Israel,114,1,4873.81,4873.81,,171,0,0.19,-1.057,1.203,1.564,1.955,New Customers,0.445,0.174,Borderline,1
12689,New Customers,France,26,2,1139.61,569.8,,56,101,-0.74,-0.555,0.153,0.491,1.439,At Risk,0.254,0.399,Settled,0
12690,Hibernating,France,206,1,335.01,335.01,,15,0,0.567,-1.057,-0.731,0.405,1.709,New Customers,0.191,0.565,Core,0
12691,New Customers,France,28,6,1044.4,174.07,51.8,23,392,-0.694,0.494,0.09,0.888,1.156,At Risk,0.434,0.132,Borderline,1
12692,Hibernating,France,637,1,110.95,110.95,,13,0,1.29,-1.057,-1.526,0.772,2.542,At Risk,0.233,0.624,Core,0
12693,At Risk,Germany,127,7,1415.02,202.15,11.9,62,395,0.259,0.659,0.309,0.411,1.598,New Customers,0.205,0.503,Core,0
12694,At Risk,France,70,3,1663.35,554.45,62.5,68,350,-0.119,-0.199,0.426,0.707,1.025,New Customers,0.408,0.194,Borderline,1
12695,New Customers,France,7,7,1371.12,195.87,95.0,45,658,-1.521,0.659,0.286,1.27,1.438,Champions,0.469,0.122,Borderline,1
12696,Hibernating,Finland,435,2,731.91,365.96,,42,74,1.046,-0.555,-0.167,0.815,1.227,At Risk,0.399,0.276,Settled,0
12697,New Customers,Sweden,29,3,757.59,252.53,32.5,36,140,-0.672,-0.199,-0.142,0.261,1.304,At Risk,0.167,0.418,Settled,0
12698,Hibernating,Germany,590,1,285.75,285.75,,15,0,1.241,-1.057,-0.846,0.417,2.043,At Risk,0.169,0.642,Core,0
12699,Hibernating,Germany,418,1,566.11,566.11,,40,0,1.02,-1.057,-0.352,0.601,1.682,At Risk,0.263,0.518,Core,0
12700,Champions,France,8,4,4525.99,1131.5,15.3,192,207,-1.445,0.077,1.149,1.508,1.549,New Customers,0.493,-0.024,Borderline,1
12701,At Risk,Germany,80,6,2248.41,374.73,104.0,117,553,-0.035,0.494,0.644,0.516,1.468,New Customers,0.26,0.448,Settled,0
12702,New Customers,Germany,20,1,201.0,201.0,,11,0,-0.901,-1.057,-1.099,1.138,1.8,Hibernating,0.387,0.29,Settled,0
12703,At Risk,Germany,71,4,898.53,224.63,253.7,55,613,-0.11,0.077,-0.019,0.708,0.896,New Customers,0.442,0.135,Borderline,1
12704,Champions,Finland,7,8,1740.84,217.6,14.5,63,162,-1.521,0.805,0.459,1.222,1.459,New Customers,0.456,0.076,Borderline,1
12705,Champions,Germany,15,13,11114.1,854.93,34.2,319,518,-1.076,1.352,1.799,0.484,2.268,At Risk,0.176,0.5,Core,0
12707,Hibernating,France,292,1,603.42,603.42,,33,0,0.79,-1.057,-0.306,0.634,1.588,At Risk,0.285,0.476,Settled,0
12708,Champions,Germany,30,18,4738.1,263.23,17.7,129,691,-0.651,1.73,1.183,0.547,1.929,At Risk,0.221,0.43,Settled,0
12709,Champions,Germany,15,32,30162.76,942.59,14.7,187,715,-1.076,2.414,2.521,1.458,3.319,At Risk,0.305,0.466,Settled,0
12710,At Risk,Germany,97,3,1023.02,341.01,12.5,74,104,0.088,-0.199,0.075,0.678,1.032,New Customers,0.397,0.219,Borderline,1
12711,Hibernating,Germany,612,2,1213.05,606.52,,55,65,1.264,-0.555,0.198,1.206,1.238,At Risk,0.493,0.052,Borderline,1
12712,Champions,Germany,29,21,6401.66,304.84,20.0,125,701,-0.672,1.912,1.4,0.595,2.166,At Risk,0.215,0.465,Settled,0
12713,New Customers,Germany,1,1,794.55,794.55,,37,0,-2.41,-1.057,-0.108,1.703,3.155,At Risk,0.351,0.415,Settled,0
12714,Champions,France,9,12,12815.71,1067.98,21.9,435,726,-1.377,1.26,1.902,0.66,2.495,At Risk,0.209,0.506,Core,0
12715,Hibernating,Sweden,106,1,273.86,273.86,,19,0,0.144,-1.057,-0.876,0.759,1.425,New Customers,0.348,0.354,Settled,0
12716,New Customers,France,4,2,963.49,481.74,,59,129,-1.822,-0.555,0.032,1.005,2.403,At Risk,0.295,0.477,Settled,0
12717,At Risk,Greece,151,3,1058.91,352.97,125.5,59,439,0.369,-0.199,0.1,0.593,1.305,Hibernating,0.312,0.346,Settled,0
12718,Hibernating,France,71,1,202.25,202.25,,18,0,-0.11,-1.057,-1.094,1.025,1.376,New Customers,0.427,0.205,Borderline,1
12719,New Customers,France,5,2,572.95,286.48,,33,59,-1.705,-0.555,-0.344,0.86,2.39,At Risk,0.265,0.514,Core,0
12720,Champions,Germany,3,29,7306.67,251.95,15.1,261,503,-1.966,2.296,1.496,1.134,3.271,At Risk,0.257,0.536,Core,0
12721,Champions,France,32,8,3635.08,454.38,22.8,182,440,-0.611,0.805,0.991,0.972,1.257,At Risk,0.436,0.083,Borderline,1
12722,At Risk,France,85,4,979.63,244.91,13.3,49,65,0.004,0.077,0.044,0.589,1.012,New Customers,0.368,0.251,Settled,0
12723,New Customers,France,4,5,707.07,141.41,20.1,52,61,-1.822,0.303,-0.192,1.116,2.097,Champions,0.347,0.393,Settled,0
12724,Champions,France,5,7,2083.52,297.65,43.0,93,530,-1.705,0.659,0.589,1.3,1.514,New Customers,0.462,0.062,Borderline,1
12725,At Risk,Italy,371,3,2278.56,759.52,63.5,91,213,0.944,-0.199,0.653,0.77,1.693,Hibernating,0.313,0.399,Settled,0
12726,Champions,France,28,11,3690.6,335.51,27.3,62,595,-0.694,1.161,1.002,0.679,1.503,At Risk,0.311,0.302,Settled,0
12727,Champions,France,11,10,4905.53,490.55,42.9,131,644,-1.26,1.053,1.208,0.523,1.977,At Risk,0.209,0.465,Settled,0
12728,At Risk,France,71,5,926.17,185.23,63.0,47,312,-0.11,0.303,0.003,0.661,1.018,New Customers,0.394,0.221,Borderline,1
12729,Hibernating,France,114,1,417.01,417.01,,25,0,0.19,-1.057,-0.573,0.787,1.355,New Customers,0.367,0.321,Settled,0
12730,Hibernating,Germany,522,1,703.25,703.25,,46,0,1.162,-1.057,-0.196,0.787,1.675,At Risk,0.32,0.447,Settled,0
12731,Champions,France,24,17,25631.71,1507.75,22.9,136,624,-0.789,1.663,2.403,1.109,2.675,At Risk,0.293,0.434,Settled,0
12732,Hibernating,France,180,1,218.26,218.26,,11,0,0.481,-1.057,-1.04,0.462,1.753,New Customers,0.209,0.554,Core,0
12733,At Risk,USA,234,4,2424.02,606.0,34.4,116,455,0.649,0.077,0.698,0.426,1.843,New Customers,0.188,0.541,Core,0
12734,Hibernating,France,353,3,603.65,201.22,2.0,16,39,0.912,-0.199,-0.306,0.892,1.029,At Risk,0.464,0.111,Borderline,1
12735,Hibernating,France,315,2,689.57,344.78,,37,21,0.839,-0.555,-0.21,0.758,1.153,At Risk,0.397,0.269,Settled,0
12736,Hibernating,France,333,1,144.0,144.0,,3,0,0.875,-1.057,-1.339,0.478,2.207,New Customers,0.178,0.647,Core,0
12738,Hibernating,Germany,372,1,274.7,274.7,,10,0,0.945,-1.057,-0.874,0.209,1.958,At Risk,0.097,0.657,Core,0
12739,At Risk,United Arab Emirates,99,2,2421.23,1210.62,,83,295,0.1,-0.555,0.697,0.932,1.387,New Customers,0.402,0.241,Borderline,1
12740,New Customers,France,64,1,427.6,427.6,,27,0,-0.176,-1.057,-0.555,1.081,1.126,Hibernating,0.49,0.004,Borderline,1
12741,Hibernating,USA,533,1,236.07,236.07,,15,0,1.176,-1.057,-0.983,0.366,2.107,At Risk,0.148,0.661,Core,0
12742,Hibernating,United Arab Emirates,626,1,1201.52,1201.52,,67,0,1.279,-1.057,0.191,1.181,1.632,At Risk,0.42,0.254,Settled,0
12743,Hibernating,Unspecified,134,2,546.43,273.22,,114,0,0.293,-0.555,-0.378,0.843,1.176,At Risk,0.417,0.218,Borderline,1
12744,Champions,Singapore,56,8,13158.16,1644.77,53.3,244,534,-0.26,0.805,1.921,1.273,1.703,At Risk,0.428,0.123,Borderline,1
12745,Hibernating,United Kingdom,487,2,723.85,361.92,,20,87,1.118,-0.555,-0.175,0.825,1.27,At Risk,0.394,0.289,Settled,0
12746,Hibernating,United Kingdom,541,1,254.55,254.55,,17,0,1.185,-1.057,-0.929,0.366,2.074,At Risk,0.15,0.657,Core,0
12747,Champions,United Kingdom,2,26,9276.54,356.79,17.1,85,730,-2.15,2.165,1.668,1.235,3.37,New Customers,0.268,0.53,Core,0
12748,Champions,United Kingdom,1,322,52194.26,162.09,3.7,2283,734,-2.41,5.238,2.917,4.214,6.204,At Risk,0.404,0.31,Settled,0
12749,Champions,United Kingdom,4,9,6847.36,760.82,61.1,259,517,-1.822,0.935,1.449,0.92,2.297,New Customers,0.286,0.427,Settled,0
12750,Hibernating,Poland,129,1,275.88,275.88,,15,0,0.269,-1.057,-0.871,0.64,1.515,New Customers,0.297,0.433,Settled,0
12751,Hibernating,Brazil,445,1,268.27,268.27,,61,0,1.06,-1.057,-0.891,0.268,2.005,At Risk,0.118,0.661,Core,0
12752,At Risk,Norway,81,1,4366.78,4366.78,,53,0,-0.027,-1.057,1.124,1.57,1.782,New Customers,0.468,0.106,Borderline,1
12753,Champions,Japan,23,6,21429.39,3571.56,38.7,132,339,-0.815,0.494,2.274,1.426,2.209,At Risk,0.392,0.233,Borderline,1
12754,At Risk,Japan,236,3,3010.74,1003.58,5.5,49,72,0.654,-0.199,0.855,0.697,1.891,Hibernating,0.269,0.468,Settled,0
12755,At Risk,Japan,281,11,9030.66,820.97,43.5,34,413,0.766,1.161,1.649,1.541,1.958,Champions,0.44,0.217,Borderline,1
12756,Hibernating,Japan,87,1,112.08,112.08,,4,0,0.018,-1.057,-1.518,1.075,1.735,New Customers,0.382,0.322,Settled,0
12757,Champions,Portugal,16,9,4199.2,466.58,24.0,235,195,-1.037,0.935,1.095,0.664,1.701,At Risk,0.281,0.372,Settled,0
12758,At Risk,Portugal,117,7,9903.24,1414.75,55.2,187,621,0.207,0.659,1.716,1.346,1.643,Champions,0.45,0.189,Borderline,1
12759,Champions,Netherlands,52,8,4618.74,577.34,40.2,205,683,-0.307,0.805,1.164,1.121,1.134,At Risk,0.497,-0.072,Borderline,1
12760,Hibernating,Netherlands,456,1,317.8,317.8,,20,0,1.076,-1.057,-0.769,0.309,1.932,At Risk,0.138,0.644,Core,0
12761,Hibernating,Netherlands,465,1,712.95,712.95,,25,0,1.088,-1.057,-0.186,0.772,1.639,At Risk,0.32,0.443,Settled,0
12762,New Customers,Portugal,8,2,1702.52,851.26,,61,17,-1.445,-0.555,0.443,0.919,2.021,At Risk,0.312,0.419,Settled,0
12763,At Risk,Japan,138,2,814.16,407.08,,16,230,0.312,-0.555,-0.09,0.998,1.036,Hibernating,0.49,-0.009,Borderline,1
12764,Hibernating,Lebanon,317,1,1693.88,1693.88,,45,0,0.843,-1.057,0.439,1.356,1.421,At Risk,0.488,0.07,Borderline,1
12765,At Risk,Netherlands,472,6,1299.58,216.6,14.0,48,169,1.098,0.494,0.248,0.759,1.791,Hibernating,0.298,0.44,Settled,0
12766,Champions,Portugal,4,9,9116.28,1012.92,26.4,252,403,-1.822,0.935,1.656,0.964,2.454,New Customers,0.282,0.441,Settled,0
12767,Hibernating,Korea,376,1,949.82,949.82,,43,0,0.952,-1.057,0.021,0.947,1.517,At Risk,0.384,0.325,Settled,0
12768,Hibernating,Korea,451,1,168.69,168.69,,10,0,1.069,-1.057,-1.225,0.423,2.242,At Risk,0.159,0.668,Core,0
12769,Hibernating,Brazil,239,1,1143.6,1143.6,,32,0,0.662,-1.057,0.155,1.097,1.402,At Risk,0.439,0.2,Borderline,1
12770,At Risk,Japan,211,2,3246.45,1623.22,,19,245,0.583,-0.555,0.909,0.989,1.861,Hibernating,0.347,0.354,Settled,0
12771,Hibernating,Portugal,486,1,226.3,226.3,,14,0,1.117,-1.057,-1.014,0.328,2.106,At Risk,0.135,0.667,Core,0
12772,New Customers,Portugal,60,1,752.47,752.47,,54,0,-0.217,-1.057,-0.147,1.012,1.344,Hibernating,0.43,0.151,Borderline,1
12773,Hibernating,Portugal,564,1,124.25,124.25,,6,0,1.212,-1.057,-1.444,0.666,2.453,At Risk,0.214,0.641,Core,0
12774,Hibernating,Netherlands,536,1,83.7,83.7,,5,0,1.179,-1.057,-1.727,0.9,2.653,New Customers,0.253,0.605,Core,0
12775,New Customers,Netherlands,17,7,1551.12,221.59,52.3,54,392,-1.0,0.659,0.376,1.152,1.324,Champions,0.465,0.124,Borderline,1
12776,Hibernating,Portugal,668,1,27.5,27.5,,3,0,1.32,-1.057,-2.515,1.683,3.256,New Customers,0.341,0.467,Settled,0
12777,Hibernating,United Kingdom,458,1,519.45,519.45,,26,0,1.079,-1.057,-0.415,0.563,1.734,At Risk,0.245,0.543,Core,0
12778,Champions,Netherlands,20,9,1541.68,171.3,42.4,76,583,-0.901,0.935,0.371,1.178,1.385,New Customers,0.46,0.072,Borderline,1
12779,Champions,Poland,38,14,6722.27,480.16,41.5,142,699,-0.504,1.437,1.435,0.642,1.766,At Risk,0.267,0.371,Settled,0
12780,Hibernating,Netherlands,599,1,322.4,322.4,,19,0,1.251,-1.057,-0.759,0.445,1.994,At Risk,0.183,0.627,Core,0
12781,New Customers,Czech Republic,64,2,786.74,393.37,,24,221,-0.176,-0.555,-0.115,0.765,1.156,At Risk,0.398,0.205,Borderline,1
12782,Champions,Portugal,5,11,3862.24,351.11,42.2,141,514,-1.705,1.161,1.035,0.757,2.111,New Customers,0.264,0.44,Settled,0
12783,New Customers,Portugal,2,4,1295.87,323.97,4.5,74,73,-2.15,0.077,0.246,1.407,2.098,Champions,0.401,0.296,Settled,0
12784,New Customers,Portugal,15,2,1552.75,776.38,,120,513,-1.076,-0.555,0.376,0.694,1.694,At Risk,0.291,0.405,Settled,0
12785,At Risk,Portugal,364,3,904.4,301.47,12.5,41,366,0.931,-0.199,-0.014,0.856,1.11,Hibernating,0.435,0.137,Borderline,1
12786,Hibernating,Netherlands,610,1,668.5,668.5,,17,0,1.262,-1.057,-0.232,0.797,1.737,At Risk,0.315,0.459,Settled,0
12787,New Customers,Netherlands,10,4,799.18,199.8,61.5,29,403,-1.316,0.077,-0.104,0.591,1.802,At Risk,0.247,0.473,Settled,0
12788,Hibernating,Netherlands,463,4,384.9,96.22,12.5,19,65,1.086,0.077,-0.631,0.999,1.289,At Risk,0.437,0.173,Borderline,1
12789,New Customers,Netherlands,65,3,225.35,75.12,133.0,4,628,-0.166,-0.199,-1.017,1.063,1.241,Hibernating,0.461,0.071,Borderline,1
12790,Hibernating,Netherlands,192,2,546.85,273.42,,35,218,0.523,-0.555,-0.377,0.704,1.179,At Risk,0.374,0.296,Settled,0
12791,At Risk,Netherlands,374,5,834.43,166.89,84.3,15,250,0.949,0.303,-0.072,0.754,1.432,Hibernating,0.345,0.337,Settled,0
12792,Hibernating,Portugal,257,2,715.01,357.5,,38,278,0.709,-0.555,-0.184,0.799,1.094,At Risk,0.422,0.215,Borderline,1
12793,At Risk,Portugal,335,3,849.33,283.11,3.5,33,66,0.878,-0.199,-0.06,0.849,1.072,Hibernating,0.442,0.119,Borderline,1
12794,New Customers,Portugal,53,2,860.41,430.2,,43,45,-0.295,-0.555,-0.05,0.672,1.191,At Risk,0.361,0.261,Settled,0
12795,New Customers,Portugal,19,1,318.48,318.48,,13,0,-0.933,-1.057,-0.767,0.917,1.825,Hibernating,0.334,0.377,Settled,0
12796,Hibernating,Netherlands,628,1,351.0,351.0,,6,0,1.281,-1.057,-0.697,0.493,1.972,At Risk,0.2,0.612,Core,0
12797,Hibernating,Portugal,366,2,694.11,347.06,,26,58,0.935,-0.555,-0.205,0.764,1.191,At Risk,0.391,0.286,Settled,0
12798,Champions,Japan,10,4,8510.93,2127.73,88.9,27,411,-1.316,0.077,1.606,1.494,1.937,New Customers,0.435,0.14,Borderline,1
12799,Hibernating,Japan,529,1,219.35,219.35,,15,0,1.171,-1.057,-1.036,0.377,2.141,At Risk,0.15,0.664,Core,0
12800,Hibernating,Portugal,470,2,500.25,250.12,,30,206,1.095,-0.555,-0.442,0.595,1.406,At Risk,0.297,0.441,Settled,0
12801,Hibernating,Sweden,501,1,871.82,871.82,,49,0,1.136,-1.057,-0.041,0.921,1.611,At Risk,0.364,0.37,Settled,0
12802,At Risk,Netherlands,187,5,2186.42,437.28,96.2,106,377,0.506,0.303,0.624,0.222,1.751,New Customers,0.113,0.567,Core,0
12803,Hibernating,Netherlands,393,1,1017.81,1017.81,,54,0,0.981,-1.057,0.071,0.999,1.515,At Risk,0.397,0.3,Settled,0
12804,Hibernating,Netherlands,466,2,327.02,163.51,,60,34,1.09,-0.555,-0.748,0.404,1.613,At Risk,0.2,0.549,Core,0
12805,At Risk,Netherlands,382,4,1230.95,307.74,22.5,43,293,0.962,0.077,0.208,0.65,1.457,Hibernating,0.309,0.388,Settled,0
12806,At Risk,Netherlands,572,2,2558.96,1279.48,,56,16,1.221,-0.555,0.737,1.223,1.703,Hibernating,0.418,0.208,Borderline,1
12807,Hibernating,Sweden,383,1,250.35,250.35,,15,0,0.964,-1.057,-0.941,0.217,2.008,At Risk,0.098,0.665,Core,0
12808,New Customers,Portugal,37,5,850.1,170.02,62.5,45,425,-0.521,0.303,-0.059,0.735,1.036,At Risk,0.415,0.145,Borderline,1
12809,At Risk,Portugal,178,3,1384.34,461.45,153.0,74,469,0.474,-0.199,0.293,0.516,1.425,Hibernating,0.266,0.411,Settled,0
12810,Hibernating,Japan,535,2,534.99,267.5,,32,142,1.178,-0.555,-0.393,0.666,1.421,At Risk,0.319,0.417,Settled,0
12811,At Risk,Portugal,262,4,893.9,223.48,29.3,46,165,0.721,0.077,-0.023,0.602,1.296,Hibernating,0.317,0.348,Settled,0
12812,New Customers,Japan,45,1,229.64,229.64,,15,0,-0.398,-1.057,-1.003,1.175,1.294,Hibernating,0.476,0.055,Borderline,1
12813,At Risk,Netherlands,502,3,1621.8,540.6,19.0,36,191,1.137,-0.199,0.408,0.893,1.491,Hibernating,0.375,0.289,Settled,0
12814,Hibernating,Poland,102,1,85.92,85.92,,1,0,0.119,-1.057,-1.709,1.123,1.93,New Customers,0.368,0.364,Settled,0
12815,At Risk,Poland,148,2,863.46,431.73,,37,50,0.356,-0.555,-0.048,0.973,1.047,Hibernating,0.482,0.012,Borderline,1
12816,Hibernating,Poland,96,2,452.2,226.1,,26,80,0.081,-0.555,-0.515,0.937,1.037,New Customers,0.475,0.096,Borderline,1
12817,Hibernating,Austria,281,3,570.98,190.33,41.5,15,153,0.766,-0.199,-0.346,0.872,0.994,At Risk,0.467,0.101,Borderline,1
12818,Hibernating,Austria,262,1,1182.08,1182.08,,13,0,0.721,-1.057,0.179,1.11,1.41,At Risk,0.441,0.197,Borderline,1
12819,Hibernating,United Kingdom,458,1,540.52,540.52,,19,0,1.079,-1.057,-0.386,0.588,1.721,At Risk,0.255,0.532,Core,0
12820,Champions,United Kingdom,3,11,2689.52,244.5,64.1,131,731,-1.966,1.161,0.773,1.084,2.085,New Customers,0.342,0.342,Settled,0
12821,Hibernating,United Kingdom,214,2,220.8,110.4,,13,397,0.592,-0.555,-1.031,0.438,1.695,New Customers,0.205,0.54,Core,0
12822,New Customers,United Kingdom,71,2,948.88,474.44,,41,16,-0.11,-0.555,0.02,0.858,1.066,At Risk,0.446,0.108,Borderline,1
12823,Champions,United Kingdom,75,18,6501.5,361.19,34.3,1,604,-0.076,1.73,1.411,1.076,1.802,At Risk,0.374,0.239,Borderline,1
12824,New Customers,United Kingdom,60,1,397.12,397.12,,25,0,-0.217,-1.057,-0.608,1.071,1.15,Hibernating,0.482,0.025,Borderline,1
12825,Hibernating,United Kingdom,521,2,518.63,259.32,,20,120,1.161,-0.555,-0.416,0.642,1.425,At Risk,0.311,0.428,Settled,0
12826,Champions,United Kingdom,3,12,2955.75,246.31,59.1,93,718,-1.966,1.26,0.841,1.017,2.189,New Customers,0.317,0.386,Settled,0
12827,New Customers,United Kingdom,6,3,430.15,143.38,7.5,19,38,-1.606,-0.199,-0.551,0.788,2.28,At Risk,0.257,0.512,Core,0
12828,New Customers,United Kingdom,3,6,1018.71,169.78,18.8,46,127,-1.966,0.494,0.072,1.378,1.853,Champions,0.427,0.232,Borderline,1
12829,Hibernating,United Kingdom,337,3,385.3,128.43,83.0,17,213,0.882,-0.199,-0.63,0.717,1.27,At Risk,0.361,0.317,Settled,0
12830,Champions,United Kingdom,38,6,6814.64,1135.77,19.4,13,134,-0.504,0.494,1.445,1.223,1.366,At Risk,0.472,0.002,Borderline,1
12831,Hibernating,United Kingdom,262,3,451.11,150.37,100.5,16,200,0.721,-0.199,-0.516,0.783,1.119,At Risk,0.412,0.217,Borderline,1
12832,New Customers,United Kingdom,32,2,383.03,191.52,,27,65,-0.611,-0.555,-0.634,0.54,1.543,Hibernating,0.259,0.421,Settled,0
12833,Hibernating,United Kingdom,145,1,417.38,417.38,,24,0,0.343,-1.057,-0.572,0.658,1.48,New Customers,0.308,0.422,Settled,0
12834,Hibernating,United Kingdom,283,1,312.38,312.38,,18,0,0.77,-1.057,-0.781,0.254,1.854,At Risk,0.12,0.627,Core,0
12835,Champions,United Kingdom,428,41,6043.31,147.4,5.3,138,308,1.035,2.712,1.358,2.466,2.672,At Risk,0.48,0.034,Borderline,1
12836,Champions,United Kingdom,59,15,6585.62,439.04,25.3,280,679,-0.227,1.517,1.421,0.908,1.692,At Risk,0.349,0.266,Settled,0
12837,Hibernating,United Kingdom,173,2,688.41,344.2,,83,396,0.456,-0.555,-0.211,0.866,1.065,At Risk,0.448,0.156,Borderline,1
12838,Champions,United Kingdom,34,10,3398.48,339.85,100.8,230,559,-0.573,1.053,0.942,0.849,1.331,At Risk,0.389,0.173,Borderline,1
12839,Champions,United Kingdom,3,26,10071.73,387.37,21.0,156,730,-1.966,2.165,1.728,1.106,3.278,At Risk,0.252,0.543,Core,0
12840,At Risk,United Kingdom,144,7,4041.97,577.42,68.8,109,530,0.339,0.659,1.068,0.735,1.739,Champions,0.297,0.455,Settled,0
12841,Champions,United Kingdom,5,40,7540.68,188.52,8.4,307,514,-1.705,2.682,1.519,1.289,3.361,At Risk,0.277,0.512,Core,0
12842,At Risk,United Kingdom,70,4,1917.99,479.5,97.4,45,667,-0.119,0.077,0.529,0.561,1.155,New Customers,0.327,0.318,Settled,0
12843,Champions,United Kingdom,66,28,6466.92,230.96,29.0,127,661,-0.157,2.254,1.407,1.212,2.259,At Risk,0.349,0.321,Settled,0
12844,New Customers,United Kingdom,29,4,648.6,162.15,90.0,88,564,-0.672,0.077,-0.254,0.44,1.284,At Risk,0.255,0.365,Settled,0
12845,Hibernating,United Kingdom,267,4,354.09,88.52,8.7,26,22,0.733,0.077,-0.691,0.973,1.195,At Risk,0.449,0.138,Borderline,1
12847,New Customers,United Kingdom,22,2,1636.9,818.45,,100,365,-0.843,-0.555,0.414,0.705,1.496,At Risk,0.32,0.343,Settled,0
12848,Hibernating,United Kingdom,676,1,208.0,208.0,,16,0,1.328,-1.057,-1.074,0.52,2.229,At Risk,0.189,0.645,Core,0
12849,At Risk,United Kingdom,31,6,3064.07,510.68,81.6,122,559,-0.631,0.494,0.868,1.128,1.258,Champions,0.473,0.126,Borderline,1
12850,Hibernating,United Kingdom,446,1,330.0,330.0,,2,0,1.062,-1.057,-0.742,0.313,1.91,At Risk,0.141,0.639,Core,0
12851,Hibernating,United Kingdom,97,2,284.13,142.06,,71,380,0.088,-0.555,-0.85,0.849,1.175,New Customers,0.419,0.21,Borderline,1
12852,Hibernating,United Kingdom,295,1,311.55,311.55,,17,0,0.797,-1.057,-0.783,0.243,1.861,At Risk,0.115,0.631,Core,0
12853,At Risk,United Kingdom,135,11,3907.5,355.23,48.1,111,537,0.298,1.161,1.043,1.067,1.513,Champions,0.414,0.271,Settled,0
12854,At Risk,United Kingdom,79,7,2994.02,427.72,76.1,188,649,-0.043,0.659,0.851,0.706,1.489,Champions,0.322,0.407,Settled,0
12855,At Risk,United Kingdom,373,4,650.94,162.74,9.1,65,29,0.947,0.077,-0.252,0.908,1.145,Hibernating,0.442,0.132,Borderline,1
12856,New Customers,United Kingdom,8,6,2179.93,363.32,3.2,155,55,-1.445,0.494,0.621,1.303,1.315,Champions,0.498,0.048,Borderline,1
12857,At Risk,United Kingdom,211,6,3688.0,614.67,24.1,71,472,0.583,0.494,1.001,0.633,2.04,Champions,0.237,0.545,Core,0
12858,Hibernating,United Kingdom,383,1,177.92,177.92,,36,0,0.964,-1.057,-1.187,0.355,2.184,At Risk,0.14,0.669,Core,0
12859,Hibernating,United Kingdom,459,1,575.1,575.1,,21,0,1.08,-1.057,-0.341,0.628,1.7,At Risk,0.27,0.514,Core,0
12860,Hibernating,United Kingdom,693,1,55.47,55.47,,16,0,1.344,-1.057,-2.02,1.227,2.95,New Customers,0.294,0.551,Core,0
12861,Hibernating,United Kingdom,620,1,68.25,68.25,,4,0,1.273,-1.057,-1.873,1.066,2.808,New Customers,0.275,0.578,Core,0
12862,Hibernating,United Kingdom,426,2,1008.32,504.16,,119,69,1.032,-0.555,0.064,1.026,1.124,At Risk,0.477,0.1,Borderline,1
12863,At Risk,United Kingdom,52,6,2792.55,465.42,118.8,24,537,-0.307,0.494,0.8,0.814,1.438,New Customers,0.362,0.332,Settled,0
12864,Hibernating,United Kingdom,138,2,299.57,149.78,,5,369,0.312,-0.555,-0.811,0.65,1.351,New Customers,0.325,0.379,Settled,0
12865,New Customers,Austria,26,4,3323.47,830.87,74.2,156,450,-0.74,0.077,0.926,1.24,1.251,At Risk,0.498,-0.01,Borderline,1
12866,At Risk,Belgium,283,3,1092.35,364.12,81.5,57,219,0.77,-0.199,0.122,0.693,1.225,Hibernating,0.361,0.276,Settled,0
12867,Champions,United Kingdom,26,13,7913.29,608.71,14.7,365,696,-0.74,1.352,1.553,0.478,1.913,At Risk,0.2,0.441,Settled,0
12868,At Risk,United Kingdom,186,8,2247.06,280.88,16.7,86,207,0.502,0.805,0.643,0.567,1.929,Champions,0.227,0.546,Core,0
12869,Hibernating,United Kingdom,682,1,337.67,337.67,,35,0,1.334,-1.057,-0.725,0.527,2.012,At Risk,0.208,0.609,Core,0
12870,At Risk,United Kingdom,375,3,1676.95,558.98,22.5,85,248,0.951,-0.199,0.432,0.743,1.492,Hibernating,0.333,0.352,Settled,0
12871,At Risk,United Kingdom,84,3,744.02,248.01,54.5,13,355,-0.004,-0.199,-0.155,0.861,0.895,New Customers,0.49,0.044,Borderline,1
12872,At Risk,United Kingdom,327,12,3685.49,307.12,14.4,217,409,0.863,1.26,1.001,1.219,2.047,Champions,0.373,0.365,Settled,0
12873,At Risk,United Kingdom,282,3,2027.3,675.77,84.5,33,399,0.768,-0.199,0.569,0.632,1.618,Hibernating,0.281,0.426,Settled,0
12874,Hibernating,Belgium,385,2,873.42,436.71,,43,169,0.967,-0.555,-0.039,0.921,1.127,At Risk,0.449,0.167,Borderline,1
12875,At Risk,United Kingdom,143,5,1356.99,271.4,48.2,2,554,0.335,0.303,0.279,0.165,1.462,New Customers,0.102,0.515,Core,0
12876,At Risk,Belgium,58,4,3751.79,937.95,27.4,116,532,-0.238,0.077,1.014,0.882,1.466,New Customers,0.375,0.298,Settled,0
12877,Champions,United Kingdom,4,20,2955.17,147.76,19.7,149,687,-1.822,1.854,0.841,0.916,2.591,New Customers,0.261,0.481,Settled,0
12878,Hibernating,United Kingdom,236,2,854.99,427.5,,38,29,0.654,-0.555,-0.055,0.929,1.011,At Risk,0.479,0.093,Borderline,1
12879,New Customers,United Kingdom,45,3,573.22,191.07,13.5,7,47,-0.398,-0.199,-0.343,0.511,1.211,At Risk,0.297,0.324,Settled,0
12880,Hibernating,United Kingdom,382,2,640.13,320.06,,32,192,0.962,-0.555,-0.264,0.714,1.236,At Risk,0.366,0.33,Settled,0
12881,Hibernating,United Kingdom,276,1,298.0,298.0,,7,0,0.754,-1.057,-0.815,0.247,1.873,At Risk,0.116,0.63,Core,0
12882,New Customers,United Kingdom,9,2,1463.04,731.52,,12,24,-1.377,-0.555,0.333,0.797,1.962,At Risk,0.289,0.442,Settled,0
12883,New Customers,United Kingdom,25,4,703.47,175.87,30.6,39,64,-0.764,0.077,-0.196,0.405,1.332,At Risk,0.233,0.391,Settled,0
12884,Hibernating,United Kingdom,88,1,309.05,309.05,,7,0,0.026,-1.057,-0.789,0.881,1.303,New Customers,0.403,0.249,Borderline,1
12885,At Risk,United Kingdom,63,3,1175.22,391.74,30.0,66,60,-0.186,-0.199,0.175,0.799,0.824,New Customers,0.492,0.036,Borderline,1
12886,New Customers,United Kingdom,68,2,1378.4,689.2,,75,151,-0.138,-0.555,0.29,0.954,1.007,At Risk,0.486,0.015,Borderline,1
12887,Hibernating,United Kingdom,384,1,222.4,222.4,,13,0,0.966,-1.057,-1.026,0.248,2.068,At Risk,0.107,0.669,Core,0
12888,Hibernating,United Kingdom,214,2,354.12,177.06,,4,41,0.592,-0.555,-0.691,0.469,1.421,At Risk,0.248,0.469,Settled,0
12889,Hibernating,United Kingdom,381,4,385.46,96.36,5.6,25,121,0.961,0.077,-0.63,0.981,1.225,At Risk,0.445,0.151,Borderline,1
12890,New Customers,United Kingdom,24,2,717.27,358.64,,124,363,-0.789,-0.555,-0.182,0.275,1.577,At Risk,0.149,0.487,Settled,0
12891,At Risk,United Kingdom,186,11,840.5,76.41,44.6,2,473,0.502,1.161,-0.067,1.011,2.029,New Customers,0.333,0.417,Settled,0
12892,Hibernating,United Kingdom,397,1,263.38,263.38,,18,0,0.987,-1.057,-0.904,0.224,1.99,At Risk,0.101,0.662,Core,0
12893,New Customers,United Kingdom,31,1,188.14,188.14,,27,0,-0.631,-1.057,-1.146,1.202,1.54,Hibernating,0.438,0.164,Borderline,1
12894,Hibernating,United Kingdom,575,1,157.35,157.35,,21,0,1.224,-1.057,-1.275,0.545,2.33,At Risk,0.19,0.655,Core,0
12895,New Customers,United Kingdom,42,2,372.8,186.4,,22,44,-0.441,-0.555,-0.654,0.656,1.376,Hibernating,0.323,0.33,Settled,0
12897,At Risk,United Kingdom,205,4,514.25,128.56,35.3,10,339,0.564,0.077,-0.422,0.899,1.1,Hibernating,0.45,0.11,Borderline,1
12898,Hibernating,United Kingdom,464,2,310.96,155.48,,27,195,1.087,-0.555,-0.785,0.39,1.638,At Risk,0.192,0.557,Core,0
12899,Hibernating,United Kingdom,414,1,366.4,366.4,,17,0,1.014,-1.057,-0.666,0.336,1.848,At Risk,0.154,0.623,Core,0
12900,Hibernating,United Kingdom,422,1,340.33,340.33,,13,0,1.026,-1.057,-0.72,0.307,1.884,At Risk,0.14,0.635,Core,0
12901,Champions,United Kingdom,9,28,17654.54,630.52,8.1,30,261,-1.377,2.254,2.134,1.084,3.142,At Risk,0.257,0.525,Core,0
12902,Hibernating,United Kingdom,265,1,138.68,138.68,,10,0,0.728,-1.057,-1.366,0.524,2.106,New Customers,0.199,0.615,Core,0
12903,Hibernating,United Kingdom,429,1,833.53,833.53,,41,0,1.037,-1.057,-0.073,0.867,1.578,At Risk,0.355,0.384,Settled,0
12904,New Customers,United Kingdom,18,2,509.58,254.79,,59,154,-0.965,-0.555,-0.428,0.32,1.816,At Risk,0.15,0.532,Core,0
12905,Hibernating,United Kingdom,577,2,1018.42,509.21,,52,105,1.227,-0.555,0.072,1.079,1.243,At Risk,0.465,0.131,Borderline,1
12906,New Customers,United Kingdom,12,5,2919.81,583.96,29.0,55,66,-1.209,0.303,0.833,1.278,1.344,Champions,0.487,0.073,Borderline,1
12907,Hibernating,United Kingdom,396,2,508.91,254.46,,23,98,0.985,-0.555,-0.429,0.574,1.347,At Risk,0.299,0.43,Settled,0
12908,At Risk,United Kingdom,176,5,1776.0,355.2,26.7,1,453,0.467,0.303,0.473,0.087,1.649,New Customers,0.05,0.562,Core,0
12909,At Risk,United Kingdom,40,8,3103.19,387.9,54.7,120,614,-0.472,0.805,0.877,1.098,1.098,Champions,0.5,0.072,Borderline,1
12910,Champions,United Kingdom,23,13,5796.52,445.89,44.0,75,598,-0.815,1.352,1.328,0.37,1.839,At Risk,0.167,0.451,Settled,0
12911,Hibernating,United Kingdom,552,1,1680.47,1680.47,,220,0,1.198,-1.057,0.433,1.388,1.571,At Risk,0.469,0.125,Borderline,1
12912,New Customers,United Kingdom,3,5,1662.3,332.46,4.5,17,37,-1.966,0.303,0.426,1.407,1.757,Champions,0.445,0.19,Borderline,1
12913,Champions,United Kingdom,5,13,6700.86,515.45,75.3,52,733,-1.705,1.352,1.433,0.607,2.496,New Customers,0.196,0.531,Core,0
12914,Hibernating,United Kingdom,401,1,223.98,223.98,,9,0,0.993,-1.057,-1.021,0.256,2.072,At Risk,0.11,0.67,Core,0
12915,At Risk,United Kingdom,149,4,1174.75,293.69,54.9,46,440,0.361,0.077,0.175,0.337,1.372,New Customers,0.197,0.47,Settled,0
12916,At Risk,United Kingdom,139,7,4654.02,664.86,39.6,82,545,0.316,0.659,1.17,0.827,1.706,Champions,0.326,0.416,Settled,0
12917,At Risk,United Kingdom,128,6,4359.2,726.53,90.1,45,602,0.264,0.494,1.122,0.729,1.76,Champions,0.293,0.46,Settled,0
12919,New Customers,United Kingdom,8,6,1335.19,222.53,27.7,34,161,-1.445,0.494,0.267,1.1,1.541,Champions,0.417,0.241,Borderline,1
12920,New Customers,United Kingdom,17,4,488.09,122.02,233.5,59,707,-1.0,0.077,-0.459,0.454,1.667,At Risk,0.214,0.464,Settled,0
12921,Champions,United Kingdom,9,74,35921.04,485.42,12.1,322,729,-1.377,3.43,2.647,2.303,4.229,At Risk,0.353,0.415,Settled,0
12922,Hibernating,United Kingdom,161,1,405.38,405.38,,28,0,0.41,-1.057,-0.593,0.593,1.54,New Customers,0.278,0.465,Settled,0
12923,New Customers,United Kingdom,64,3,788.62,262.87,70.5,53,511,-0.176,-0.199,-0.113,0.732,0.927,At Risk,0.441,0.096,Borderline,1
12924,At Risk,United Kingdom,88,12,2461.45,205.12,36.8,55,642,0.026,1.26,0.709,1.073,1.356,Champions,0.442,0.211,Borderline,1
12925,New Customers,United Kingdom,5,3,729.33,243.11,224.0,46,588,-1.705,-0.199,-0.17,0.828,2.235,At Risk,0.27,0.498,Settled,0
12926,At Risk,United Kingdom,411,4,1548.08,387.02,79.8,201,314,1.009,0.077,0.374,0.657,1.59,Hibernating,0.292,0.422,Settled,0
12927,Hibernating,United Kingdom,395,1,197.31,197.31,,11,0,0.984,-1.057,-1.112,0.306,2.135,At Risk,0.125,0.671,Core,0
12928,Champions,United Kingdom,35,12,4304.89,358.74,40.5,94,514,-0.555,1.26,1.113,0.686,1.516,At Risk,0.312,0.296,Settled,0
12929,Hibernating,United Kingdom,312,1,117.85,117.85,,8,0,0.833,-1.057,-1.482,0.613,2.249,New Customers,0.214,0.619,Core,0
12930,New Customers,United Kingdom,78,2,415.8,207.9,,20,93,-0.051,-0.555,-0.575,0.934,1.031,Hibernating,0.475,0.027,Borderline,1
12931,Champions,United Kingdom,22,57,92347.34,1620.13,16.5,37,717,-0.843,3.112,3.33,2.541,4.227,At Risk,0.375,0.361,Settled,0
12932,At Risk,United Kingdom,539,8,1698.56,212.32,16.0,69,128,1.183,0.805,0.441,0.945,2.163,Hibernating,0.304,0.462,Settled,0
12933,Champions,United Kingdom,24,8,1687.03,210.88,86.9,227,704,-0.789,0.805,0.436,1.226,1.287,At Risk,0.488,-0.019,Borderline,1
12934,Hibernating,United Kingdom,737,1,181.65,181.65,,2,0,1.383,-1.057,-1.172,0.606,2.319,At Risk,0.207,0.636,Core,0
12935,Champions,United Kingdom,2,15,4243.86,282.92,32.1,113,605,-2.15,1.517,1.103,1.048,2.594,New Customers,0.288,0.455,Settled,0
12936,New Customers,United Kingdom,17,4,1063.9,265.98,26.0,56,61,-1.0,0.077,0.103,0.529,1.445,At Risk,0.268,0.401,Settled,0
12937,Champions,United Kingdom,15,9,3097.61,344.18,63.2,128,720,-1.076,0.935,0.875,0.773,1.662,At Risk,0.318,0.337,Settled,0
12938,New Customers,United Kingdom,26,1,114.14,114.14,,9,0,-0.74,-1.057,-1.505,1.476,1.737,Hibernating,0.459,0.119,Borderline,1
12939,Champions,United Kingdom,64,20,25264.8,1263.24,31.7,24,632,-0.176,1.854,2.393,1.446,2.57,At Risk,0.36,0.325,Settled,0
12940,New Customers,United Kingdom,55,2,913.54,456.77,,87,33,-0.272,-0.555,-0.007,0.706,1.161,At Risk,0.378,0.232,Borderline,1
12941,Hibernating,United Kingdom,724,1,377.49,377.49,,27,0,1.372,-1.057,-0.645,0.591,1.985,At Risk,0.229,0.585,Core,0
12942,At Risk,United Kingdom,131,3,942.65,314.22,51.0,68,234,0.279,-0.199,0.016,0.653,1.2,New Customers,0.352,0.312,Settled,0
12943,Hibernating,United Kingdom,558,2,496.5,248.25,,22,47,1.205,-0.555,-0.447,0.639,1.468,At Risk,0.303,0.441,Settled,0
12944,New Customers,United Kingdom,36,2,604.51,302.26,,29,319,-0.538,-0.555,-0.305,0.434,1.457,At Risk,0.23,0.433,Settled,0
12945,Hibernating,United Kingdom,288,2,900.11,450.06,,47,367,0.782,-0.555,-0.018,0.941,1.035,At Risk,0.476,0.101,Borderline,1
12946,Hibernating,United Kingdom,437,1,324.45,324.45,,20,0,1.049,-1.057,-0.754,0.3,1.913,At Risk,0.135,0.642,Core,0
12947,At Risk,United Kingdom,144,6,1908.03,318.01,32.6,83,229,0.339,0.494,0.525,0.229,1.654,New Customers,0.122,0.549,Core,0
12948,Champions,United Kingdom,16,9,2317.43,257.49,145.5,89,721,-1.037,0.935,0.666,0.922,1.546,New Customers,0.374,0.255,Settled,0
12949,Champions,United Kingdom,31,22,15526.7,705.76,36.7,347,705,-0.631,1.967,2.041,0.951,2.537,At Risk,0.273,0.453,Settled,0
12950,New Customers,United Kingdom,2,3,1843.0,614.33,5.0,13,21,-2.15,-0.199,0.5,1.469,2.188,Champions,0.402,0.295,Settled,0
12951,Champions,United Kingdom,9,15,3213.72,214.25,36.3,110,689,-1.377,1.517,0.902,0.516,2.203,At Risk,0.19,0.503,Core,0
12952,New Customers,United Kingdom,6,4,1387.79,346.95,17.2,64,72,-1.606,0.077,0.295,0.976,1.867,Champions,0.343,0.388,Settled,0
12953,New Customers,United Kingdom,10,2,828.81,414.4,,45,512,-1.316,-0.555,-0.077,0.523,1.972,At Risk,0.21,0.517,Core,0
12954,Hibernating,United Kingdom,639,1,162.45,162.45,,10,0,1.292,-1.057,-1.252,0.576,2.339,At Risk,0.198,0.648,Core,0
12955,Champions,United Kingdom,1,11,4757.16,432.47,15.2,81,266,-2.41,1.161,1.185,1.343,2.552,New Customers,0.345,0.367,Settled,0
12956,At Risk,United Kingdom,306,4,521.89,130.47,169.5,42,417,0.82,0.077,-0.411,0.972,1.061,Hibernating,0.478,0.044,Borderline,1
12957,Champions,United Kingdom,10,13,8706.97,669.77,55.2,402,718,-1.316,1.352,1.622,0.373,2.335,At Risk,0.138,0.532,Core,0
12958,Hibernating,United Kingdom,400,2,539.49,269.74,,45,182,0.992,-0.555,-0.387,0.611,1.323,At Risk,0.316,0.408,Settled,0
12959,Hibernating,United Kingdom,484,1,150.95,150.95,,8,0,1.114,-1.057,-1.305,0.506,2.315,At Risk,0.179,0.661,Core,0
12960,At Risk,United Kingdom,414,4,1322.07,330.52,9.8,49,247,1.014,0.077,0.26,0.681,1.501,Hibernating,0.312,0.389,Settled,0
12961,Hibernating,United Kingdom,379,1,211.99,211.99,,37,0,0.957,-1.057,-1.061,0.264,2.09,At Risk,0.112,0.67,Core,0
12962,New Customers,United Kingdom,7,2,266.39,133.2,,15,106,-1.521,-0.555,-0.896,0.942,2.417,Hibernating,0.28,0.495,Settled,0
12963,Champions,United Kingdom,8,12,3601.59,300.13,77.0,129,510,-1.445,1.26,0.984,0.559,2.067,New Customers,0.213,0.479,Settled,0
12964,Hibernating,United Kingdom,437,1,132.24,132.24,,26,0,1.049,-1.057,-1.4,0.561,2.368,At Risk,0.191,0.654,Core,0
12965,Hibernating,United Kingdom,89,1,771.91,771.91,,108,0,0.033,-1.057,-0.129,1.162,1.194,New Customers,0.493,0.053,Borderline,1
12966,New Customers,United Kingdom,10,1,160.18,160.18,,10,0,-1.316,-1.057,-1.262,1.336,2.231,Hibernating,0.375,0.338,Settled,0
12967,At Risk,United Kingdom,358,3,4306.92,1435.64,0.5,47,25,0.921,-0.199,1.114,0.991,2.123,Hibernating,0.318,0.425,Settled,0
12968,Hibernating,United Kingdom,112,1,135.95,135.95,,5,0,0.179,-1.057,-1.38,0.868,1.73,New Customers,0.334,0.407,Settled,0
12969,Hibernating,United Kingdom,603,1,122.45,122.45,,5,0,1.255,-1.057,-1.455,0.697,2.476,At Risk,0.22,0.636,Core,0
12970,Champions,United Kingdom,7,10,1523.91,152.39,134.8,279,728,-1.521,1.053,0.363,1.171,1.617,New Customers,0.42,0.164,Borderline,1
12971,Champions,United Kingdom,4,116,15972.79,137.7,7.9,102,720,-1.822,3.981,2.061,2.634,4.601,At Risk,0.364,0.395,Settled,0
12972,At Risk,United Kingdom,414,4,1161.2,290.3,64.5,69,247,1.014,0.077,0.166,0.711,1.429,Hibernating,0.332,0.356,Settled,0
12973,Hibernating,United Kingdom,414,1,385.55,385.55,,6,0,1.014,-1.057,-0.63,0.363,1.826,At Risk,0.166,0.614,Core,0
12974,Hibernating,United Kingdom,198,2,408.95,204.48,,27,367,0.542,-0.555,-0.587,0.553,1.334,At Risk,0.293,0.415,Settled,0
12975,At Risk,United Kingdom,437,6,2100.09,350.02,81.5,92,296,1.049,0.494,0.594,0.707,2.027,Hibernating,0.259,0.507,Core,0
12976,At Risk,United Kingdom,212,8,3156.38,394.55,54.3,106,453,0.586,0.805,0.889,0.714,1.927,Champions,0.271,0.504,Core,0
12977,At Risk,United Kingdom,156,4,517.63,129.41,160.3,54,355,0.39,0.077,-0.417,0.877,1.164,Hibernating,0.43,0.155,Borderline,1
12978,At Risk,United Kingdom,385,5,2502.82,500.56,100.9,126,344,0.967,0.303,0.721,0.644,2.0,Hibernating,0.244,0.517,Core,0
12979,Hibernating,United Arab Emirates,729,1,517.7,517.7,,56,0,1.376,-1.057,-0.417,0.723,1.874,At Risk,0.279,0.519,Core,0
12980,Champions,United Kingdom,158,21,16245.78,773.61,14.9,7,579,0.398,1.912,2.073,1.732,2.306,At Risk,0.429,0.166,Borderline,1
12981,New Customers,United Kingdom,30,2,372.22,186.11,,12,103,-0.651,-0.555,-0.655,0.536,1.578,Hibernating,0.254,0.431,Settled,0
12982,At Risk,United Kingdom,243,8,2744.81,343.1,47.8,139,363,0.673,0.805,0.788,0.686,2.031,Champions,0.252,0.533,Core,0
12983,Hibernating,United Kingdom,598,1,490.08,490.08,,30,0,1.249,-1.057,-0.457,0.613,1.829,At Risk,0.251,0.548,Core,0
12984,New Customers,United Kingdom,19,1,97.5,97.5,,4,0,-0.933,-1.057,-1.618,1.567,1.956,Hibernating,0.445,0.164,Borderline,1
12985,New Customers,United Kingdom,1,2,1239.38,619.69,,73,27,-2.41,-0.555,0.213,1.609,2.706,Champions,0.373,0.367,Settled,0
12986,At Risk,United Kingdom,429,10,2729.84,272.98,28.6,61,259,1.037,1.053,0.784,1.06,2.296,Champions,0.316,0.473,Settled,0
12987,At Risk,United Kingdom,74,5,1312.21,262.44,56.4,61,615,-0.084,0.303,0.255,0.508,1.125,New Customers,0.311,0.332,Settled,0
12988,Hibernating,United Kingdom,292,1,535.32,535.32,,75,0,0.79,-1.057,-0.393,0.553,1.63,At Risk,0.253,0.514,Core,0
12989,Champions,United Kingdom,3,33,13551.75,410.66,18.3,50,726,-1.966,2.45,1.942,1.367,3.535,At Risk,0.279,0.523,Core,0
12990,New Customers,United Kingdom,31,7,955.5,136.5,41.4,9,588,-0.631,0.659,0.025,1.034,1.16,At Risk,0.471,0.049,Borderline,1
12991,New Customers,United Kingdom,23,3,764.82,254.94,94.0,45,366,-0.815,-0.199,-0.135,0.169,1.421,At Risk,0.106,0.462,Settled,0
12992,Hibernating,United Kingdom,725,1,93.35,93.35,,6,0,1.373,-1.057,-1.649,0.917,2.668,At Risk,0.256,0.6,Core,0
12993,New Customers,United Kingdom,23,8,1259.63,157.45,59.1,57,636,-0.815,0.805,0.225,1.208,1.328,At Risk,0.476,0.049,Borderline,1
12994,New Customers,United Kingdom,4,3,974.42,324.81,16.0,52,264,-1.822,-0.199,0.04,0.982,2.286,Champions,0.3,0.47,Settled,0
12995,Hibernating,United Kingdom,85,1,211.32,211.32,,3,0,0.004,-1.057,-1.063,0.909,1.425,New Customers,0.39,0.284,Settled,0
12996,Hibernating,United Kingdom,376,1,355.5,355.5,,22,0,0.952,-1.057,-0.688,0.3,1.841,At Risk,0.14,0.626,Core,0
12997,Champions,United Kingdom,22,8,2110.91,263.86,33.9,65,590,-0.843,0.805,0.598,1.094,1.347,At Risk,0.448,0.083,Borderline,1
12998,At Risk,United Kingdom,493,3,920.08,306.69,37.5,58,160,1.126,-0.199,-0.002,0.984,1.146,Hibernating,0.462,0.081,Borderline,1
12999,Hibernating,United Kingdom,196,3,455.88,151.96,15.5,25,49,0.536,-0.199,-0.509,0.843,1.072,At Risk,0.44,0.157,Borderline,1
13000,At Risk,United Kingdom,107,4,1032.5,258.12,111.1,57,618,0.15,0.077,0.081,0.477,1.153,New Customers,0.293,0.355,Settled,0
13001,Champions,United Kingdom,4,33,24172.1,732.49,24.5,300,731,-1.822,2.45,2.361,1.522,3.644,At Risk,0.295,0.503,Core,0
13002,Hibernating,United Kingdom,318,3,414.13,138.04,40.0,19,116,0.845,-0.199,-0.578,0.739,1.212,At Risk,0.379,0.284,Settled,0
13003,Hibernating,United Kingdom,106,3,149.05,49.68,8.5,4,109,0.144,-0.199,-1.314,1.07,1.49,New Customers,0.418,0.232,Borderline,1
13004,Champions,United Kingdom,12,36,11650.85,323.63,10.4,417,713,-1.209,2.555,1.833,1.126,3.106,At Risk,0.266,0.511,Core,0
13005,At Risk,United Kingdom,174,4,999.68,249.92,66.7,41,283,0.46,0.077,0.058,0.437,1.407,Hibernating,0.237,0.437,Settled,0
13006,Hibernating,United Kingdom,56,1,81.57,81.57,,4,0,-0.26,-1.057,-1.746,1.429,1.793,New Customers,0.444,0.182,Borderline,1
13007,Hibernating,United Kingdom,580,1,175.25,175.25,,11,0,1.23,-1.057,-1.197,0.499,2.276,At Risk,0.18,0.658,Core,0
13008,Hibernating,United Kingdom,323,3,612.13,204.04,126.0,31,399,0.855,-0.199,-0.296,0.899,0.994,At Risk,0.475,0.086,Borderline,1
13009,Hibernating,United Kingdom,673,1,234.0,234.0,,4,0,1.325,-1.057,-0.989,0.496,2.171,At Risk,0.186,0.642,Core,0
13010,Hibernating,United Kingdom,374,2,330.12,165.06,,10,274,0.949,-0.555,-0.742,0.354,1.552,At Risk,0.186,0.545,Core,0
13011,Hibernating,United Kingdom,372,1,101.1,101.1,,3,0,0.945,-1.057,-1.592,0.72,2.397,New Customers,0.231,0.616,Core,0
13012,Champions,United Kingdom,9,11,2972.83,270.26,39.4,95,582,-1.377,1.161,0.846,0.68,1.892,New Customers,0.264,0.419,Settled,0
13013,Champions,United Kingdom,1,29,12625.77,435.37,26.8,289,724,-2.41,2.296,1.891,1.578,3.694,New Customers,0.299,0.499,Settled,0
13014,Champions,United Kingdom,11,11,5381.08,489.19,40.1,140,422,-1.26,1.161,1.275,0.407,2.047,At Risk,0.166,0.494,Settled,0
13015,Champions,United Kingdom,53,11,6586.42,598.77,63.5,260,549,-0.295,1.161,1.421,0.922,1.484,At Risk,0.383,0.189,Borderline,1
13016,New Customers,United Kingdom,73,3,789.89,263.3,25.0,39,49,-0.093,-0.199,-0.112,0.813,0.878,At Risk,0.481,0.018,Borderline,1
13017,New Customers,United Kingdom,7,1,204.0,204.0,,1,0,-1.521,-1.057,-1.088,1.295,2.413,Hibernating,0.349,0.393,Settled,0
13018,Champions,United Kingdom,16,35,9763.16,278.95,30.6,401,632,-1.037,2.521,1.705,1.047,2.938,At Risk,0.263,0.5,Core,0
13019,At Risk,United Kingdom,379,6,1229.95,204.99,57.9,46,353,0.957,0.494,0.208,0.643,1.754,Hibernating,0.268,0.469,Settled,0
13020,Hibernating,United Kingdom,563,2,618.96,309.48,,38,97,1.211,-0.555,-0.288,0.764,1.381,At Risk,0.356,0.361,Settled,0
13021,Champions,United Kingdom,4,17,4887.24,287.48,34.1,166,730,-1.822,1.663,1.205,0.716,2.617,New Customers,0.215,0.53,Core,0
13022,Hibernating,Belgium,430,1,50.3,50.3,,4,0,1.038,-1.057,-2.09,1.214,2.772,New Customers,0.305,0.528,Core,0
13023,At Risk,United Kingdom,64,3,1251.03,417.01,167.0,68,464,-0.176,-0.199,0.22,0.779,0.856,New Customers,0.476,0.067,Borderline,1
13024,Hibernating,United Kingdom,471,2,555.87,277.94,,26,111,1.097,-0.555,-0.366,0.656,1.361,At Risk,0.325,0.403,Settled,0
13025,Hibernating,United Kingdom,732,1,323.39,323.39,,13,0,1.379,-1.057,-0.756,0.558,2.051,At Risk,0.214,0.607,Core,0
13026,Champions,United Kingdom,1,9,1733.08,192.56,54.7,52,725,-2.41,0.935,0.456,1.675,2.085,New Customers,0.445,0.129,Borderline,1
13027,Champions,United Kingdom,114,19,17335.2,912.38,22.2,7,574,0.19,1.794,2.12,1.549,2.268,At Risk,0.406,0.216,Borderline,1
13028,New Customers,United Kingdom,23,2,661.32,330.66,,40,22,-0.815,-0.555,-0.24,0.26,1.62,At Risk,0.138,0.5,Core,0
13029,New Customers,United Kingdom,31,5,1927.3,385.46,70.3,13,492,-0.631,0.303,0.532,1.019,1.026,At Risk,0.498,-0.018,Borderline,1
13030,New Customers,United Kingdom,11,2,1227.22,613.61,,76,356,-1.26,-0.555,0.206,0.635,1.869,At Risk,0.254,0.467,Settled,0
13031,At Risk,United Kingdom,407,5,3419.27,683.85,13.9,275,147,1.003,0.303,0.947,0.799,2.189,Hibernating,0.267,0.507,Core,0
13032,At Risk,United Kingdom,52,9,2843.55,315.95,97.3,147,408,-0.307,0.935,0.814,1.023,1.158,Champions,0.469,0.146,Borderline,1
13033,Hibernating,United Kingdom,357,2,220.55,110.28,,12,72,0.919,-0.555,-1.032,0.335,1.773,At Risk,0.159,0.587,Core,0
13034,New Customers,United Kingdom,55,3,922.68,307.56,141.5,42,346,-0.272,-0.199,0.0,0.671,0.931,At Risk,0.419,0.13,Borderline,1
13035,At Risk,United Kingdom,74,3,1364.2,454.73,8.0,27,357,-0.084,-0.199,0.283,0.698,0.967,New Customers,0.419,0.172,Borderline,1
13036,Hibernating,United Kingdom,685,1,307.1,307.1,,6,0,1.336,-1.057,-0.794,0.511,2.053,At Risk,0.199,0.62,Core,0
13037,At Risk,United Kingdom,138,12,3914.95,326.25,34.6,181,597,0.312,1.26,1.045,1.149,1.504,Champions,0.433,0.232,Borderline,1
13038,At Risk,United Kingdom,80,3,908.46,302.82,2.0,24,210,-0.035,-0.199,-0.011,0.786,0.891,New Customers,0.469,0.085,Borderline,1
13039,At Risk,United Kingdom,584,4,1010.73,252.68,41.1,37,138,1.234,0.077,0.066,0.944,1.396,Hibernating,0.404,0.234,Borderline,1
13040,New Customers,United Kingdom,9,2,676.99,338.5,,38,24,-1.377,-0.555,-0.223,0.55,2.067,At Risk,0.21,0.53,Core,0
13041,At Risk,United Kingdom,451,4,799.13,199.78,17.2,23,139,1.069,0.077,-0.104,0.891,1.248,Hibernating,0.417,0.196,Borderline,1
13042,At Risk,United Kingdom,598,3,1556.54,518.85,10.0,164,133,1.249,-0.199,0.378,0.99,1.489,Hibernating,0.399,0.243,Borderline,1
13043,Hibernating,United Kingdom,273,1,516.42,516.42,,13,0,0.747,-1.057,-0.419,0.538,1.634,At Risk,0.248,0.517,Core,0
13044,At Risk,United Kingdom,291,11,4853.9,441.26,55.2,356,409,0.788,1.161,1.2,1.226,1.964,Champions,0.384,0.341,Settled,0
13045,At Risk,United Kingdom,99,3,808.92,269.64,108.5,41,387,0.1,-0.199,-0.095,0.776,1.005,New Customers,0.436,0.157,Borderline,1
13046,New Customers,United Kingdom,31,3,949.25,316.42,23.0,50,425,-0.631,-0.199,0.021,0.384,1.206,At Risk,0.242,0.36,Settled,0
13047,Champions,United Kingdom,57,23,8790.21,382.18,22.0,189,666,-0.249,2.019,1.629,1.043,2.198,At Risk,0.322,0.359,Settled,0
13048,Champions,United Kingdom,14,9,4084.21,453.8,28.8,125,667,-1.117,0.935,1.075,0.666,1.761,At Risk,0.274,0.389,Settled,0
13049,At Risk,United Kingdom,64,4,1408.24,352.06,103.0,19,336,-0.176,0.077,0.306,0.619,0.978,New Customers,0.388,0.219,Borderline,1
13050,Champions,United Kingdom,15,34,12235.3,359.86,14.3,512,709,-1.076,2.486,1.868,1.079,3.005,At Risk,0.264,0.505,Core,0
13051,Hibernating,United Kingdom,579,2,155.8,77.9,,4,40,1.229,-0.555,-1.282,0.601,2.088,At Risk,0.224,0.583,Core,0
13052,At Risk,United Kingdom,212,7,3167.68,452.53,72.5,160,442,0.586,0.659,0.892,0.62,1.986,Champions,0.238,0.541,Core,0
13053,Hibernating,United Kingdom,622,1,127.65,127.65,,17,0,1.275,-1.057,-1.425,0.685,2.46,At Risk,0.218,0.637,Core,0
13055,At Risk,United Kingdom,78,4,2321.11,580.28,89.1,145,351,-0.051,0.077,0.667,0.543,1.295,New Customers,0.295,0.374,Settled,0
13056,Hibernating,United Kingdom,551,1,209.48,209.48,,18,0,1.197,-1.057,-1.069,0.41,2.173,At Risk,0.159,0.662,Core,0
13057,Hibernating,United Kingdom,530,3,722.09,240.7,47.5,34,101,1.172,-0.199,-0.177,1.026,1.106,At Risk,0.481,0.071,Borderline,1
13058,New Customers,United Kingdom,25,3,271.4,90.47,29.5,5,127,-0.764,-0.199,-0.883,0.659,1.77,Hibernating,0.271,0.435,Settled,0
13059,At Risk,United Kingdom,250,10,2303.17,230.32,48.0,155,368,0.691,1.053,0.661,0.851,2.012,Champions,0.297,0.481,Settled,0
13060,Hibernating,United Kingdom,254,1,307.53,307.53,,15,0,0.701,-1.057,-0.793,0.285,1.842,New Customers,0.134,0.618,Core,0
13061,Hibernating,United Kingdom,72,1,248.61,248.61,,10,0,-0.102,-1.057,-0.946,0.999,1.295,New Customers,0.436,0.182,Borderline,1
13062,Hibernating,United Kingdom,191,1,346.98,346.98,,11,0,0.519,-1.057,-0.706,0.453,1.661,New Customers,0.214,0.54,Core,0
13063,Hibernating,United Kingdom,481,1,188.4,188.4,,12,0,1.11,-1.057,-1.145,0.389,2.197,At Risk,0.15,0.669,Core,0
13064,New Customers,United Kingdom,13,6,1680.74,280.12,70.5,58,579,-1.161,0.494,0.434,1.083,1.394,Champions,0.437,0.192,Borderline,1
13065,At Risk,United Kingdom,373,5,1260.91,252.18,23.8,49,174,0.947,0.303,0.226,0.594,1.623,Hibernating,0.268,0.454,Settled,0
13066,New Customers,United Kingdom,24,2,470.8,235.4,,48,7,-0.789,-0.555,-0.485,0.361,1.718,At Risk,0.174,0.51,Core,0
13067,New Customers,United Kingdom,82,3,508.51,169.5,145.0,24,363,-0.019,-0.199,-0.43,0.895,1.074,At Risk,0.455,0.085,Borderline,1
13068,New Customers,United Kingdom,10,2,344.0,172.0,,1,309,-1.316,-0.555,-0.712,0.682,2.223,At Risk,0.235,0.528,Core,0
13069,Champions,United Kingdom,1,38,9683.13,254.82,12.4,573,542,-2.41,2.62,1.699,1.709,3.828,New Customers,0.309,0.489,Settled,0
13070,At Risk,United Kingdom,192,4,751.7,187.92,61.7,12,539,0.523,0.077,-0.148,0.633,1.256,Hibernating,0.335,0.317,Settled,0
13071,Hibernating,United Kingdom,612,1,129.22,129.22,,12,0,1.264,-1.057,-1.416,0.672,2.45,At Risk,0.215,0.639,Core,0
13072,Hibernating,United Kingdom,267,1,177.15,177.15,,7,0,0.733,-1.057,-1.19,0.376,2.022,New Customers,0.157,0.634,Core,0
13073,Hibernating,United Kingdom,411,2,418.08,209.04,,25,26,1.009,-0.555,-0.571,0.47,1.452,At Risk,0.245,0.495,Settled,0
13074,At Risk,United Kingdom,511,4,1378.74,344.68,29.4,26,212,1.149,0.077,0.29,0.8,1.542,Hibernating,0.342,0.354,Settled,0
13075,Hibernating,United Kingdom,130,1,919.61,919.61,,22,0,0.274,-1.057,-0.002,1.102,1.405,New Customers,0.44,0.198,Borderline,1
13076,Hibernating,United Kingdom,458,1,135.4,135.4,,9,0,1.079,-1.057,-1.383,0.556,2.364,At Risk,0.19,0.655,Core,0
13077,Champions,United Kingdom,1,11,3064.67,278.61,81.4,208,727,-2.41,1.161,0.868,1.418,2.388,New Customers,0.373,0.309,Settled,0
13078,Champions,United Kingdom,3,57,29532.45,518.11,6.9,153,735,-1.966,3.112,2.506,2.119,4.22,At Risk,0.334,0.454,Settled,0
13079,New Customers,United Kingdom,4,6,419.18,69.86,98.5,11,413,-1.822,0.494,-0.569,1.272,2.296,Champions,0.356,0.381,Settled,0
13080,Hibernating,United Kingdom,179,4,280.73,70.18,72.0,17,430,0.478,0.077,-0.858,1.021,1.312,At Risk,0.438,0.167,Borderline,1
13081,Champions,United Kingdom,12,28,59205.15,2114.47,25.2,738,719,-1.209,2.254,3.008,1.802,3.612,At Risk,0.333,0.429,Settled,0
13082,Champions,United Kingdom,126,21,7335.75,349.32,28.2,99,591,0.254,1.912,1.499,1.443,1.945,At Risk,0.426,0.149,Borderline,1
13083,New Customers,United Kingdom,4,3,395.43,131.81,139.5,19,421,-1.822,-0.199,-0.611,1.01,2.496,At Risk,0.288,0.493,Settled,0
13084,Hibernating,United Kingdom,492,1,122.4,122.4,,2,0,1.124,-1.057,-1.455,0.636,2.433,At Risk,0.207,0.646,Core,0
13085,At Risk,United Kingdom,158,8,2433.28,304.16,131.8,50,581,0.398,0.805,0.701,0.58,1.82,Champions,0.242,0.522,Core,0
13086,Hibernating,United Kingdom,383,1,439.33,439.33,,47,0,0.964,-1.057,-0.535,0.425,1.756,At Risk,0.195,0.584,Core,0
13087,Hibernating,United Kingdom,726,1,313.64,313.64,,15,0,1.374,-1.057,-0.778,0.548,2.062,At Risk,0.21,0.611,Core,0
13088,Hibernating,United Kingdom,417,1,236.11,236.11,,19,0,1.019,-1.057,-0.983,0.254,2.053,At Risk,0.11,0.668,Core,0
13089,Champions,United Kingdom,3,203,116737.86,575.06,4.3,857,734,-1.966,4.669,3.499,3.884,5.842,At Risk,0.399,0.323,Settled,0
13090,Champions,United Kingdom,9,23,14073.09,611.87,19.4,162,485,-1.377,2.019,1.97,0.817,2.911,At Risk,0.219,0.544,Core,0
13091,New Customers,United Kingdom,28,2,1108.8,554.4,,40,701,-0.694,-0.555,0.133,0.492,1.408,At Risk,0.259,0.39,Settled,0
13092,At Risk,United Kingdom,71,12,2140.28,178.36,32.5,52,597,-0.11,1.26,0.608,1.106,1.297,Champions,0.46,0.17,Borderline,1
13093,Champions,United Kingdom,276,55,54943.65,998.98,7.2,199,460,0.754,3.068,2.954,2.908,3.769,At Risk,0.436,0.195,Borderline,1
13094,Champions,United Kingdom,21,13,2433.12,187.16,20.8,5,367,-0.871,1.352,0.701,0.73,1.671,At Risk,0.304,0.336,Settled,0
13095,Hibernating,United Kingdom,71,1,74.4,74.4,,6,0,-0.11,-1.057,-1.811,1.356,1.904,New Customers,0.416,0.257,Settled,0
13096,Hibernating,United Kingdom,394,1,419.7,419.7,,1,0,0.982,-1.057,-0.568,0.401,1.78,At Risk,0.184,0.595,Core,0
13097,Champions,United Kingdom,33,27,13080.48,484.46,18.8,389,705,-0.592,2.21,1.917,1.029,2.618,At Risk,0.282,0.45,Settled,0
13098,Champions,United Kingdom,1,28,28882.44,1031.52,8.8,156,316,-2.41,2.254,2.489,1.851,3.991,At Risk,0.317,0.476,Settled,0
13099,Hibernating,United Kingdom,99,1,207.36,207.36,,1,0,0.1,-1.057,-1.076,0.82,1.495,New Customers,0.354,0.351,Settled,0
13101,At Risk,United Kingdom,234,4,695.4,173.85,84.6,48,446,0.649,0.077,-0.204,0.72,1.192,Hibernating,0.377,0.252,Settled,0
13102,Champions,United Kingdom,1,37,11696.92,316.13,11.9,212,580,-2.41,2.588,1.836,1.721,3.875,New Customers,0.308,0.493,Settled,0
13103,New Customers,United Kingdom,40,3,709.64,236.55,129.0,27,537,-0.472,-0.199,-0.189,0.433,1.171,At Risk,0.27,0.335,Settled,0
13104,Champions,United Kingdom,3,9,1709.1,189.9,36.1,15,649,-1.966,0.935,0.446,1.373,1.782,New Customers,0.435,0.141,Borderline,1
13105,Hibernating,United Kingdom,436,1,72.0,72.0,,1,0,1.047,-1.057,-1.835,0.967,2.615,New Customers,0.27,0.579,Core,0
13106,Hibernating,United Kingdom,133,2,603.46,301.73,,15,280,0.288,-0.555,-0.306,0.892,1.128,At Risk,0.442,0.168,Borderline,1
13107,Champions,United Kingdom,44,9,5253.07,583.67,37.3,142,629,-0.412,0.935,1.257,0.945,1.319,At Risk,0.418,0.114,Borderline,1
13108,At Risk,United Kingdom,373,2,1098.52,549.26,,27,62,0.947,-0.555,0.126,1.058,1.076,Hibernating,0.496,-0.029,Borderline,1
13109,New Customers,United Kingdom,60,3,1134.03,378.01,148.0,57,491,-0.217,-0.199,0.149,0.785,0.83,At Risk,0.486,0.006,Borderline,1
13110,Champions,United Kingdom,31,12,2957.47,246.46,43.8,167,707,-0.631,1.26,0.842,0.771,1.467,At Risk,0.344,0.255,Settled,0
13111,Hibernating,United Kingdom,719,1,321.88,321.88,,12,0,1.368,-1.057,-0.76,0.547,2.048,At Risk,0.211,0.609,Core,0
13112,Hibernating,United Kingdom,541,1,20.6,20.6,,2,0,1.185,-1.057,-2.715,1.849,3.312,New Customers,0.358,0.43,Settled,0
13113,Champions,United Kingdom,1,37,18625.73,503.4,12.2,166,620,-2.41,2.588,2.172,1.844,4.019,At Risk,0.314,0.485,Settled,0
13114,Hibernating,United Kingdom,731,1,234.38,234.38,,16,0,1.378,-1.057,-0.988,0.545,2.194,At Risk,0.199,0.633,Core,0
13115,Champions,United Kingdom,12,10,5494.7,549.47,58.5,178,587,-1.209,1.053,1.29,0.496,1.968,At Risk,0.201,0.464,Settled,0
13116,Hibernating,United Kingdom,138,1,501.14,501.14,,30,0,0.312,-1.057,-0.44,0.756,1.429,New Customers,0.346,0.367,Settled,0
13117,Champions,United Kingdom,22,18,2643.81,146.88,25.5,122,601,-0.843,1.73,0.761,0.689,1.924,At Risk,0.264,0.395,Settled,0
13118,Champions,United Kingdom,20,9,2415.41,268.38,57.1,111,419,-0.901,0.935,0.696,0.924,1.468,At Risk,0.386,0.214,Borderline,1
13119,Hibernating,United Kingdom,669,1,134.9,134.9,,11,0,1.321,-1.057,-1.385,0.684,2.448,At Risk,0.219,0.635,Core,0
13120,Hibernating,United Kingdom,239,1,30.6,30.6,,1,0,0.662,-1.057,-2.44,1.565,2.792,New Customers,0.359,0.419,Settled,0
13121,Hibernating,United Kingdom,269,1,283.73,283.73,,50,0,0.738,-1.057,-0.851,0.246,1.891,New Customers,0.115,0.633,Core,0
13122,At Risk,United Kingdom,94,2,922.39,461.2,,54,146,0.068,-0.555,0.0,1.004,1.017,New Customers,0.497,0.024,Borderline,1
13123,Hibernating,United Kingdom,473,2,506.75,253.38,,36,56,1.099,-0.555,-0.432,0.604,1.402,At Risk,0.301,0.437,Settled,0
13124,At Risk,United Kingdom,90,4,4782.45,1195.61,56.2,216,295,0.04,0.077,1.189,0.86,1.75,New Customers,0.329,0.392,Settled,0
13125,Hibernating,United Kingdom,524,1,158.57,158.57,,20,0,1.165,-1.057,-1.269,0.505,2.305,At Risk,0.18,0.66,Core,0
13126,Champions,United Kingdom,5,13,3998.25,307.56,44.6,183,642,-1.705,1.352,1.06,0.671,2.262,New Customers,0.229,0.486,Settled,0
13127,Hibernating,United Kingdom,78,1,259.17,259.17,,15,0,-0.051,-1.057,-0.916,0.949,1.31,New Customers,0.42,0.216,Borderline,1
13128,Hibernating,United Kingdom,631,1,263.5,263.5,,1,0,1.284,-1.057,-0.904,0.451,2.098,At Risk,0.177,0.642,Core,0
13129,Hibernating,United Kingdom,452,2,233.25,116.62,,10,77,1.07,-0.555,-0.992,0.373,1.791,At Risk,0.172,0.587,Core,0
13130,Hibernating,United Kingdom,94,1,64.0,64.0,,2,0,0.068,-1.057,-1.919,1.314,2.07,New Customers,0.388,0.329,Settled,0
13131,Champions,United Kingdom,23,7,3313.77,473.4,72.2,107,645,-0.815,0.659,0.924,1.03,1.353,At Risk,0.432,0.112,Borderline,1
13132,Hibernating,United Kingdom,262,1,77.3,77.3,,3,0,0.721,-1.057,-1.784,0.916,2.351,New Customers,0.28,0.545,Core,0
13133,Hibernating,United Kingdom,274,3,200.45,66.82,62.0,12,185,0.75,-0.199,-1.101,0.703,1.65,At Risk,0.299,0.436,Settled,0
13134,At Risk,United Kingdom,86,6,2475.23,412.54,57.9,110,330,0.011,0.494,0.713,0.514,1.537,New Customers,0.25,0.466,Settled,0
13135,At Risk,United Kingdom,197,2,3371.45,1685.72,,18,294,0.539,-0.555,0.937,0.995,1.869,New Customers,0.347,0.362,Settled,0
13136,Champions,United Kingdom,56,13,6274.56,482.66,53.6,204,674,-0.26,1.352,1.386,0.893,1.568,At Risk,0.363,0.231,Borderline,1
13137,Champions,United Kingdom,11,16,7712.7,482.04,30.1,628,491,-1.26,1.592,1.535,0.226,2.374,At Risk,0.087,0.553,Core,0
13138,New Customers,United Kingdom,22,7,1467.24,209.61,42.2,41,374,-0.843,0.659,0.335,1.126,1.291,At Risk,0.466,0.078,Borderline,1
13139,Champions,United Kingdom,16,8,8202.98,1025.37,57.0,214,421,-1.037,0.805,1.579,0.773,1.901,At Risk,0.289,0.371,Settled,0
13140,At Risk,United Kingdom,108,5,1215.68,243.14,92.6,89,382,0.156,0.303,0.199,0.332,1.287,New Customers,0.205,0.439,Settled,0
13141,Champions,United Kingdom,85,17,7668.58,451.09,35.7,285,645,0.004,1.663,1.531,1.157,1.8,At Risk,0.391,0.209,Borderline,1
13142,New Customers,United Kingdom,19,1,307.09,307.09,,23,0,-0.933,-1.057,-0.794,0.932,1.824,Hibernating,0.338,0.372,Settled,0
13143,Hibernating,United Kingdom,585,1,405.1,405.1,,23,0,1.235,-1.057,-0.594,0.512,1.893,At Risk,0.213,0.592,Core,0
13144,Hibernating,United Kingdom,333,2,135.35,67.68,,6,98,0.875,-0.555,-1.383,0.57,2.061,At Risk,0.217,0.581,Core,0
13145,At Risk,United Kingdom,40,7,1423.52,203.36,70.9,5,560,-0.472,0.659,0.313,0.946,1.189,New Customers,0.443,0.163,Borderline,1
13146,New Customers,United Kingdom,26,1,228.91,228.91,,16,0,-0.74,-1.057,-1.005,1.08,1.632,Hibernating,0.398,0.256,Settled,0
13147,New Customers,United Kingdom,10,4,712.8,178.2,18.8,1,89,-1.316,0.077,-0.186,0.577,1.828,At Risk,0.24,0.48,Settled,0
13148,Champions,United Kingdom,29,26,8612.31,331.24,27.3,450,702,-0.672,2.165,1.615,0.82,2.458,At Risk,0.25,0.469,Settled,0
13149,New Customers,United Kingdom,14,4,1676.06,419.02,39.6,76,274,-1.117,0.077,0.431,0.809,1.523,At Risk,0.347,0.331,Settled,0
13150,Hibernating,United Kingdom,484,3,449.97,149.99,73.0,7,146,1.114,-0.199,-0.518,0.802,1.292,At Risk,0.383,0.29,Settled,0
13151,At Risk,United Kingdom,296,3,2570.24,856.75,164.0,130,332,0.799,-0.199,0.74,0.707,1.773,Hibernating,0.285,0.439,Settled,0
13152,At Risk,United Kingdom,417,7,2146.38,306.63,18.4,114,277,1.019,0.659,0.61,0.749,2.15,Hibernating,0.258,0.519,Core,0
13153,New Customers,United Kingdom,6,1,486.22,486.22,,15,0,-1.606,-1.057,-0.462,1.062,2.53,Hibernating,0.296,0.48,Settled,0
13154,At Risk,United Kingdom,399,3,1624.84,541.61,60.0,78,336,0.99,-0.199,0.409,0.774,1.474,Hibernating,0.344,0.334,Settled,0
13155,At Risk,United Kingdom,33,6,1750.18,291.7,78.8,79,458,-0.592,0.494,0.463,1.004,1.107,New Customers,0.476,0.085,Borderline,1
13156,At Risk,United Kingdom,385,3,1586.54,528.85,137.5,94,290,0.967,-0.199,0.392,0.757,1.457,Hibernating,0.342,0.336,Settled,0
13157,Champions,United Kingdom,49,9,5687.36,631.93,33.4,173,592,-0.344,0.935,1.315,0.994,1.316,At Risk,0.43,0.088,Borderline,1
13158,At Risk,United Kingdom,95,5,1508.18,301.64,54.3,70,293,0.074,0.303,0.355,0.326,1.287,New Customers,0.202,0.439,Settled,0
13159,New Customers,United Kingdom,9,4,1437.85,359.46,19.7,114,106,-1.377,0.077,0.321,0.84,1.785,At Risk,0.32,0.401,Settled,0
13160,New Customers,United Kingdom,22,1,91.8,91.8,,4,0,-0.843,-1.057,-1.661,1.605,1.89,Hibernating,0.459,0.122,Borderline,1
13161,Hibernating,United Kingdom,313,2,478.88,239.44,,30,187,0.835,-0.555,-0.473,0.529,1.317,At Risk,0.287,0.432,Settled,0
13162,Champions,United Kingdom,122,16,9275.49,579.72,26.7,186,613,0.233,1.592,1.668,1.403,1.801,At Risk,0.438,0.112,Borderline,1
13163,Hibernating,United Kingdom,610,1,17.65,17.65,,2,0,1.262,-1.057,-2.821,1.967,3.44,New Customers,0.364,0.418,Settled,0
13164,Hibernating,United Kingdom,569,2,372.2,186.1,,7,98,1.218,-0.555,-0.655,0.521,1.607,At Risk,0.245,0.517,Core,0
13165,New Customers,United Kingdom,46,3,1451.16,483.72,121.5,47,366,-0.384,-0.199,0.327,0.769,0.922,At Risk,0.455,0.071,Borderline,1
13166,Hibernating,United Kingdom,283,2,884.18,442.09,,55,131,0.77,-0.555,-0.031,0.931,1.036,At Risk,0.473,0.108,Borderline,1
13167,New Customers,United Kingdom,19,5,1113.15,222.63,90.8,63,371,-0.933,0.303,0.136,0.719,1.356,At Risk,0.346,0.307,Settled,0
13168,At Risk,United Kingdom,36,5,1875.31,375.06,74.3,127,505,-0.538,0.303,0.513,0.932,1.032,New Customers,0.474,0.084,Borderline,1
13169,New Customers,United Kingdom,64,3,840.08,280.03,60.5,16,498,-0.176,-0.199,-0.067,0.741,0.901,At Risk,0.451,0.075,Borderline,1
13170,New Customers,United Kingdom,27,1,116.01,116.01,,29,0,-0.717,-1.057,-1.494,1.468,1.711,Hibernating,0.462,0.111,Borderline,1
13171,New Customers,United Kingdom,22,3,468.41,156.14,111.0,37,277,-0.843,-0.199,-0.489,0.271,1.616,At Risk,0.144,0.492,Settled,0
13172,Hibernating,United Kingdom,400,1,69.6,69.6,,1,0,0.992,-1.057,-1.859,0.983,2.59,New Customers,0.275,0.569,Core,0
13173,Champions,United Kingdom,4,11,2629.35,239.03,102.3,159,725,-1.822,1.161,0.757,0.988,2.007,New Customers,0.33,0.353,Settled,0
13174,Champions,United Kingdom,16,11,9471.94,861.09,81.8,600,718,-1.037,1.161,1.683,0.509,2.088,At Risk,0.196,0.467,Settled,0
13175,Hibernating,United Kingdom,582,2,831.45,415.72,,40,153,1.232,-0.555,-0.075,0.951,1.297,At Risk,0.423,0.231,Borderline,1
13176,New Customers,United Kingdom,46,1,492.84,492.84,,66,0,-0.384,-1.057,-0.452,0.929,1.353,Hibernating,0.407,0.205,Borderline,1
13177,New Customers,United Kingdom,65,2,512.2,256.1,,23,365,-0.166,-0.555,-0.425,0.785,1.188,Hibernating,0.398,0.197,Borderline,1
13178,Champions,United Kingdom,26,21,14059.19,669.49,15.1,194,697,-0.74,1.912,1.969,0.818,2.503,At Risk,0.246,0.477,Settled,0
13179,Hibernating,United Kingdom,619,1,572.31,572.31,,34,0,1.272,-1.057,-0.345,0.711,1.788,At Risk,0.284,0.505,Core,0
13180,Hibernating,United Kingdom,607,1,86.1,86.1,,4,0,1.259,-1.057,-1.707,0.912,2.674,At Risk,0.254,0.603,Core,0
13181,Hibernating,United Kingdom,381,1,359.69,359.69,,19,0,0.961,-1.057,-0.68,0.308,1.838,At Risk,0.144,0.625,Core,0
13182,Hibernating,United Kingdom,45,1,121.18,121.18,,11,0,-0.398,-1.057,-1.462,1.406,1.513,New Customers,0.482,0.067,Borderline,1
13183,Champions,United Kingdom,8,15,7036.18,469.08,15.8,64,627,-1.445,1.517,1.468,0.332,2.439,At Risk,0.12,0.556,Core,0
13184,Champions,United Kingdom,15,10,1700.29,170.03,33.4,137,275,-1.076,1.053,0.442,1.037,1.534,New Customers,0.403,0.197,Borderline,1
13185,Hibernating,United Kingdom,268,1,71.4,71.4,,1,0,0.736,-1.057,-1.841,0.969,2.398,New Customers,0.288,0.537,Core,0
13186,New Customers,United Kingdom,40,3,1575.89,525.3,9.5,69,89,-0.472,-0.199,0.387,0.763,0.993,At Risk,0.435,0.113,Borderline,1
13187,Hibernating,United Kingdom,337,4,348.01,87.0,135.3,50,287,0.882,0.077,-0.703,0.96,1.257,At Risk,0.433,0.177,Borderline,1
13188,New Customers,United Kingdom,11,1,114.6,114.6,,2,0,-1.26,-1.057,-1.502,1.512,2.229,Hibernating,0.404,0.274,Settled,0
13189,New Customers,United Kingdom,19,2,260.68,130.34,,29,96,-0.933,-0.555,-0.912,0.714,1.836,Hibernating,0.28,0.441,Settled,0
13190,Hibernating,United Kingdom,544,3,570.66,190.22,39.0,16,188,1.189,-0.199,-0.347,0.919,1.219,At Risk,0.43,0.196,Borderline,1
13191,Hibernating,United Kingdom,658,1,159.21,159.21,,57,0,1.311,-1.057,-1.266,0.599,2.356,At Risk,0.203,0.645,Core,0
13192,At Risk,United Kingdom,95,6,2558.58,426.43,112.5,135,591,0.074,0.494,0.737,0.483,1.59,New Customers,0.233,0.487,Settled,0
13193,Hibernating,United Kingdom,61,1,117.88,117.88,,22,0,-0.206,-1.057,-1.482,1.244,1.601,New Customers,0.437,0.192,Borderline,1
13194,Hibernating,United Kingdom,136,2,472.78,236.39,,10,285,0.303,-0.555,-0.482,0.775,1.24,New Customers,0.385,0.283,Settled,0
13195,Hibernating,United Kingdom,414,1,172.38,172.38,,43,0,1.014,-1.057,-1.209,0.389,2.214,At Risk,0.149,0.669,Core,0
13196,Champions,United Kingdom,11,7,3068.84,438.41,67.6,141,606,-1.26,0.659,0.869,1.013,1.519,New Customers,0.4,0.2,Borderline,1
13197,Hibernating,United Kingdom,610,1,373.01,373.01,,19,0,1.262,-1.057,-0.653,0.499,1.938,At Risk,0.205,0.604,Core,0
13198,Champions,United Kingdom,10,8,4974.23,621.78,28.9,265,424,-1.316,0.805,1.218,0.769,1.885,New Customers,0.29,0.389,Settled,0
13199,Champions,United Kingdom,4,66,16417.89,248.76,10.2,60,731,-1.822,3.29,2.081,2.017,4.076,At Risk,0.331,0.455,Settled,0
13200,New Customers,United Kingdom,19,4,870.09,217.52,23.8,42,107,-0.933,0.077,-0.042,0.435,1.422,At Risk,0.234,0.416,Settled,0
13201,At Risk,United Kingdom,502,4,1240.61,310.15,24.9,65,140,1.137,0.077,0.214,0.807,1.482,Hibernating,0.352,0.332,Settled,0
13202,At Risk,United Kingdom,394,7,1580.3,225.76,24.8,55,336,0.982,0.659,0.389,0.699,1.998,Hibernating,0.259,0.505,Core,0
13203,Champions,United Kingdom,10,10,2648.25,264.82,36.9,158,712,-1.316,1.053,0.762,0.788,1.744,New Customers,0.311,0.355,Settled,0
13204,Hibernating,United Kingdom,731,1,966.66,966.66,,57,0,1.378,-1.057,0.034,1.08,1.718,At Risk,0.386,0.331,Settled,0
13205,At Risk,United Kingdom,443,1,2803.2,2803.2,,1,0,1.057,-1.057,0.803,1.548,1.726,Hibernating,0.473,0.059,Borderline,1
13206,At Risk,United Kingdom,400,13,8377.32,644.41,28.2,393,332,0.992,1.352,1.595,1.684,2.147,Champions,0.44,0.219,Borderline,1
13207,New Customers,United Kingdom,15,4,535.86,133.96,72.9,10,596,-1.076,0.077,-0.392,0.452,1.696,At Risk,0.21,0.473,Settled,0
13208,At Risk,United Kingdom,59,8,1964.02,245.5,53.6,197,677,-0.227,0.805,0.546,0.812,1.419,Champions,0.364,0.346,Settled,0
13209,Champions,United Kingdom,30,13,8509.51,654.58,46.1,284,653,-0.651,1.352,1.606,0.574,1.894,At Risk,0.233,0.415,Settled,0
13210,Hibernating,United Kingdom,94,1,353.48,353.48,,22,0,0.068,-1.057,-0.692,0.859,1.296,New Customers,0.399,0.258,Settled,0
13211,Champions,United Kingdom,10,10,2729.32,272.93,75.2,98,722,-1.316,1.053,0.784,0.772,1.757,New Customers,0.305,0.364,Settled,0
13212,New Customers,United Kingdom,20,3,788.08,262.69,21.0,128,41,-0.901,-0.199,-0.114,0.169,1.486,At Risk,0.102,0.478,Settled,0
13213,Champions,United Kingdom,57,11,3851.52,350.14,51.3,181,511,-0.249,1.161,1.033,1.014,1.236,At Risk,0.451,0.037,Borderline,1
13214,At Risk,United Kingdom,418,7,3264.23,466.32,12.3,207,228,1.02,0.659,0.913,0.873,2.368,Champions,0.269,0.523,Core,0
13215,Hibernating,United Kingdom,402,1,81.6,81.6,,1,0,0.995,-1.057,-1.745,0.873,2.523,New Customers,0.257,0.592,Core,0
13216,Hibernating,United Kingdom,268,1,333.74,333.74,,5,0,0.736,-1.057,-0.734,0.295,1.816,At Risk,0.14,0.612,Core,0
13217,At Risk,United Kingdom,122,4,666.48,166.62,227.3,3,533,0.233,0.077,-0.235,0.719,1.185,New Customers,0.378,0.276,Settled,0
13218,Hibernating,United Kingdom,127,1,62.64,62.64,,5,0,0.259,-1.057,-1.934,1.218,2.176,New Customers,0.359,0.396,Settled,0
13219,Hibernating,United Kingdom,618,1,76.23,76.23,,11,0,1.271,-1.057,-1.794,0.994,2.748,At Risk,0.266,0.589,Core,0
13220,At Risk,United Kingdom,78,5,1336.09,267.22,128.5,46,497,-0.051,0.303,0.268,0.472,1.155,New Customers,0.29,0.356,Settled,0
13221,Hibernating,United Kingdom,240,2,844.86,422.43,,61,119,0.665,-0.555,-0.063,0.918,1.018,At Risk,0.474,0.103,Borderline,1
13222,Hibernating,United Kingdom,577,1,88.5,88.5,,1,0,1.227,-1.057,-1.687,0.881,2.648,At Risk,0.25,0.608,Core,0
13223,At Risk,United Kingdom,200,6,969.12,161.52,56.3,8,464,0.549,0.494,0.036,0.474,1.668,New Customers,0.221,0.498,Settled,0
13224,At Risk,United Kingdom,60,2,2152.95,1076.47,,100,91,-0.217,-0.555,0.612,1.056,1.116,New Customers,0.486,0.05,Borderline,1
13225,Champions,United Kingdom,3,16,16260.07,1016.25,24.5,60,719,-1.966,1.592,2.074,1.1,3.153,At Risk,0.259,0.52,Core,0
13226,Hibernating,United Kingdom,273,2,312.46,156.23,,28,120,0.747,-0.555,-0.781,0.354,1.522,At Risk,0.189,0.53,Core,0
13227,Hibernating,United Kingdom,202,1,257.7,257.7,,9,0,0.555,-1.057,-0.92,0.377,1.762,New Customers,0.176,0.579,Core,0
13228,Hibernating,United Kingdom,81,1,358.0,358.0,,2,0,-0.027,-1.057,-0.683,0.951,1.224,New Customers,0.437,0.177,Borderline,1
13229,Hibernating,United Kingdom,226,1,160.95,160.95,,10,0,0.627,-1.057,-1.259,0.477,1.972,New Customers,0.195,0.599,Core,0
13230,Champions,United Kingdom,4,30,6350.28,211.68,21.9,652,626,-1.822,2.336,1.394,1.055,3.163,At Risk,0.25,0.536,Core,0
13232,New Customers,United Kingdom,13,7,1357.0,193.86,28.4,146,230,-1.161,0.659,0.279,1.131,1.391,Champions,0.448,0.166,Borderline,1
13233,At Risk,United Kingdom,74,4,1176.46,294.12,86.9,74,619,-0.084,0.077,0.176,0.581,0.984,New Customers,0.371,0.241,Borderline,1
13234,Hibernating,United Kingdom,673,2,356.95,178.48,,56,59,1.325,-0.555,-0.685,0.585,1.685,At Risk,0.258,0.513,Core,0
13235,Hibernating,United Kingdom,212,1,1031.07,1031.07,,53,0,0.586,-1.057,0.08,1.044,1.406,At Risk,0.426,0.228,Borderline,1
13236,New Customers,United Kingdom,25,2,744.85,372.42,,34,82,-0.764,-0.555,-0.154,0.293,1.547,At Risk,0.159,0.478,Settled,0
13237,Hibernating,United Kingdom,388,1,643.0,643.0,,24,0,0.972,-1.057,-0.261,0.678,1.623,At Risk,0.295,0.474,Settled,0
13238,New Customers,United Kingdom,17,6,1006.63,167.77,68.2,24,573,-1.0,0.494,0.063,0.864,1.454,At Risk,0.373,0.282,Settled,0
13239,At Risk,United Kingdom,262,5,1594.69,318.94,69.7,86,240,0.721,0.303,0.396,0.333,1.751,Hibernating,0.16,0.545,Core,0
13240,At Risk,United Kingdom,96,8,1718.12,214.76,54.8,159,556,0.081,0.805,0.449,0.601,1.629,New Customers,0.27,0.465,Settled,0
13241,Hibernating,United Kingdom,412,1,115.58,115.58,,40,0,1.011,-1.057,-1.496,0.639,2.396,New Customers,0.211,0.64,Core,0
13242,At Risk,United Kingdom,112,7,699.4,99.91,77.3,19,555,0.179,0.659,-0.2,0.763,1.439,New Customers,0.347,0.343,Settled,0
13243,At Risk,United Kingdom,203,5,1278.04,255.61,109.4,165,428,0.558,0.303,0.236,0.26,1.641,New Customers,0.137,0.538,Core,0
13244,Hibernating,United Kingdom,93,1,121.74,121.74,,27,0,0.061,-1.057,-1.459,1.007,1.715,New Customers,0.37,0.345,Settled,0
13245,New Customers,United Kingdom,51,2,989.22,494.61,,43,381,-0.319,-0.555,0.051,0.687,1.169,At Risk,0.37,0.241,Borderline,1
13246,Champions,United Kingdom,18,11,3387.43,307.95,43.6,229,507,-0.965,1.161,0.94,0.586,1.689,At Risk,0.258,0.39,Settled,0
13247,New Customers,United Kingdom,18,4,501.12,125.28,11.8,18,64,-0.965,0.077,-0.44,0.437,1.628,At Risk,0.212,0.458,Settled,0
13248,Hibernating,United Kingdom,125,2,465.68,232.84,,25,64,0.249,-0.555,-0.493,0.81,1.19,New Customers,0.405,0.25,Settled,0
13249,At Risk,United Kingdom,92,9,1608.93,178.77,51.7,21,592,0.054,0.935,0.402,0.729,1.638,Champions,0.308,0.437,Settled,0
13250,Hibernating,United Kingdom,461,2,256.04,128.02,,17,41,1.083,-0.555,-0.925,0.37,1.743,At Risk,0.175,0.58,Core,0
13251,Hibernating,United Kingdom,402,1,252.68,252.68,,25,0,0.995,-1.057,-0.934,0.23,2.013,At Risk,0.103,0.665,Core,0
13252,Hibernating,United Kingdom,394,2,399.3,199.65,,19,231,0.982,-0.555,-0.604,0.44,1.464,At Risk,0.231,0.506,Core,0
13253,At Risk,United Kingdom,157,4,2951.11,737.78,74.3,73,546,0.394,0.077,0.84,0.459,1.722,New Customers,0.21,0.511,Core,0
13254,Hibernating,United Kingdom,376,1,51.41,51.41,,4,0,0.952,-1.057,-2.074,1.19,2.702,New Customers,0.306,0.523,Core,0
13255,New Customers,United Kingdom,9,3,904.46,301.49,112.5,26,502,-1.377,-0.199,-0.014,0.551,1.888,At Risk,0.226,0.5,Core,0
13257,Hibernating,United Kingdom,436,1,149.75,149.75,,7,0,1.047,-1.057,-1.31,0.483,2.3,At Risk,0.174,0.662,Core,0
13258,New Customers,United Kingdom,12,5,1035.18,207.04,80.9,29,388,-1.209,0.303,0.083,0.762,1.638,At Risk,0.318,0.385,Settled,0
13259,At Risk,United Kingdom,62,9,1429.63,158.85,111.4,233,637,-0.196,0.935,0.317,0.88,1.524,Champions,0.366,0.334,Settled,0
13260,New Customers,United Kingdom,61,1,557.62,557.62,,8,0,-0.206,-1.057,-0.363,1.022,1.226,Hibernating,0.455,0.092,Borderline,1
13261,Hibernating,United Kingdom,269,2,944.1,472.05,,8,17,0.738,-0.555,0.017,0.979,1.004,At Risk,0.494,0.057,Borderline,1
13262,Hibernating,United Kingdom,263,3,573.45,191.15,42.5,48,337,0.724,-0.199,-0.343,0.881,0.977,At Risk,0.474,0.085,Borderline,1
13263,Champions,United Kingdom,1,38,8679.47,228.41,12.7,505,411,-2.41,2.62,1.62,1.694,3.789,New Customers,0.309,0.486,Settled,0
13264,Hibernating,United Kingdom,443,1,722.56,722.56,,38,0,1.057,-1.057,-0.176,0.774,1.622,At Risk,0.323,0.437,Settled,0
13265,At Risk,United Kingdom,53,5,2107.66,421.53,26.4,66,220,-0.295,0.303,0.597,0.705,1.195,New Customers,0.371,0.282,Settled,0
13266,Champions,United Kingdom,11,19,6135.04,322.9,35.8,154,711,-1.26,1.794,1.369,0.285,2.421,At Risk,0.105,0.555,Core,0
13267,Champions,United Kingdom,3,36,9758.26,271.06,20.5,152,729,-1.966,2.555,1.705,1.359,3.507,At Risk,0.279,0.521,Core,0
13268,Champions,United Kingdom,18,10,3192.65,319.26,22.9,256,249,-0.965,1.053,0.897,0.689,1.624,At Risk,0.298,0.347,Settled,0
13269,Champions,United Kingdom,1,28,8891.7,317.56,28.1,238,736,-2.41,2.254,1.638,1.491,3.523,New Customers,0.297,0.496,Settled,0
13270,Hibernating,United Kingdom,366,1,1180.0,1180.0,,1,0,0.935,-1.057,0.178,1.1,1.475,At Risk,0.427,0.233,Borderline,1
13271,New Customers,United Kingdom,37,1,217.38,217.38,,79,0,-0.521,-1.057,-1.042,1.157,1.418,Hibernating,0.449,0.13,Borderline,1
13272,New Customers,United Kingdom,31,2,276.56,138.28,,15,58,-0.631,-0.555,-0.869,0.721,1.539,Hibernating,0.319,0.359,Settled,0
13273,Hibernating,United Kingdom,113,1,138.98,138.98,,16,0,0.185,-1.057,-1.364,0.855,1.723,New Customers,0.332,0.411,Settled,0
13274,Hibernating,United Kingdom,409,1,360.85,360.85,,19,0,1.006,-1.057,-0.677,0.325,1.852,At Risk,0.149,0.625,Core,0
13275,Hibernating,United Kingdom,384,2,241.66,120.83,,48,248,0.966,-0.555,-0.966,0.325,1.734,At Risk,0.158,0.584,Core,0
13276,At Risk,United Kingdom,64,5,1939.26,387.85,96.1,209,578,-0.176,0.303,0.537,0.576,1.219,New Customers,0.321,0.344,Settled,0
13277,New Customers,United Kingdom,16,7,523.3,74.76,78.3,10,524,-1.037,0.659,-0.409,0.99,1.698,At Risk,0.368,0.299,Settled,0
13278,New Customers,United Kingdom,41,4,1425.35,356.34,121.3,79,569,-0.456,0.077,0.314,0.803,0.882,At Risk,0.477,0.025,Borderline,1
13279,Hibernating,United Kingdom,78,1,137.75,137.75,,9,0,-0.051,-1.057,-1.37,1.057,1.592,New Customers,0.399,0.278,Settled,0
13280,At Risk,United Kingdom,122,7,2322.63,331.8,85.1,159,522,0.233,0.659,0.667,0.464,1.737,New Customers,0.211,0.526,Core,0
13281,Hibernating,United Kingdom,439,1,350.85,350.85,,22,0,1.051,-1.057,-0.698,0.333,1.879,At Risk,0.15,0.63,Core,0
13282,New Customers,United Kingdom,18,4,1313.19,328.3,53.3,42,388,-0.965,0.077,0.255,0.634,1.384,At Risk,0.314,0.349,Settled,0
13283,New Customers,United Kingdom,60,4,373.36,93.34,134.9,19,580,-0.217,0.077,-0.653,0.874,1.263,At Risk,0.409,0.183,Borderline,1
13284,Hibernating,United Kingdom,331,1,201.19,201.19,,13,0,0.871,-1.057,-1.098,0.277,2.095,New Customers,0.117,0.665,Core,0
13285,Champions,United Kingdom,23,6,3364.59,560.76,101.8,182,600,-0.815,0.494,0.935,1.17,1.322,At Risk,0.47,0.026,Borderline,1
13286,Hibernating,United Kingdom,600,1,734.91,734.91,,46,0,1.252,-1.057,-0.164,0.851,1.707,At Risk,0.333,0.429,Settled,0
13287,Hibernating,United Kingdom,603,3,781.59,260.53,0.5,46,101,1.255,-0.199,-0.12,1.093,1.137,At Risk,0.49,0.048,Borderline,1
13288,At Risk,United Kingdom,443,5,927.61,185.52,49.2,7,223,1.057,0.303,0.004,0.793,1.487,Hibernating,0.348,0.34,Settled,0
13289,Hibernating,United Kingdom,724,1,307.95,307.95,,16,0,1.372,-1.057,-0.792,0.543,2.069,At Risk,0.208,0.614,Core,0
13291,At Risk,United Kingdom,156,11,3320.84,301.89,70.6,155,510,0.39,1.161,0.926,1.0,1.627,Champions,0.381,0.335,Settled,0
13292,New Customers,United Kingdom,39,5,994.51,198.9,79.7,55,487,-0.488,0.303,0.054,0.787,0.957,At Risk,0.451,0.076,Borderline,1
13293,At Risk,United Kingdom,392,6,1192.94,198.82,42.8,51,276,0.979,0.494,0.186,0.67,1.741,Hibernating,0.278,0.458,Settled,0
13294,At Risk,United Kingdom,190,3,1689.53,563.18,168.5,93,456,0.516,-0.199,0.437,0.505,1.538,Hibernating,0.247,0.444,Settled,0
13295,At Risk,United Kingdom,360,4,1101.97,275.49,65.9,56,217,0.924,0.077,0.129,0.651,1.395,Hibernating,0.318,0.368,Settled,0
13296,At Risk,United Kingdom,137,6,792.51,132.08,99.9,50,439,0.307,0.494,-0.11,0.586,1.444,New Customers,0.289,0.414,Settled,0
13297,Champions,United Kingdom,8,7,4368.62,624.09,109.1,108,534,-1.445,0.659,1.124,0.962,1.764,New Customers,0.353,0.294,Settled,0
13298,New Customers,United Kingdom,1,1,360.0,360.0,,2,0,-2.41,-1.057,-0.679,1.753,3.301,Hibernating,0.347,0.426,Settled,0
13299,At Risk,United Kingdom,268,3,1218.7,406.23,25.0,56,260,0.736,-0.199,0.201,0.642,1.295,Hibernating,0.331,0.325,Settled,0
13300,At Risk,United Kingdom,169,3,1285.51,428.5,16.5,44,404,0.441,-0.199,0.24,0.529,1.391,Hibernating,0.275,0.397,Settled,0
13301,At Risk,United Kingdom,104,4,600.19,150.05,6.2,74,188,0.132,0.077,-0.31,0.816,1.091,New Customers,0.428,0.183,Borderline,1
13302,Hibernating,United Kingdom,155,2,159.2,79.6,,3,371,0.386,-0.555,-1.266,0.684,1.653,New Customers,0.293,0.452,Settled,0
13303,Hibernating,United Kingdom,400,1,61.72,61.72,,4,0,0.992,-1.057,-1.945,1.066,2.644,New Customers,0.287,0.553,Core,0
13304,At Risk,United Kingdom,351,4,1217.99,304.5,13.1,59,318,0.908,0.077,0.201,0.606,1.449,Hibernating,0.295,0.401,Settled,0
13305,Champions,United Kingdom,4,16,3754.71,234.67,36.9,153,635,-1.822,1.592,1.014,0.771,2.462,New Customers,0.239,0.496,Settled,0
13306,Hibernating,United Kingdom,430,1,53.65,53.65,,4,0,1.038,-1.057,-2.044,1.169,2.742,New Customers,0.299,0.537,Core,0
13307,Hibernating,United Kingdom,120,3,273.34,91.11,131.0,15,472,0.223,-0.199,-0.878,0.932,1.283,New Customers,0.421,0.219,Borderline,1
13308,New Customers,United Kingdom,23,4,1670.37,417.59,150.9,65,574,-0.815,0.077,0.429,0.778,1.225,At Risk,0.388,0.225,Borderline,1
13309,New Customers,United Kingdom,7,6,1706.37,284.4,31.7,95,385,-1.521,0.494,0.444,1.23,1.44,Champions,0.461,0.143,Borderline,1
13310,New Customers,United Kingdom,28,5,1541.2,308.24,59.7,80,374,-0.694,0.303,0.371,0.887,1.087,At Risk,0.449,0.1,Borderline,1
13311,New Customers,United Kingdom,4,2,598.57,299.29,,25,145,-1.822,-0.555,-0.312,0.969,2.484,At Risk,0.281,0.502,Core,0
13312,Hibernating,United Kingdom,451,1,124.75,124.75,,5,0,1.069,-1.057,-1.442,0.604,2.407,At Risk,0.201,0.649,Core,0
13313,Champions,United Kingdom,22,12,3445.32,287.11,42.2,105,715,-0.843,1.26,0.952,0.57,1.653,At Risk,0.256,0.379,Settled,0
13314,New Customers,United Kingdom,2,3,775.94,258.65,26.0,55,72,-2.15,-0.199,-0.125,1.272,2.499,Champions,0.337,0.43,Settled,0
13315,Hibernating,United Kingdom,689,1,310.26,310.26,,22,0,1.34,-1.057,-0.786,0.516,2.051,At Risk,0.201,0.618,Core,0
13316,Champions,United Kingdom,37,10,13191.57,1319.16,53.3,115,602,-0.521,1.053,1.923,0.965,1.905,At Risk,0.336,0.302,Settled,0
13317,Champions,United Kingdom,66,19,6486.09,341.37,38.3,221,660,-0.157,1.794,1.41,1.011,1.874,At Risk,0.35,0.285,Settled,0
13318,New Customers,United Kingdom,1,3,640.76,213.59,14.0,14,36,-2.41,-0.199,-0.263,1.526,2.697,Champions,0.361,0.392,Settled,0
13319,Champions,United Kingdom,5,58,22082.5,380.73,11.8,345,727,-1.705,3.133,2.295,1.937,3.993,At Risk,0.327,0.462,Settled,0
13320,At Risk,United Kingdom,78,6,2228.1,371.35,78.8,98,400,-0.051,0.494,0.637,0.527,1.455,New Customers,0.266,0.441,Settled,0
13321,New Customers,United Kingdom,72,2,567.36,283.68,,10,14,-0.102,-0.555,-0.351,0.832,1.165,Hibernating,0.417,0.16,Borderline,1
13322,New Customers,United Kingdom,17,1,199.48,199.48,,25,0,-1.0,-1.057,-1.104,1.148,1.898,Hibernating,0.377,0.316,Settled,0
13323,New Customers,United Kingdom,3,5,787.85,157.57,18.6,6,81,-1.966,0.303,-0.114,1.244,2.093,Champions,0.373,0.35,Settled,0
13324,Champions,United Kingdom,36,18,10513.47,584.08,32.4,36,527,-0.538,1.73,1.759,0.744,2.166,At Risk,0.256,0.432,Settled,0
13325,Hibernating,United Kingdom,82,1,675.3,675.3,,12,0,-0.019,-1.057,-0.225,1.141,1.149,New Customers,0.498,0.037,Borderline,1
13326,Hibernating,United Kingdom,432,1,281.76,281.76,,13,0,1.041,-1.057,-0.856,0.259,1.975,At Risk,0.116,0.657,Core,0
13327,Champions,United Kingdom,39,19,9797.87,515.68,19.6,174,682,-0.488,1.794,1.708,0.778,2.158,At Risk,0.265,0.422,Settled,0
13328,Hibernating,United Kingdom,316,1,1308.48,1308.48,,17,0,0.841,-1.057,0.253,1.172,1.432,At Risk,0.45,0.176,Borderline,1
13329,Champions,United Kingdom,32,8,5112.97,639.12,122.4,68,703,-0.611,0.805,1.238,0.908,1.384,At Risk,0.396,0.164,Borderline,1
13330,At Risk,United Kingdom,93,6,2806.18,467.7,20.0,80,562,0.061,0.494,0.804,0.536,1.624,New Customers,0.248,0.481,Settled,0
13331,Hibernating,United Kingdom,402,1,262.4,262.4,,12,0,0.995,-1.057,-0.907,0.228,1.995,At Risk,0.103,0.663,Core,0
13332,New Customers,United Kingdom,14,1,350.9,350.9,,21,0,-1.117,-1.057,-0.698,0.907,2.014,Hibernating,0.311,0.426,Settled,0
13333,At Risk,United Kingdom,411,3,1015.74,338.58,77.5,54,247,1.009,-0.199,0.07,0.869,1.184,Hibernating,0.423,0.17,Borderline,1
13334,At Risk,United Kingdom,82,5,6263.75,1252.75,51.2,307,570,-0.019,0.303,1.384,1.035,1.664,Champions,0.384,0.321,Settled,0
13336,New Customers,United Kingdom,77,1,795.12,795.12,,51,0,-0.059,-1.057,-0.107,1.127,1.244,Hibernating,0.475,0.034,Borderline,1
13337,Hibernating,United Kingdom,546,1,1575.26,1575.26,,87,0,1.191,-1.057,0.387,1.341,1.568,At Risk,0.461,0.148,Borderline,1
13338,At Risk,United Kingdom,158,4,2345.62,586.4,151.5,112,545,0.398,0.077,0.674,0.321,1.626,New Customers,0.165,0.522,Core,0
13339,Hibernating,United Kingdom,201,1,860.12,860.12,,54,0,0.552,-1.057,-0.05,0.933,1.441,At Risk,0.393,0.295,Settled,0
13340,Champions,United Kingdom,45,12,22100.56,1841.71,52.6,190,609,-0.398,1.26,2.296,1.225,2.243,At Risk,0.353,0.308,Settled,0
13341,Hibernating,United Kingdom,261,1,775.85,775.85,,42,0,0.719,-1.057,-0.125,0.818,1.495,At Risk,0.354,0.372,Settled,0
13343,Hibernating,United Kingdom,178,1,303.43,303.43,,18,0,0.474,-1.057,-0.802,0.459,1.653,New Customers,0.217,0.534,Core,0
13344,At Risk,United Kingdom,68,3,2543.72,847.91,105.0,115,209,-0.138,-0.199,0.733,0.78,1.236,New Customers,0.387,0.25,Settled,0
13345,Hibernating,United Kingdom,288,1,339.5,339.5,,19,0,0.782,-1.057,-0.721,0.283,1.817,At Risk,0.135,0.617,Core,0
13346,Hibernating,United Kingdom,463,6,299.4,49.9,14.7,4,133,1.086,0.494,-0.812,1.374,1.441,At Risk,0.488,0.04,Borderline,1
13347,Hibernating,United Kingdom,70,1,291.36,291.36,,7,0,-0.119,-1.057,-0.832,1.018,1.225,New Customers,0.454,0.138,Borderline,1
13348,Hibernating,United Kingdom,64,1,233.76,233.76,,14,0,-0.176,-1.057,-0.99,1.075,1.276,New Customers,0.457,0.13,Borderline,1
13349,New Customers,United Kingdom,11,1,197.32,197.32,,15,0,-1.26,-1.057,-1.112,1.207,2.157,Hibernating,0.359,0.364,Settled,0
13350,New Customers,United Kingdom,16,2,879.12,439.56,,35,63,-1.037,-0.555,-0.035,0.358,1.724,At Risk,0.172,0.5,Core,0
13351,Hibernating,United Kingdom,66,1,323.94,323.94,,15,0,-0.157,-1.057,-0.755,1.062,1.167,New Customers,0.477,0.081,Borderline,1
13352,New Customers,United Kingdom,60,1,347.98,347.98,,23,0,-0.217,-1.057,-0.704,1.108,1.129,Hibernating,0.495,-0.008,Borderline,1
13354,New Customers,United Kingdom,71,1,743.53,743.53,,51,0,-0.11,-1.057,-0.156,1.085,1.254,Hibernating,0.464,0.065,Borderline,1
13355,Hibernating,United Kingdom,122,1,674.7,674.7,,32,0,0.233,-1.057,-0.226,0.954,1.35,New Customers,0.414,0.246,Borderline,1
13356,New Customers,United Kingdom,80,1,768.24,768.24,,42,0,-0.035,-1.057,-0.132,1.142,1.21,Hibernating,0.486,0.005,Borderline,1
13357,At Risk,United Kingdom,257,5,3817.36,763.47,87.7,283,369,0.709,0.303,1.026,0.673,2.129,New Customers,0.24,0.54,Core,0
13358,Hibernating,United Kingdom,269,1,389.03,389.03,,28,0,0.738,-1.057,-0.623,0.369,1.747,At Risk,0.174,0.586,Core,0
13359,New Customers,United Kingdom,64,2,943.31,471.66,,51,339,-0.176,-0.555,0.016,0.798,1.1,At Risk,0.42,0.159,Borderline,1
13360,At Risk,United Kingdom,432,4,1503.65,375.91,91.5,57,269,1.041,0.077,0.353,0.689,1.576,Hibernating,0.304,0.407,Settled,0
13361,At Risk,United Kingdom,472,2,1450.5,725.25,,29,145,1.098,-0.555,0.327,1.107,1.286,Hibernating,0.463,0.073,Borderline,1
13362,Champions,United Kingdom,9,7,5394.07,770.58,59.8,186,415,-1.377,0.659,1.276,0.916,1.866,New Customers,0.329,0.335,Settled,0
13363,New Customers,United Kingdom,18,3,1623.86,541.29,170.0,77,392,-0.965,-0.199,0.409,0.666,1.442,At Risk,0.316,0.348,Settled,0
13364,Hibernating,United Kingdom,71,1,134.96,134.96,,10,0,-0.11,-1.057,-1.385,1.116,1.572,New Customers,0.415,0.243,Borderline,1
13365,New Customers,United Kingdom,34,2,2225.37,1112.68,,122,184,-0.573,-0.555,0.636,0.967,1.298,At Risk,0.427,0.156,Borderline,1
13366,Hibernating,United Kingdom,50,1,56.16,56.16,,1,0,-0.332,-1.057,-2.012,1.652,2.0,New Customers,0.452,0.163,Borderline,1
13367,Hibernating,United Kingdom,432,1,460.2,460.2,,19,0,1.041,-1.057,-0.502,0.475,1.765,At Risk,0.212,0.575,Core,0
13368,At Risk,United Kingdom,257,4,1021.5,255.38,33.0,44,166,0.709,0.077,0.074,0.525,1.365,Hibernating,0.278,0.4,Settled,0
13369,Hibernating,United Kingdom,366,1,516.56,516.56,,13,0,0.935,-1.057,-0.419,0.525,1.685,At Risk,0.238,0.54,Core,0
13370,Hibernating,United Kingdom,372,1,1509.74,1509.74,,39,0,0.945,-1.057,0.356,1.276,1.459,At Risk,0.466,0.133,Borderline,1
13371,At Risk,United Kingdom,505,2,2297.66,1148.83,,75,127,1.141,-0.555,0.659,1.153,1.614,Hibernating,0.417,0.205,Borderline,1
13372,Hibernating,United Kingdom,90,1,328.64,328.64,,22,0,0.04,-1.057,-0.745,0.874,1.295,New Customers,0.403,0.249,Borderline,1
13373,At Risk,United Kingdom,61,6,7587.19,1264.53,38.1,292,672,-0.206,0.494,1.523,1.259,1.407,Champions,0.472,0.136,Borderline,1
13374,Hibernating,United Kingdom,415,2,372.8,186.4,,16,34,1.015,-0.555,-0.654,0.418,1.513,At Risk,0.217,0.524,Core,0
13375,At Risk,United Kingdom,89,2,1792.23,896.12,,62,356,0.033,-0.555,0.48,0.919,1.197,New Customers,0.434,0.167,Borderline,1
13376,At Risk,United Kingdom,99,3,869.76,289.92,36.5,44,135,0.1,-0.199,-0.042,0.742,1.014,New Customers,0.422,0.18,Borderline,1
13377,At Risk,United Kingdom,397,2,1452.88,726.44,,70,249,0.987,-0.555,0.328,1.04,1.273,Hibernating,0.45,0.104,Borderline,1
13379,New Customers,United Kingdom,26,3,572.56,190.85,13.0,85,110,-0.74,-0.199,-0.344,0.208,1.457,At Risk,0.125,0.465,Settled,0
13380,Hibernating,United Kingdom,433,1,62.4,62.4,,3,0,1.043,-1.057,-1.937,1.065,2.675,New Customers,0.285,0.558,Core,0
13381,Champions,United Kingdom,32,12,8224.37,685.36,23.4,154,706,-0.611,1.26,1.581,0.633,1.806,At Risk,0.26,0.381,Settled,0
13382,At Risk,United Kingdom,281,5,1387.58,277.52,64.8,74,451,0.766,0.303,0.295,0.4,1.674,Hibernating,0.193,0.516,Core,0
13383,Hibernating,United Kingdom,544,1,305.28,305.28,,1,0,1.189,-1.057,-0.798,0.383,1.992,At Risk,0.161,0.641,Core,0
13384,Champions,United Kingdom,31,11,6680.83,607.35,57.9,192,469,-0.631,1.161,1.431,0.633,1.672,At Risk,0.275,0.352,Settled,0
13385,Hibernating,United Kingdom,330,1,534.57,534.57,,35,0,0.869,-1.057,-0.394,0.545,1.652,At Risk,0.248,0.524,Core,0
13386,Hibernating,United Kingdom,414,2,835.46,417.73,,24,22,1.014,-0.555,-0.071,0.896,1.165,At Risk,0.435,0.202,Borderline,1
13387,Hibernating,United Kingdom,417,1,184.34,184.34,,70,0,1.019,-1.057,-1.161,0.354,2.18,At Risk,0.14,0.671,Core,0
13388,At Risk,United Kingdom,131,3,1185.65,395.22,236.0,68,472,0.279,-0.199,0.181,0.562,1.246,New Customers,0.311,0.362,Settled,0
13389,New Customers,United Kingdom,11,3,797.96,265.99,47.5,50,221,-1.26,-0.199,-0.105,0.412,1.804,At Risk,0.186,0.511,Core,0
13390,Hibernating,United Kingdom,75,1,544.08,544.08,,13,0,-0.076,-1.057,-0.381,1.104,1.115,New Customers,0.497,0.035,Borderline,1
13391,Hibernating,United Kingdom,204,1,59.8,59.8,,1,0,0.561,-1.057,-1.967,1.127,2.374,New Customers,0.322,0.478,Settled,0
13392,Hibernating,United Kingdom,677,1,91.14,91.14,,8,0,1.329,-1.057,-1.666,0.909,2.666,At Risk,0.254,0.602,Core,0
13393,At Risk,United Kingdom,584,4,1131.45,282.86,29.5,53,148,1.234,0.077,0.148,0.916,1.453,Hibernating,0.387,0.271,Settled,0
13394,Champions,United Kingdom,2,19,6621.7,348.51,19.4,254,736,-2.15,1.794,1.425,1.051,2.964,New Customers,0.262,0.513,Core,0
13395,At Risk,United Kingdom,185,3,1180.23,393.41,97.0,77,236,0.499,-0.199,0.178,0.562,1.323,Hibernating,0.298,0.364,Settled,0
13396,New Customers,United Kingdom,29,2,1360.99,680.5,,42,290,-0.672,-0.555,0.281,0.62,1.367,At Risk,0.312,0.334,Settled,0
13397,At Risk,United Kingdom,73,10,3191.87,319.19,37.2,68,616,-0.093,1.053,0.897,1.015,1.236,Champions,0.451,0.189,Borderline,1
13398,Hibernating,United Kingdom,192,2,670.34,335.17,,37,256,0.523,-0.555,-0.23,0.82,1.083,At Risk,0.431,0.193,Borderline,1
13399,Hibernating,United Kingdom,464,3,275.4,91.8,13.5,10,54,1.087,-0.199,-0.872,0.696,1.559,At Risk,0.309,0.421,Settled,0
13400,Hibernating,United Kingdom,583,1,310.83,310.83,,23,0,1.233,-1.057,-0.785,0.423,2.003,At Risk,0.174,0.634,Core,0
13402,At Risk,United Kingdom,127,4,1535.13,383.78,76.5,55,437,0.259,0.077,0.368,0.259,1.355,New Customers,0.16,0.472,Settled,0
13403,New Customers,United Kingdom,18,3,229.5,76.5,17.0,9,705,-0.965,-0.199,-1.003,0.771,1.961,Hibernating,0.282,0.445,Settled,0
13404,New Customers,United Kingdom,1,2,252.49,126.24,,11,211,-2.41,-0.555,-0.935,1.69,3.23,At Risk,0.344,0.433,Settled,0
13405,At Risk,United Kingdom,204,5,1198.81,239.76,31.0,32,520,0.561,0.303,0.189,0.298,1.628,Hibernating,0.155,0.525,Core,0
13406,Hibernating,United Kingdom,427,2,568.92,284.46,,7,204,1.034,-0.555,-0.349,0.652,1.319,At Risk,0.331,0.39,Settled,0
13407,At Risk,United Kingdom,579,3,2244.7,748.23,20.5,85,83,1.229,-0.199,0.643,0.993,1.718,Hibernating,0.366,0.32,Settled,0
13408,Champions,United Kingdom,2,106,51733.46,488.05,6.5,320,733,-2.15,3.87,2.911,2.981,5.041,At Risk,0.372,0.387,Settled,0
13410,Champions,United Kingdom,24,9,2201.96,244.66,68.9,25,707,-0.789,0.935,0.629,1.006,1.359,At Risk,0.425,0.128,Borderline,1
13411,Hibernating,United Kingdom,107,1,213.55,213.55,,17,0,0.15,-1.057,-1.055,0.768,1.517,New Customers,0.336,0.38,Settled,0
13412,Hibernating,United Kingdom,620,1,487.35,487.35,,33,0,1.273,-1.057,-0.461,0.625,1.842,At Risk,0.253,0.547,Core,0
13413,At Risk,United Kingdom,640,6,429.44,71.57,14.6,38,47,1.293,0.494,-0.552,1.352,1.461,Hibernating,0.481,0.053,Borderline,1
13414,At Risk,United Kingdom,134,6,2494.14,415.69,51.8,48,469,0.293,0.494,0.719,0.364,1.721,New Customers,0.174,0.54,Core,0
13415,At Risk,United Kingdom,473,4,800.67,200.17,65.1,85,255,1.099,0.077,-0.102,0.914,1.254,Hibernating,0.422,0.187,Borderline,1
13416,New Customers,United Kingdom,44,3,940.8,313.6,308.5,16,692,-0.412,-0.199,0.014,0.552,1.029,At Risk,0.349,0.234,Borderline,1
13417,New Customers,United Kingdom,5,6,1669.49,278.25,123.7,57,664,-1.705,0.494,0.429,1.326,1.51,Champions,0.468,0.128,Borderline,1
13418,Champions,United Kingdom,12,31,12233.6,394.63,25.7,328,716,-1.209,2.375,1.868,0.984,2.994,At Risk,0.247,0.524,Core,0
13419,Hibernating,United Kingdom,64,1,221.06,221.06,,16,0,-0.176,-1.057,-1.03,1.079,1.3,New Customers,0.453,0.14,Borderline,1
13420,Hibernating,United Kingdom,150,2,159.85,79.92,,8,20,0.365,-0.555,-1.264,0.697,1.635,New Customers,0.299,0.442,Settled,0
13421,Champions,United Kingdom,40,8,4092.62,511.58,80.7,173,622,-0.472,0.805,1.077,1.027,1.193,At Risk,0.463,0.015,Borderline,1
13422,New Customers,United Kingdom,64,1,2626.3,2626.3,,127,0,-0.176,-1.057,0.756,1.439,1.497,At Risk,0.49,0.015,Borderline,1
13423,Hibernating,United Kingdom,429,1,217.03,217.03,,12,0,1.037,-1.057,-1.044,0.289,2.101,At Risk,0.121,0.671,Core,0
13424,Hibernating,United Kingdom,450,1,572.77,572.77,,40,0,1.067,-1.057,-0.344,0.622,1.696,At Risk,0.268,0.515,Core,0
13425,At Risk,United Kingdom,108,5,3403.63,680.73,60.9,124,471,0.156,0.303,0.943,0.561,1.694,New Customers,0.249,0.482,Settled,0
13426,Champions,United Kingdom,1,22,8167.38,371.24,25.1,162,729,-2.41,1.967,1.576,1.365,3.285,New Customers,0.293,0.49,Settled,0
13427,New Customers,United Kingdom,19,6,1006.53,167.76,72.6,35,702,-0.933,0.494,0.063,0.858,1.389,At Risk,0.382,0.259,Settled,0
13428,New Customers,United Kingdom,10,3,499.98,166.66,252.0,122,504,-1.316,-0.199,-0.442,0.484,1.98,At Risk,0.196,0.527,Core,0
13429,New Customers,United Kingdom,11,4,1006.8,251.7,12.4,55,64,-1.26,0.077,0.063,0.616,1.706,At Risk,0.265,0.447,Settled,0
13430,New Customers,United Kingdom,19,2,679.45,339.72,,48,67,-0.933,-0.555,-0.221,0.254,1.701,At Risk,0.13,0.515,Core,0
13431,At Risk,United Kingdom,67,8,3316.24,414.53,99.1,113,592,-0.147,0.805,0.925,0.892,1.303,Champions,0.406,0.272,Settled,0
13432,Hibernating,United Kingdom,571,2,436.55,218.28,,97,40,1.22,-0.555,-0.54,0.586,1.533,At Risk,0.276,0.479,Settled,0
13433,At Risk,United Kingdom,501,4,658.32,164.58,43.2,22,195,1.136,0.077,-0.244,1.029,1.176,Hibernating,0.467,0.079,Borderline,1
13434,At Risk,United Kingdom,74,5,1666.86,333.37,104.0,17,581,-0.084,0.303,0.428,0.475,1.211,New Customers,0.282,0.376,Settled,0
13435,Champions,United Kingdom,5,9,4475.23,497.25,58.0,96,494,-1.705,0.935,1.141,0.859,2.031,New Customers,0.297,0.395,Settled,0
13436,New Customers,United Kingdom,2,1,196.89,196.89,,12,0,-2.15,-1.057,-1.114,1.707,3.041,Hibernating,0.36,0.394,Settled,0
13437,Champions,United Kingdom,14,7,3408.06,486.87,20.6,143,175,-1.117,0.659,0.944,0.971,1.548,New Customers,0.386,0.23,Borderline,1
13438,Hibernating,United Kingdom,547,1,46.5,46.5,,1,0,1.192,-1.057,-2.145,1.297,2.917,New Customers,0.308,0.526,Core,0
13439,At Risk,United Kingdom,255,3,986.61,328.87,2.5,132,270,0.704,-0.199,0.049,0.697,1.172,Hibernating,0.373,0.25,Settled,0
13440,At Risk,United Kingdom,423,7,1295.25,185.04,7.7,49,28,1.028,0.659,0.245,0.76,1.911,Hibernating,0.284,0.467,Settled,0
13441,New Customers,United Kingdom,92,2,720.9,360.45,,33,339,0.054,-0.555,-0.178,0.977,1.096,At Risk,0.471,0.058,Borderline,1
13442,Hibernating,United Kingdom,667,3,419.87,139.96,0.5,33,70,1.319,-0.199,-0.568,0.864,1.451,At Risk,0.373,0.32,Settled,0
13443,At Risk,United Kingdom,449,6,1276.37,212.73,39.4,175,228,1.066,0.494,0.235,0.733,1.779,Hibernating,0.292,0.446,Settled,0
13444,Hibernating,United Kingdom,374,2,631.68,315.84,,51,131,0.949,-0.555,-0.273,0.704,1.235,At Risk,0.363,0.335,Settled,0
13445,Hibernating,United Kingdom,626,1,241.9,241.9,,7,0,1.279,-1.057,-0.966,0.451,2.136,At Risk,0.174,0.648,Core,0
13446,At Risk,United Kingdom,430,11,3881.89,352.9,13.7,113,233,1.038,1.161,1.039,1.242,2.227,Champions,0.358,0.399,Settled,0
13447,New Customers,United Kingdom,23,3,1129.14,376.38,4.0,55,12,-0.815,-0.199,0.146,0.411,1.333,At Risk,0.236,0.394,Settled,0
13448,Champions,United Kingdom,17,12,8881.16,740.1,53.4,320,717,-1.0,1.26,1.637,0.417,2.079,At Risk,0.167,0.482,Settled,0
13449,New Customers,United Kingdom,24,1,291.88,291.88,,19,0,-0.789,-1.057,-0.83,0.958,1.68,Hibernating,0.363,0.321,Settled,0
13450,Champions,United Kingdom,27,13,4120.04,316.93,38.1,57,576,-0.717,1.352,1.082,0.533,1.665,At Risk,0.242,0.384,Settled,0
13451,Champions,United Kingdom,26,11,7189.78,653.62,19.7,560,601,-0.74,1.161,1.484,0.56,1.772,At Risk,0.24,0.394,Settled,0
13452,At Risk,United Kingdom,259,3,729.8,243.27,95.5,2,213,0.714,-0.199,-0.169,0.841,1.002,Hibernating,0.456,0.08,Borderline,1
13453,At Risk,United Kingdom,166,3,781.69,260.56,5.5,33,236,0.43,-0.199,-0.12,0.74,1.119,Hibernating,0.398,0.201,Borderline,1
13454,Hibernating,United Kingdom,641,1,219.87,219.87,,23,0,1.294,-1.057,-1.034,0.479,2.188,At Risk,0.18,0.649,Core,0
13455,Champions,United Kingdom,25,6,2905.93,484.32,109.5,79,706,-0.764,0.494,0.829,1.227,1.238,At Risk,0.498,-0.049,Borderline,1
13456,New Customers,United Kingdom,18,6,1766.72,294.45,29.8,43,189,-0.965,0.494,0.47,1.074,1.372,At Risk,0.439,0.152,Borderline,1
13457,Hibernating,United Kingdom,689,2,148.22,74.11,,9,48,1.34,-0.555,-1.318,0.693,2.164,At Risk,0.243,0.57,Core,0
13458,Champions,United Kingdom,7,16,11959.27,747.45,9.1,290,381,-1.521,1.592,1.852,0.632,2.713,At Risk,0.189,0.547,Core,0
13459,Hibernating,United Kingdom,625,2,1160.41,580.2,,57,57,1.278,-0.555,0.166,1.182,1.254,At Risk,0.485,0.076,Borderline,1
13460,New Customers,United Kingdom,29,2,183.44,91.72,,16,20,-0.672,-0.555,-1.165,0.978,1.601,Hibernating,0.379,0.277,Settled,0
13461,At Risk,United Kingdom,39,6,4160.0,693.33,72.1,30,558,-0.488,0.494,1.089,1.114,1.257,Champions,0.47,0.138,Borderline,1
13462,At Risk,United Kingdom,253,5,1153.85,230.77,78.4,64,473,0.699,0.303,0.162,0.411,1.588,Hibernating,0.206,0.494,Settled,0
13464,At Risk,United Kingdom,58,6,3097.64,516.27,122.4,128,559,-0.238,0.494,0.875,0.795,1.457,Champions,0.353,0.362,Settled,0
13465,Hibernating,United Kingdom,446,2,931.12,465.56,,34,139,1.062,-0.555,0.007,0.977,1.161,At Risk,0.457,0.151,Borderline,1
13466,At Risk,United Kingdom,184,5,1013.35,202.67,80.2,49,444,0.495,0.303,0.068,0.381,1.543,New Customers,0.198,0.494,Settled,0
13467,New Customers,United Kingdom,11,2,1083.71,541.86,,89,25,-1.26,-0.555,0.116,0.575,1.882,At Risk,0.234,0.485,Settled,0
13468,Champions,United Kingdom,2,72,13390.51,185.98,5.7,290,734,-2.15,3.397,1.934,2.195,4.284,At Risk,0.339,0.444,Settled,0
13469,Hibernating,United Kingdom,653,1,82.4,82.4,,6,0,1.306,-1.057,-1.738,0.959,2.715,At Risk,0.261,0.595,Core,0
13470,Hibernating,United Kingdom,99,2,165.0,82.5,,7,15,0.1,-0.555,-1.241,0.901,1.426,New Customers,0.387,0.287,Settled,0
13471,New Customers,United Kingdom,1,4,2531.58,632.9,9.0,214,46,-2.41,0.077,0.73,1.847,2.039,Champions,0.475,0.109,Borderline,1
13472,Hibernating,United Kingdom,464,2,592.24,296.12,,24,91,1.087,-0.555,-0.32,0.691,1.329,At Risk,0.342,0.377,Settled,0
13473,At Risk,United Kingdom,61,8,2657.76,332.22,105.4,65,663,-0.206,0.805,0.765,0.855,1.322,Champions,0.393,0.295,Settled,0
13474,At Risk,United Kingdom,236,3,663.79,221.26,77.5,116,258,0.654,-0.199,-0.238,0.871,0.965,Hibernating,0.475,0.037,Borderline,1
13475,At Risk,United Kingdom,191,4,1431.78,357.94,7.4,64,107,0.519,0.077,0.318,0.274,1.563,New Customers,0.149,0.516,Core,0
13476,At Risk,United Kingdom,179,5,2061.47,412.29,28.8,86,466,0.478,0.303,0.581,0.172,1.708,New Customers,0.091,0.565,Core,0
13477,Champions,United Kingdom,38,11,2834.17,257.65,44.5,112,646,-0.504,1.161,0.811,0.914,1.304,At Risk,0.412,0.128,Borderline,1
13478,At Risk,United Kingdom,469,5,2215.78,443.16,34.2,114,207,1.094,0.303,0.633,0.731,1.94,Hibernating,0.274,0.48,Settled,0
13479,At Risk,United Kingdom,201,4,851.37,212.84,88.9,45,276,0.552,0.077,-0.058,0.559,1.304,Hibernating,0.3,0.365,Settled,0
13480,Hibernating,United Kingdom,417,2,627.82,313.91,,40,262,1.019,-0.555,-0.278,0.71,1.271,At Risk,0.359,0.346,Settled,0
13481,Champions,United Kingdom,46,11,3830.84,348.26,42.4,162,689,-0.384,1.161,1.029,0.9,1.309,At Risk,0.408,0.131,Borderline,1
13482,Hibernating,United Kingdom,232,2,336.09,168.04,,20,395,0.643,-0.555,-0.729,0.423,1.459,At Risk,0.225,0.494,Settled,0
13483,Hibernating,United Kingdom,66,1,140.34,140.34,,10,0,-0.157,-1.057,-1.357,1.146,1.529,New Customers,0.428,0.21,Borderline,1
13484,At Risk,United Kingdom,241,3,790.72,263.57,57.0,38,398,0.668,-0.199,-0.111,0.783,1.053,Hibernating,0.426,0.144,Borderline,1
13485,At Risk,United Kingdom,233,11,3015.22,274.11,51.2,130,503,0.646,1.161,0.856,1.001,1.887,Champions,0.347,0.404,Settled,0
13486,At Risk,United Kingdom,78,3,1122.41,374.14,11.5,69,76,-0.051,-0.199,0.142,0.721,0.928,New Customers,0.437,0.142,Borderline,1
13487,At Risk,United Kingdom,58,5,846.87,169.37,35.0,31,677,-0.238,0.303,-0.062,0.801,0.909,New Customers,0.468,0.092,Borderline,1
13488,Champions,United Kingdom,17,23,15587.88,677.73,26.7,370,666,-1.0,2.019,2.044,0.849,2.742,At Risk,0.237,0.51,Core,0
13489,At Risk,United Kingdom,105,4,449.52,112.38,52.4,11,189,0.138,0.077,-0.519,1.008,1.129,New Customers,0.472,0.097,Borderline,1
13490,Hibernating,United Kingdom,654,1,154.25,154.25,,8,0,1.307,-1.057,-1.289,0.61,2.371,At Risk,0.205,0.644,Core,0
13491,Champions,United Kingdom,52,27,4566.56,169.13,22.6,144,681,-0.307,2.21,1.156,1.083,2.167,At Risk,0.333,0.335,Settled,0
13492,At Risk,Switzerland,136,3,1269.84,423.28,14.0,38,78,0.303,-0.199,0.231,0.537,1.286,New Customers,0.294,0.384,Settled,0
13493,Hibernating,Switzerland,275,2,498.63,249.32,,5,11,0.752,-0.555,-0.444,0.566,1.271,At Risk,0.308,0.4,Settled,0
13494,Hibernating,United Kingdom,312,1,316.26,316.26,,18,0,0.833,-1.057,-0.772,0.239,1.862,At Risk,0.114,0.633,Core,0
13495,Champions,United Kingdom,8,10,5374.26,537.43,74.5,59,724,-1.445,1.053,1.274,0.583,2.112,New Customers,0.216,0.478,Settled,0
13496,New Customers,United Kingdom,11,2,653.33,326.66,,28,349,-1.26,-0.555,-0.249,0.448,1.977,At Risk,0.185,0.534,Core,0
13497,At Risk,United Kingdom,283,6,1320.33,220.05,49.0,52,386,0.77,0.494,0.259,0.465,1.788,Hibernating,0.206,0.525,Core,0
13498,Hibernating,United Kingdom,730,1,327.38,327.38,,17,0,1.377,-1.057,-0.748,0.559,2.045,At Risk,0.215,0.605,Core,0
13499,New Customers,United Kingdom,18,5,1159.11,231.82,53.0,31,252,-0.965,0.303,0.165,0.737,1.383,At Risk,0.348,0.31,Settled,0
13500,New Customers,United Kingdom,23,4,1466.3,366.58,112.2,77,378,-0.815,0.077,0.335,0.698,1.229,At Risk,0.362,0.263,Settled,0
13501,At Risk,Switzerland,288,3,2885.11,961.7,57.0,90,282,0.782,-0.199,0.824,0.738,1.852,Hibernating,0.285,0.447,Settled,0
13502,New Customers,United Kingdom,17,5,780.5,156.1,78.0,28,531,-1.0,0.303,-0.121,0.631,1.497,At Risk,0.297,0.379,Settled,0
13503,At Risk,United Kingdom,71,5,1824.19,364.84,155.2,157,589,-0.11,0.303,0.493,0.505,1.232,New Customers,0.291,0.374,Settled,0
13504,Hibernating,United Kingdom,64,1,295.93,295.93,,22,0,-0.176,-1.057,-0.82,1.074,1.185,New Customers,0.476,0.083,Borderline,1
13505,At Risk,Switzerland,73,4,3633.63,908.41,29.3,181,159,-0.093,0.077,0.991,0.768,1.518,New Customers,0.336,0.361,Settled,0
13506,At Risk,United Kingdom,316,5,1639.2,327.84,13.5,55,144,0.841,0.303,0.415,0.451,1.759,Hibernating,0.204,0.522,Core,0
13507,New Customers,United Kingdom,3,4,2479.16,619.79,35.7,146,142,-1.966,0.077,0.714,1.492,1.8,Champions,0.453,0.168,Borderline,1
13508,Hibernating,United Kingdom,244,2,287.05,143.52,,27,399,0.676,-0.555,-0.842,0.372,1.557,At Risk,0.193,0.53,Core,0
13509,New Customers,United Kingdom,9,7,1099.72,157.1,78.4,26,498,-1.377,0.659,0.127,1.144,1.531,Champions,0.428,0.216,Borderline,1
13510,Champions,United Kingdom,1,11,4558.29,414.39,50.5,176,717,-2.41,1.161,1.155,1.347,2.535,New Customers,0.347,0.362,Settled,0
13511,Hibernating,United Kingdom,677,1,282.76,282.76,,5,0,1.329,-1.057,-0.853,0.495,2.086,At Risk,0.192,0.63,Core,0
13512,At Risk,United Kingdom,261,4,713.39,178.35,14.3,31,322,0.719,0.077,-0.186,0.732,1.192,Hibernating,0.381,0.247,Borderline,1
13513,At Risk,United Kingdom,127,3,824.59,274.86,50.5,32,528,0.259,-0.199,-0.081,0.722,1.163,New Customers,0.383,0.258,Settled,0
13514,At Risk,United Kingdom,74,4,815.9,203.98,109.3,15,608,-0.084,0.077,-0.089,0.737,0.904,New Customers,0.449,0.124,Borderline,1
13515,At Risk,United Kingdom,73,6,1265.82,210.97,72.4,64,571,-0.093,0.494,0.229,0.563,1.223,New Customers,0.315,0.35,Settled,0
13516,New Customers,United Kingdom,21,4,1685.26,421.32,57.5,55,396,-0.871,0.077,0.435,0.78,1.28,At Risk,0.379,0.249,Borderline,1
13517,At Risk,United Kingdom,60,3,2128.42,709.47,13.0,125,120,-0.217,-0.199,0.604,0.798,1.087,New Customers,0.424,0.176,Borderline,1
13518,Hibernating,United Kingdom,86,1,659.44,659.44,,36,0,0.011,-1.057,-0.242,1.107,1.172,New Customers,0.486,0.07,Borderline,1
13519,New Customers,United Kingdom,78,2,343.21,171.6,,19,364,-0.051,-0.555,-0.713,0.992,0.995,Hibernating,0.499,-0.029,Borderline,1
13520,Champions,Switzerland,59,11,5669.4,515.4,25.8,80,663,-0.227,1.161,1.312,0.982,1.383,At Risk,0.415,0.122,Borderline,1
13521,New Customers,United Kingdom,1,3,1092.39,364.13,0.5,312,8,-2.41,-0.199,0.122,1.569,2.485,Champions,0.387,0.335,Settled,0
13522,New Customers,United Kingdom,30,1,125.8,125.8,,5,0,-0.651,-1.057,-1.436,1.429,1.63,Hibernating,0.467,0.094,Borderline,1
13523,Champions,United Kingdom,33,6,5101.52,850.25,71.5,177,369,-0.592,0.494,1.236,1.183,1.285,At Risk,0.479,-0.014,Borderline,1
13524,New Customers,United Kingdom,41,5,680.18,136.04,18.5,17,179,-0.456,0.303,-0.22,0.747,1.07,At Risk,0.411,0.152,Borderline,1
13525,New Customers,United Kingdom,15,2,628.78,314.39,,5,233,-1.076,-0.555,-0.277,0.314,1.836,At Risk,0.146,0.532,Core,0
13526,Hibernating,United Kingdom,738,2,1182.0,591.0,,29,0,1.384,-0.555,0.179,1.233,1.329,At Risk,0.481,0.085,Borderline,1
13527,Champions,United Kingdom,34,12,4683.74,390.31,42.0,266,653,-0.573,1.26,1.174,0.651,1.555,At Risk,0.295,0.319,Settled,0
13529,Hibernating,United Kingdom,79,2,307.76,153.88,,15,125,-0.043,-0.555,-0.792,0.976,1.038,New Customers,0.485,0.066,Borderline,1
13530,Hibernating,United Kingdom,634,1,402.98,402.98,,18,0,1.287,-1.057,-0.598,0.547,1.919,At Risk,0.222,0.587,Core,0
13531,At Risk,United Kingdom,205,6,1738.52,289.75,57.0,44,531,0.564,0.494,0.458,0.269,1.8,New Customers,0.13,0.574,Core,0
13532,New Customers,United Kingdom,34,1,210.31,210.31,,66,0,-0.573,-1.057,-1.066,1.158,1.473,Hibernating,0.44,0.155,Borderline,1
13533,Hibernating,United Kingdom,183,3,270.79,90.26,42.5,61,84,0.492,-0.199,-0.884,0.767,1.41,At Risk,0.352,0.335,Settled,0
13534,Champions,United Kingdom,2,35,7720.9,220.6,13.5,163,517,-2.15,2.521,1.536,1.426,3.557,At Risk,0.286,0.513,Core,0
13535,Hibernating,United Kingdom,403,1,89.5,89.5,,1,0,0.997,-1.057,-1.679,0.81,2.485,New Customers,0.246,0.605,Core,0
13536,Champions,United Kingdom,1,7,3448.29,492.61,8.9,91,74,-2.41,0.659,0.953,1.602,2.164,New Customers,0.425,0.181,Borderline,1
13537,Hibernating,United Kingdom,426,2,717.85,358.92,,38,26,1.032,-0.555,-0.181,0.799,1.226,At Risk,0.395,0.284,Settled,0
13538,Champions,United Kingdom,43,12,3112.73,259.39,56.2,105,632,-0.426,1.26,0.879,0.897,1.344,At Risk,0.4,0.149,Borderline,1
13539,At Risk,United Kingdom,86,7,1569.36,224.19,48.3,69,504,0.011,0.659,0.384,0.532,1.461,New Customers,0.267,0.44,Settled,0
13540,Hibernating,United Kingdom,467,3,632.39,210.8,94.0,26,188,1.091,-0.199,-0.273,0.939,1.108,At Risk,0.459,0.128,Borderline,1
13541,Hibernating,United Kingdom,427,2,785.25,392.62,,10,143,1.034,-0.555,-0.116,0.858,1.196,At Risk,0.418,0.238,Borderline,1
13542,At Risk,United Kingdom,377,17,4006.17,235.66,11.3,98,352,0.954,1.663,1.061,1.611,2.112,Champions,0.433,0.238,Borderline,1
13543,At Risk,United Kingdom,634,2,1439.61,719.8,,37,52,1.287,-0.555,0.322,1.237,1.327,Hibernating,0.482,0.021,Borderline,1
13544,New Customers,United Kingdom,40,6,829.0,138.17,71.0,219,605,-0.472,0.494,-0.077,0.917,1.023,At Risk,0.473,0.035,Borderline,1
13545,Hibernating,United Kingdom,391,2,374.64,187.32,,54,153,0.977,-0.555,-0.65,0.409,1.495,At Risk,0.215,0.521,Core,0
13546,New Customers,United Kingdom,12,5,1092.14,218.43,62.7,95,411,-1.209,0.303,0.122,0.779,1.63,At Risk,0.323,0.378,Settled,0
13547,Hibernating,United Kingdom,408,1,172.98,172.98,,43,0,1.005,-1.057,-1.207,0.383,2.21,At Risk,0.148,0.669,Core,0
13548,At Risk,United Kingdom,96,3,908.99,303.0,40.5,169,375,0.081,-0.199,-0.011,0.73,1.002,New Customers,0.421,0.18,Borderline,1
13549,New Customers,United Kingdom,26,8,1005.8,125.72,43.9,44,361,-0.74,0.805,0.063,1.162,1.297,At Risk,0.473,0.055,Borderline,1
13550,Hibernating,United Kingdom,383,1,349.51,349.51,,40,0,0.964,-1.057,-0.7,0.295,1.852,At Risk,0.137,0.629,Core,0
13551,Hibernating,United Kingdom,319,2,244.2,122.1,,5,346,0.847,-0.555,-0.959,0.313,1.692,At Risk,0.156,0.574,Core,0
13552,Champions,United Kingdom,66,22,6978.92,317.22,30.2,162,592,-0.157,1.967,1.463,1.072,2.042,At Risk,0.344,0.311,Settled,0
13553,Hibernating,United Kingdom,675,1,517.8,517.8,,85,0,1.327,-1.057,-0.417,0.69,1.848,At Risk,0.272,0.525,Core,0
13554,At Risk,United Kingdom,380,7,1638.28,234.04,6.6,156,66,0.959,0.659,0.415,0.678,2.014,Hibernating,0.252,0.514,Core,0
13555,Champions,United Kingdom,74,13,8999.19,692.25,53.7,264,615,-0.084,1.352,1.646,1.104,1.68,At Risk,0.397,0.186,Borderline,1
13556,Hibernating,United Kingdom,429,2,200.82,100.41,,8,6,1.037,-0.555,-1.099,0.398,1.866,At Risk,0.176,0.593,Core,0
13557,Champions,United Kingdom,28,13,3032.26,233.25,70.0,126,702,-0.694,1.352,0.86,0.688,1.577,At Risk,0.304,0.317,Settled,0
13558,New Customers,United Kingdom,6,4,605.06,151.26,12.8,123,62,-1.606,0.077,-0.304,0.816,2.14,At Risk,0.276,0.481,Settled,0
13559,Hibernating,United Kingdom,513,2,990.0,495.0,,1,30,1.151,-0.555,0.051,1.039,1.2,At Risk,0.464,0.134,Borderline,1
13560,New Customers,United Kingdom,7,1,174.37,174.37,,32,0,-1.521,-1.057,-1.201,1.372,2.424,Hibernating,0.361,0.371,Settled,0
13561,At Risk,United Kingdom,216,11,1820.72,165.52,49.7,131,433,0.598,1.161,0.491,0.897,1.971,Champions,0.313,0.457,Settled,0
13562,At Risk,United Kingdom,82,8,4838.18,604.77,57.2,88,612,-0.019,0.805,1.198,1.008,1.343,Champions,0.429,0.232,Borderline,1
13563,New Customers,United Kingdom,84,2,777.53,388.76,,49,55,-0.004,-0.555,-0.123,0.927,1.087,At Risk,0.46,0.082,Borderline,1
13564,Champions,United Kingdom,354,36,16630.8,461.97,9.7,483,383,0.914,2.555,2.09,2.401,2.855,At Risk,0.457,0.112,Borderline,1
13565,New Customers,United Kingdom,19,3,414.8,138.27,119.0,45,391,-0.933,-0.199,-0.577,0.353,1.735,At Risk,0.169,0.503,Core,0
13566,At Risk,United Kingdom,41,5,1704.27,340.85,120.9,262,598,-0.456,0.303,0.444,0.847,1.015,New Customers,0.455,0.124,Borderline,1
13567,At Risk,United Kingdom,428,4,1083.69,270.92,28.5,180,113,1.035,0.077,0.116,0.749,1.395,Hibernating,0.349,0.327,Settled,0
13568,Hibernating,United Kingdom,173,1,192.85,192.85,,41,0,0.456,-1.057,-1.129,0.516,1.776,New Customers,0.225,0.543,Core,0
13569,New Customers,United Kingdom,17,4,892.28,223.07,151.2,139,411,-1.0,0.077,-0.024,0.456,1.48,At Risk,0.235,0.428,Settled,0
13570,Hibernating,United Kingdom,243,1,239.49,239.49,,27,0,0.673,-1.057,-0.973,0.291,1.88,New Customers,0.134,0.622,Core,0
13571,Champions,United Kingdom,13,26,4546.54,174.87,25.3,263,718,-1.161,2.165,1.153,0.659,2.538,At Risk,0.206,0.514,Core,0
13572,Hibernating,United Kingdom,206,1,1384.25,1384.25,,32,0,0.567,-1.057,0.293,1.251,1.366,At Risk,0.478,0.098,Borderline,1
13573,At Risk,United Kingdom,50,6,915.02,152.5,75.4,72,586,-0.332,0.494,-0.006,0.87,1.003,New Customers,0.465,0.105,Borderline,1
13574,Hibernating,United Kingdom,411,1,421.25,421.25,,84,0,1.009,-1.057,-0.566,0.411,1.788,At Risk,0.187,0.595,Core,0
13575,New Customers,United Kingdom,23,5,732.07,146.41,18.3,41,152,-0.815,0.303,-0.167,0.618,1.348,At Risk,0.314,0.33,Settled,0
13576,Champions,United Kingdom,10,28,11551.74,412.56,12.5,145,721,-1.316,2.254,1.827,0.875,2.951,At Risk,0.229,0.54,Core,0
13577,Champions,United Kingdom,25,11,3484.28,316.75,45.2,101,699,-0.764,1.161,0.96,0.66,1.539,At Risk,0.3,0.322,Settled,0
13578,Hibernating,United Kingdom,409,1,147.66,147.66,,9,0,1.006,-1.057,-1.321,0.479,2.296,At Risk,0.173,0.662,Core,0
13579,New Customers,United Kingdom,15,5,1539.04,307.81,130.0,72,644,-1.076,0.303,0.37,0.885,1.468,At Risk,0.376,0.284,Settled,0
13580,Hibernating,United Kingdom,406,1,107.75,107.75,,5,0,1.001,-1.057,-1.547,0.684,2.415,New Customers,0.221,0.63,Core,0
13581,Hibernating,United Kingdom,309,2,280.53,140.26,,32,104,0.827,-0.555,-0.859,0.314,1.605,At Risk,0.163,0.558,Core,0
13582,Hibernating,United Kingdom,390,2,241.68,120.84,,10,227,0.976,-0.555,-0.966,0.328,1.737,At Risk,0.159,0.584,Core,0
13583,At Risk,United Kingdom,156,2,1445.03,722.52,,92,523,0.39,-0.555,0.324,0.852,1.355,Hibernating,0.386,0.239,Borderline,1
13584,Hibernating,United Kingdom,307,3,392.45,130.82,7.5,74,369,0.823,-0.199,-0.617,0.724,1.237,At Risk,0.369,0.3,Settled,0
13585,Hibernating,United Kingdom,531,3,684.54,228.18,56.0,29,207,1.173,-0.199,-0.215,1.0,1.128,At Risk,0.47,0.101,Borderline,1
13586,Hibernating,United Kingdom,541,1,131.53,131.53,,20,0,1.185,-1.057,-1.404,0.62,2.413,At Risk,0.204,0.648,Core,0
13587,At Risk,United Kingdom,64,4,1673.5,418.38,157.9,27,599,-0.176,0.077,0.43,0.605,1.053,New Customers,0.365,0.259,Settled,0
13588,Champions,United Kingdom,16,9,2478.95,275.44,34.9,131,239,-1.037,0.935,0.714,0.886,1.575,New Customers,0.36,0.277,Settled,0
13589,New Customers,United Kingdom,15,6,1120.74,186.79,76.5,48,719,-1.076,0.494,0.141,0.907,1.509,At Risk,0.375,0.288,Settled,0
13590,Champions,United Kingdom,11,18,6349.59,352.76,30.1,255,726,-1.26,1.73,1.394,0.233,2.392,At Risk,0.089,0.556,Core,0
13591,At Risk,United Kingdom,65,7,2093.94,299.13,52.2,89,660,-0.166,0.659,0.592,0.687,1.467,New Customers,0.319,0.395,Settled,0
13592,New Customers,United Kingdom,36,4,247.96,61.99,68.5,15,228,-0.538,0.077,-0.948,0.875,1.678,At Risk,0.343,0.336,Settled,0
13593,Champions,United Kingdom,108,14,5523.69,394.55,28.3,212,538,0.156,1.437,1.293,1.295,1.453,At Risk,0.471,0.003,Borderline,1
13594,New Customers,United Kingdom,53,2,533.32,266.66,,31,432,-0.295,-0.555,-0.396,0.661,1.313,Hibernating,0.335,0.307,Settled,0
13595,At Risk,United Kingdom,517,3,818.22,272.74,2.0,114,129,1.156,-0.199,-0.087,1.047,1.088,Hibernating,0.49,0.005,Borderline,1
13596,New Customers,United Kingdom,6,2,697.04,348.52,,133,7,-1.606,-0.555,-0.202,0.762,2.26,At Risk,0.252,0.516,Core,0
13597,Hibernating,United Kingdom,400,2,396.71,198.36,,17,2,0.992,-0.555,-0.609,0.44,1.471,At Risk,0.23,0.508,Core,0
13598,New Customers,United Kingdom,47,5,789.59,157.92,174.5,78,604,-0.371,0.303,-0.112,0.81,0.937,At Risk,0.464,0.047,Borderline,1
13599,Champions,United Kingdom,1,33,10167.63,308.11,28.2,235,737,-2.41,2.45,1.735,1.614,3.719,New Customers,0.303,0.495,Settled,0
13600,Hibernating,United Kingdom,312,2,518.42,259.21,,35,321,0.833,-0.555,-0.416,0.577,1.278,At Risk,0.311,0.401,Settled,0
13601,New Customers,United Kingdom,45,4,1185.14,296.29,11.0,160,501,-0.398,0.077,0.181,0.753,0.855,At Risk,0.468,0.038,Borderline,1
13602,At Risk,United Kingdom,65,4,1025.17,256.29,111.1,49,495,-0.166,0.077,0.076,0.695,0.878,New Customers,0.442,0.131,Borderline,1
13603,New Customers,United Kingdom,26,1,164.34,164.34,,27,0,-0.74,-1.057,-1.244,1.26,1.664,Hibernating,0.431,0.19,Borderline,1
13604,Hibernating,United Kingdom,659,1,717.62,717.62,,21,0,1.312,-1.057,-0.181,0.865,1.744,At Risk,0.331,0.433,Settled,0
13605,Hibernating,United Kingdom,387,2,522.67,261.34,,50,184,0.971,-0.555,-0.41,0.588,1.328,At Risk,0.307,0.419,Settled,0
13606,New Customers,United Kingdom,29,3,280.54,93.51,73.0,40,282,-0.672,-0.199,-0.859,0.66,1.686,Hibernating,0.281,0.413,Settled,0
13607,New Customers,United Kingdom,40,2,1078.31,539.16,,110,362,-0.472,-0.555,0.113,0.602,1.25,At Risk,0.325,0.305,Settled,0
13608,Hibernating,United Kingdom,541,1,236.2,236.2,,31,0,1.185,-1.057,-0.983,0.374,2.11,At Risk,0.15,0.66,Core,0
13609,Hibernating,United Kingdom,593,1,167.35,167.35,,7,0,1.244,-1.057,-1.231,0.529,2.305,At Risk,0.187,0.655,Core,0
13610,Champions,United Kingdom,12,14,2174.63,155.33,20.0,308,691,-1.209,1.437,0.62,0.747,1.972,New Customers,0.275,0.41,Settled,0
13611,At Risk,United Kingdom,89,10,3319.53,331.95,53.2,170,647,0.033,1.053,0.925,0.976,1.334,Champions,0.422,0.247,Borderline,1
13612,Hibernating,United Kingdom,633,1,818.29,818.29,,50,0,1.286,-1.057,-0.086,0.934,1.699,At Risk,0.355,0.391,Settled,0
13613,At Risk,United Kingdom,453,5,1039.85,207.97,71.8,50,207,1.072,0.303,0.087,0.764,1.54,Hibernating,0.332,0.369,Settled,0
13614,At Risk,United Kingdom,24,6,2359.19,393.2,46.5,227,527,-0.789,0.494,0.679,1.222,1.225,New Customers,0.5,0.019,Borderline,1
13615,At Risk,United Kingdom,319,8,6272.53,784.07,25.6,259,361,0.847,0.805,1.385,1.174,2.112,Champions,0.357,0.393,Settled,0
13616,Hibernating,United Kingdom,568,2,288.1,144.05,,31,122,1.216,-0.555,-0.84,0.461,1.737,At Risk,0.21,0.559,Core,0
13617,At Risk,United Kingdom,40,8,1278.75,159.84,70.1,48,454,-0.472,0.805,0.236,1.024,1.28,New Customers,0.444,0.165,Borderline,1
13618,Hibernating,United Kingdom,174,1,177.34,177.34,,13,0,0.46,-1.057,-1.189,0.543,1.809,New Customers,0.231,0.544,Core,0
13619,Hibernating,United Kingdom,545,2,230.19,115.1,,38,129,1.19,-0.555,-1.001,0.449,1.847,At Risk,0.195,0.581,Core,0
13620,Hibernating,United Kingdom,528,1,112.34,112.34,,5,0,1.17,-1.057,-1.517,0.708,2.495,At Risk,0.221,0.636,Core,0
13621,Hibernating,United Kingdom,117,1,213.85,213.85,,19,0,0.207,-1.057,-1.054,0.715,1.556,New Customers,0.315,0.415,Settled,0
13622,Hibernating,United Kingdom,696,1,658.95,658.95,,32,0,1.347,-1.057,-0.243,0.833,1.785,At Risk,0.318,0.457,Settled,0
13623,Champions,United Kingdom,31,10,2566.49,256.65,52.7,211,706,-0.631,1.053,0.739,0.932,1.311,At Risk,0.415,0.131,Borderline,1
13624,Hibernating,United Kingdom,388,1,462.08,462.08,,22,0,0.972,-1.057,-0.499,0.459,1.739,At Risk,0.209,0.572,Core,0
13625,Hibernating,United Kingdom,597,1,301.26,301.26,,21,0,1.248,-1.057,-0.807,0.43,2.023,At Risk,0.175,0.636,Core,0
13626,Hibernating,United Kingdom,253,2,707.04,353.52,,44,126,0.699,-0.555,-0.192,0.794,1.096,At Risk,0.42,0.219,Borderline,1
13627,At Risk,United Kingdom,59,7,2245.9,320.84,54.8,118,581,-0.227,0.659,0.643,0.75,1.45,Champions,0.341,0.372,Settled,0
13628,Hibernating,United Kingdom,676,1,310.14,310.14,,16,0,1.328,-1.057,-0.787,0.505,2.045,At Risk,0.198,0.621,Core,0
13629,Champions,United Kingdom,23,19,13370.86,703.73,18.6,28,642,-0.815,1.794,1.933,0.706,2.442,At Risk,0.224,0.49,Settled,0
13630,Champions,United Kingdom,5,7,2031.78,290.25,20.7,51,280,-1.705,0.659,0.571,1.311,1.504,New Customers,0.466,0.052,Borderline,1
13631,At Risk,United Kingdom,100,11,3070.42,279.13,20.1,6,167,0.107,1.161,0.869,1.014,1.385,Champions,0.423,0.249,Borderline,1
13632,Champions,United Kingdom,25,8,3648.15,456.02,64.5,166,586,-0.764,0.805,0.994,0.898,1.383,At Risk,0.394,0.181,Borderline,1
13634,Champions,United Kingdom,33,15,5027.78,335.19,35.9,267,664,-0.592,1.517,1.225,0.557,1.76,At Risk,0.24,0.394,Settled,0
13635,At Risk,United Kingdom,68,4,2999.16,749.79,153.0,135,671,-0.138,0.077,0.852,0.707,1.382,New Customers,0.338,0.341,Settled,0
13636,New Customers,United Kingdom,37,5,949.12,189.82,48.7,57,248,-0.521,0.303,0.021,0.759,1.001,At Risk,0.431,0.116,Borderline,1
13637,New Customers,United Kingdom,52,3,809.25,269.75,48.0,78,174,-0.307,-0.199,-0.094,0.609,1.003,At Risk,0.378,0.197,Borderline,1
13638,New Customers,United Kingdom,16,1,122.64,122.64,,8,0,-1.037,-1.057,-1.454,1.432,2.001,Hibernating,0.417,0.236,Borderline,1
13639,At Risk,United Kingdom,74,2,1346.27,673.14,,49,362,-0.084,-0.555,0.273,0.983,0.988,New Customers,0.499,0.019,Borderline,1
13640,Hibernating,United Kingdom,611,1,405.0,405.0,,4,0,1.263,-1.057,-0.594,0.531,1.906,At Risk,0.218,0.589,Core,0
13641,At Risk,United Kingdom,641,4,942.37,235.59,36.8,40,93,1.294,0.077,0.015,1.018,1.378,Hibernating,0.425,0.188,Borderline,1
13642,At Risk,United Kingdom,216,4,514.72,128.68,102.3,93,217,0.598,0.077,-0.421,0.905,1.092,Hibernating,0.453,0.101,Borderline,1
13643,Champions,United Kingdom,31,10,2156.77,215.68,50.7,71,700,-0.631,1.053,0.614,1.019,1.288,At Risk,0.442,0.077,Borderline,1
13644,New Customers,United Kingdom,16,4,2624.26,656.06,1.7,144,89,-1.037,0.077,0.756,1.08,1.479,At Risk,0.422,0.193,Borderline,1
13645,Hibernating,United Kingdom,120,1,252.1,252.1,,5,0,0.223,-1.057,-0.936,0.684,1.509,New Customers,0.312,0.413,Settled,0
13646,Hibernating,United Kingdom,400,2,326.25,163.12,,58,0,0.992,-0.555,-0.75,0.361,1.574,At Risk,0.187,0.549,Core,0
13647,Champions,United Kingdom,10,8,3071.68,383.96,77.3,98,593,-1.316,0.805,0.869,0.899,1.63,New Customers,0.356,0.284,Settled,0
13648,At Risk,United Kingdom,400,8,1759.07,219.88,43.6,94,337,0.992,0.805,0.466,0.792,2.16,Hibernating,0.268,0.509,Core,0
13649,At Risk,United Kingdom,257,6,1678.88,279.81,35.0,97,270,0.709,0.494,0.433,0.378,1.91,New Customers,0.165,0.566,Core,0
13650,Champions,United Kingdom,17,10,3288.0,328.8,47.7,127,666,-1.0,1.053,0.918,0.667,1.659,At Risk,0.287,0.364,Settled,0
13651,New Customers,United Kingdom,40,2,211.85,105.93,,13,342,-0.472,-0.555,-1.061,0.95,1.392,Hibernating,0.406,0.208,Borderline,1
13652,At Risk,United Kingdom,46,5,2570.85,514.17,68.4,116,606,-0.384,0.303,0.741,0.834,1.262,New Customers,0.398,0.25,Settled,0
13653,Hibernating,United Kingdom,488,1,152.2,152.2,,9,0,1.119,-1.057,-1.299,0.504,2.313,At Risk,0.179,0.661,Core,0
13654,Champions,United Kingdom,43,11,6308.0,573.45,47.9,262,694,-0.426,1.161,1.389,0.802,1.53,At Risk,0.344,0.254,Settled,0
13655,At Risk,United Kingdom,114,6,2280.51,380.08,61.6,103,477,0.19,0.494,0.654,0.361,1.615,New Customers,0.183,0.519,Core,0
13656,At Risk,United Kingdom,165,4,1078.85,269.71,34.0,81,430,0.426,0.077,0.113,0.386,1.414,New Customers,0.215,0.464,Settled,0
13657,New Customers,United Kingdom,11,2,382.14,191.07,,16,190,-1.26,-0.555,-0.636,0.596,2.141,At Risk,0.218,0.537,Core,0
13658,Champions,United Kingdom,10,9,6025.5,669.5,58.7,164,662,-1.316,0.935,1.356,0.63,2.045,At Risk,0.236,0.451,Settled,0
13659,At Risk,United Kingdom,206,12,4894.88,407.91,35.4,224,455,0.567,1.26,1.206,1.253,1.73,Champions,0.42,0.263,Settled,0
13660,Hibernating,United Kingdom,400,1,314.59,314.59,,39,0,0.992,-1.057,-0.776,0.26,1.908,At Risk,0.12,0.645,Core,0
13661,Hibernating,United Kingdom,603,1,325.24,325.24,,17,0,1.255,-1.057,-0.752,0.451,1.992,At Risk,0.185,0.626,Core,0
13662,At Risk,United Kingdom,86,11,2250.11,204.56,53.7,126,572,0.011,1.161,0.644,0.973,1.399,Champions,0.41,0.272,Settled,0
13663,At Risk,United Kingdom,179,5,2047.51,409.5,96.8,87,467,0.478,0.303,0.576,0.167,1.705,New Customers,0.089,0.565,Core,0
13665,At Risk,United Kingdom,386,3,1711.66,570.55,23.0,97,117,0.969,-0.199,0.447,0.758,1.506,Hibernating,0.335,0.351,Settled,0
13666,New Customers,United Kingdom,60,5,127.05,25.41,116.8,18,675,-0.217,0.303,-1.428,1.492,1.682,Hibernating,0.47,0.066,Borderline,1
13667,Hibernating,United Kingdom,149,1,305.02,305.02,,82,0,0.361,-1.057,-0.799,0.562,1.559,New Customers,0.265,0.476,Settled,0
13668,Champions,United Kingdom,3,35,13089.94,374.0,15.0,411,725,-1.966,2.521,1.917,1.405,3.568,At Risk,0.282,0.52,Core,0
13669,New Customers,United Kingdom,51,3,413.55,137.85,79.5,13,356,-0.319,-0.199,-0.579,0.669,1.33,At Risk,0.335,0.311,Settled,0
13670,Hibernating,United Kingdom,75,1,349.7,349.7,,25,0,-0.076,-1.057,-0.7,0.994,1.197,New Customers,0.454,0.139,Borderline,1
13671,Hibernating,United Kingdom,395,1,194.95,194.95,,61,0,0.984,-1.057,-1.121,0.312,2.141,At Risk,0.127,0.671,Core,0
13672,Hibernating,United Kingdom,301,3,419.92,139.97,183.5,13,429,0.81,-0.199,-0.568,0.745,1.191,At Risk,0.385,0.271,Settled,0
13673,New Customers,United Kingdom,19,2,396.92,198.46,,47,13,-0.933,-0.555,-0.609,0.444,1.859,Hibernating,0.193,0.516,Core,0
13674,Hibernating,United Kingdom,433,1,240.68,240.68,,14,0,1.043,-1.057,-0.969,0.265,2.051,At Risk,0.114,0.667,Core,0
13675,Hibernating,United Kingdom,151,2,486.82,243.41,,25,133,0.369,-0.555,-0.461,0.739,1.231,At Risk,0.375,0.295,Settled,0
13676,Hibernating,United Kingdom,539,2,243.9,121.95,,13,80,1.183,-0.555,-0.96,0.437,1.812,At Risk,0.194,0.578,Core,0
13677,Hibernating,United Kingdom,405,2,556.19,278.1,,98,115,1.0,-0.555,-0.365,0.631,1.313,At Risk,0.324,0.397,Settled,0
13678,Hibernating,United Kingdom,152,1,232.6,232.6,,16,0,0.373,-1.057,-0.994,0.548,1.649,New Customers,0.249,0.502,Core,0
13679,Hibernating,United Kingdom,494,3,281.26,93.75,15.0,44,241,1.127,-0.199,-0.857,0.71,1.564,At Risk,0.312,0.418,Settled,0
13680,Champions,United Kingdom,1,12,11435.67,952.97,87.2,354,733,-2.41,1.26,1.82,1.387,3.005,New Customers,0.316,0.434,Settled,0
13681,New Customers,United Kingdom,18,4,827.83,206.96,32.0,37,137,-0.965,0.077,-0.078,0.424,1.465,At Risk,0.225,0.43,Settled,0
13682,Hibernating,United Kingdom,187,1,59.5,59.5,,3,0,0.506,-1.057,-1.971,1.147,2.343,New Customers,0.329,0.463,Settled,0
13683,Hibernating,United Kingdom,458,1,258.6,258.6,,10,0,1.079,-1.057,-0.917,0.281,2.028,At Risk,0.122,0.663,Core,0
13684,At Risk,United Kingdom,286,4,596.98,149.24,46.4,81,335,0.777,0.077,-0.314,0.868,1.113,Hibernating,0.438,0.135,Borderline,1
13685,Champions,United Kingdom,3,7,3119.44,445.63,14.3,29,57,-1.966,0.659,0.88,1.301,1.832,New Customers,0.415,0.187,Borderline,1
13686,Hibernating,United Kingdom,183,3,409.04,136.35,88.5,27,218,0.492,-0.199,-0.587,0.829,1.136,At Risk,0.422,0.196,Borderline,1
13687,At Risk,United Kingdom,438,1,11880.84,11880.84,,45,0,1.05,-1.057,1.847,2.061,2.762,Hibernating,0.427,0.219,Borderline,1
13688,Hibernating,United Kingdom,635,1,375.5,375.5,,5,0,1.288,-1.057,-0.649,0.521,1.947,At Risk,0.211,0.6,Core,0
13689,New Customers,United Kingdom,63,2,1259.5,629.75,,6,381,-0.186,-0.555,0.225,0.88,1.044,At Risk,0.457,0.08,Borderline,1
13690,Hibernating,United Kingdom,59,1,172.25,172.25,,9,0,-0.227,-1.057,-1.21,1.163,1.391,New Customers,0.455,0.138,Borderline,1
13691,Hibernating,United Kingdom,396,1,210.78,210.78,,53,0,0.985,-1.057,-1.065,0.276,2.101,At Risk,0.116,0.671,Core,0
13692,At Risk,United Kingdom,25,5,3114.4,622.88,81.8,83,395,-0.764,0.303,0.879,1.238,1.283,New Customers,0.491,0.042,Borderline,1
13693,At Risk,United Kingdom,374,9,2011.82,223.54,42.3,78,358,0.949,0.935,0.563,0.863,2.308,Champions,0.272,0.519,Core,0
13694,Champions,United Kingdom,4,143,196482.81,1374.01,6.9,896,731,-1.822,4.238,3.876,3.756,5.686,At Risk,0.398,0.326,Settled,0
13695,Champions,United Kingdom,31,16,2770.73,173.17,75.6,47,546,-0.631,1.592,0.795,0.755,1.694,At Risk,0.308,0.32,Settled,0
13696,At Risk,United Kingdom,422,3,2020.4,673.47,47.5,24,244,1.026,-0.199,0.567,0.813,1.619,Hibernating,0.334,0.363,Settled,0
13697,New Customers,United Kingdom,39,1,151.3,151.3,,12,0,-0.488,-1.057,-1.303,1.359,1.436,Hibernating,0.486,0.032,Borderline,1
13698,Hibernating,United Kingdom,597,2,465.53,232.76,,31,85,1.248,-0.555,-0.494,0.632,1.52,At Risk,0.294,0.458,Settled,0
13699,Hibernating,United Kingdom,155,2,764.15,382.08,,33,395,0.386,-0.555,-0.136,0.961,1.019,At Risk,0.485,0.071,Borderline,1
13700,Champions,United Kingdom,26,13,2613.46,201.04,67.1,163,644,-0.74,1.352,0.753,0.744,1.584,At Risk,0.32,0.302,Settled,0
13701,Hibernating,United Kingdom,447,1,161.0,161.0,,9,0,1.063,-1.057,-1.258,0.446,2.265,At Risk,0.165,0.666,Core,0
13702,Hibernating,United Kingdom,446,1,135.18,135.18,,5,0,1.062,-1.057,-1.384,0.551,2.36,At Risk,0.189,0.656,Core,0
13703,Hibernating,United Kingdom,318,2,425.56,212.78,,36,96,0.845,-0.555,-0.558,0.462,1.38,At Risk,0.251,0.473,Settled,0
13704,Champions,United Kingdom,5,9,2308.06,256.45,7.5,111,83,-1.705,0.935,0.663,1.082,1.741,New Customers,0.383,0.246,Borderline,1
13705,Champions,United Kingdom,8,7,2035.33,290.76,64.6,55,616,-1.445,0.659,0.572,1.219,1.381,New Customers,0.469,0.041,Borderline,1
13706,Hibernating,United Kingdom,303,2,631.17,315.59,,38,324,0.814,-0.555,-0.274,0.702,1.181,At Risk,0.373,0.309,Settled,0
13707,At Risk,United Kingdom,267,5,3365.86,673.17,46.5,142,269,0.733,0.303,0.935,0.608,2.095,New Customers,0.225,0.552,Core,0
13708,Hibernating,United Kingdom,271,1,294.88,294.88,,48,0,0.743,-1.057,-0.823,0.25,1.876,At Risk,0.118,0.629,Core,0
13709,Champions,United Kingdom,4,18,7591.75,421.76,46.7,296,693,-1.822,1.73,1.523,0.734,2.853,New Customers,0.205,0.558,Core,0
13710,New Customers,United Kingdom,32,3,509.52,169.84,101.5,13,580,-0.611,-0.199,-0.428,0.35,1.409,At Risk,0.199,0.43,Settled,0
13711,At Risk,United Kingdom,219,9,1792.26,199.14,70.1,80,505,0.607,0.935,0.48,0.682,2.039,Champions,0.251,0.534,Core,0
13712,Hibernating,United Kingdom,247,2,766.42,383.21,,32,364,0.683,-0.555,-0.134,0.85,1.059,At Risk,0.445,0.168,Borderline,1
13713,At Risk,United Kingdom,408,3,743.26,247.75,24.5,70,174,1.005,-0.199,-0.156,0.982,1.006,Hibernating,0.494,-0.007,Borderline,1
13714,Hibernating,United Kingdom,465,1,161.35,161.35,,30,0,1.088,-1.057,-1.257,0.456,2.272,At Risk,0.167,0.665,Core,0
13715,At Risk,United Kingdom,281,17,8483.29,499.02,15.0,277,357,0.766,1.663,1.604,1.842,1.919,Champions,0.49,0.082,Borderline,1
13716,Hibernating,United Kingdom,269,1,138.28,138.28,,21,0,0.738,-1.057,-1.368,0.523,2.115,New Customers,0.198,0.617,Core,0
13717,At Risk,United Kingdom,32,8,1763.3,220.41,42.1,110,453,-0.611,0.805,0.468,1.127,1.265,Champions,0.471,0.13,Borderline,1
13718,Hibernating,United Kingdom,246,2,306.55,153.28,,9,49,0.681,-0.555,-0.795,0.38,1.519,At Risk,0.2,0.52,Core,0
13719,Champions,United Kingdom,15,11,2814.27,255.84,52.5,193,556,-1.076,1.161,0.806,0.67,1.746,At Risk,0.277,0.386,Settled,0
13720,At Risk,United Kingdom,117,4,799.9,199.98,21.2,42,138,0.207,0.077,-0.103,0.606,1.168,New Customers,0.342,0.316,Settled,0
13721,New Customers,United Kingdom,36,2,741.54,370.77,,41,358,-0.538,-0.555,-0.158,0.439,1.388,At Risk,0.24,0.409,Settled,0
13722,At Risk,United Kingdom,132,10,5635.41,563.54,64.2,137,514,0.284,1.053,1.308,1.165,1.498,Champions,0.438,0.221,Borderline,1
13723,At Risk,United Kingdom,217,6,1209.2,201.53,68.9,51,394,0.601,0.494,0.196,0.377,1.746,New Customers,0.178,0.539,Core,0
13724,Hibernating,United Kingdom,637,1,213.01,213.01,,39,0,1.29,-1.057,-1.057,0.482,2.201,At Risk,0.18,0.651,Core,0
13725,At Risk,United Kingdom,50,8,1980.56,247.57,38.3,95,258,-0.332,0.805,0.552,0.895,1.352,Champions,0.398,0.286,Settled,0
13726,New Customers,United Kingdom,39,2,1079.66,539.83,,39,61,-0.488,-0.555,0.114,0.592,1.26,At Risk,0.32,0.312,Settled,0
13727,New Customers,United Kingdom,29,8,1080.05,135.01,195.9,74,701,-0.672,0.805,0.114,1.187,1.224,At Risk,0.492,-0.002,Borderline,1
13728,Champions,United Kingdom,37,16,2855.17,178.45,16.6,75,693,-0.521,1.592,0.816,0.818,1.635,At Risk,0.334,0.28,Settled,0
13729,Hibernating,United Kingdom,436,3,724.73,241.58,121.5,36,248,1.047,-0.199,-0.174,0.999,1.02,At Risk,0.495,0.036,Borderline,1
13730,Hibernating,United Kingdom,136,2,752.6,376.3,,38,25,0.303,-0.555,-0.147,0.998,1.029,At Risk,0.492,0.052,Borderline,1
13731,Hibernating,United Kingdom,219,2,610.59,305.3,,36,27,0.607,-0.555,-0.298,0.73,1.139,At Risk,0.391,0.269,Settled,0
13732,New Customers,United Kingdom,28,1,491.86,491.86,,33,0,-0.694,-1.057,-0.454,0.804,1.646,Hibernating,0.328,0.361,Settled,0
13733,Hibernating,United Kingdom,411,2,487.03,243.52,,28,324,1.009,-0.555,-0.461,0.554,1.378,At Risk,0.287,0.447,Settled,0
13734,At Risk,United Kingdom,509,4,6701.64,1675.41,37.5,24,94,1.146,0.077,1.433,1.271,2.532,Hibernating,0.334,0.425,Settled,0
13735,Champions,United Kingdom,25,13,9813.22,754.86,46.8,362,701,-0.764,1.352,1.709,0.544,2.022,At Risk,0.212,0.446,Settled,0
13736,Champions,United Kingdom,5,7,2766.21,395.17,89.5,325,728,-1.705,0.659,0.794,1.19,1.636,New Customers,0.421,0.163,Borderline,1
13737,Hibernating,United Kingdom,200,1,339.6,339.6,,29,0,0.549,-1.057,-0.721,0.423,1.69,New Customers,0.2,0.556,Core,0
13738,Hibernating,United Kingdom,396,1,440.93,440.93,,88,0,0.985,-1.057,-0.533,0.432,1.762,At Risk,0.197,0.584,Core,0
13739,New Customers,United Kingdom,18,2,292.2,146.1,,6,509,-0.965,-0.555,-0.829,0.641,1.869,Hibernating,0.255,0.47,Settled,0
13740,At Risk,United Kingdom,241,5,1597.77,319.55,44.5,83,496,0.668,0.303,0.397,0.28,1.758,Hibernating,0.137,0.554,Core,0
13741,New Customers,United Kingdom,72,3,668.43,222.81,39.0,34,145,-0.102,-0.199,-0.233,0.794,0.962,At Risk,0.452,0.08,Borderline,1
13742,Champions,United Kingdom,17,12,3131.02,260.92,25.0,200,303,-1.0,1.26,0.883,0.565,1.754,At Risk,0.243,0.409,Settled,0
13743,New Customers,United Kingdom,3,7,1341.6,191.66,25.9,8,256,-1.966,0.659,0.271,1.535,1.626,Champions,0.486,0.081,Borderline,1
13744,At Risk,United Kingdom,95,2,1156.36,578.18,,54,197,0.074,-0.555,0.163,0.942,1.074,New Customers,0.467,0.094,Borderline,1
13745,Hibernating,United Kingdom,162,2,777.36,388.68,,46,383,0.414,-0.555,-0.124,0.957,1.013,At Risk,0.486,0.07,Borderline,1
13746,Hibernating,United Kingdom,414,1,176.69,176.69,,9,0,1.014,-1.057,-1.192,0.375,2.201,At Risk,0.145,0.67,Core,0
13747,Hibernating,United Kingdom,374,2,249.4,124.7,,4,51,0.949,-0.555,-0.944,0.317,1.71,At Risk,0.157,0.581,Core,0
13748,At Risk,United Kingdom,96,9,2268.35,252.04,104.4,40,642,0.081,0.935,0.65,0.748,1.529,Champions,0.329,0.404,Settled,0
13750,Champions,United Kingdom,54,11,3602.18,327.47,40.3,51,563,-0.283,1.161,0.984,1.002,1.231,At Risk,0.449,0.042,Borderline,1
13751,Hibernating,United Kingdom,288,1,296.25,296.25,,9,0,0.782,-1.057,-0.82,0.233,1.881,At Risk,0.11,0.635,Core,0
13752,At Risk,United Kingdom,124,7,1590.73,227.25,96.0,75,403,0.244,0.659,0.394,0.399,1.618,New Customers,0.198,0.512,Core,0
13753,At Risk,United Kingdom,288,4,2094.57,523.64,114.8,64,449,0.782,0.077,0.593,0.473,1.768,Hibernating,0.211,0.513,Core,0
13754,Hibernating,United Kingdom,152,3,447.05,149.02,23.0,16,285,0.373,-0.199,-0.523,0.915,1.075,At Risk,0.46,0.114,Borderline,1
13755,Champions,United Kingdom,4,9,2161.35,240.15,4.7,232,59,-1.822,0.935,0.615,1.178,1.775,New Customers,0.399,0.219,Borderline,1
13756,Champions,United Kingdom,2,23,9207.5,400.33,33.7,142,722,-2.15,2.019,1.663,1.166,3.261,New Customers,0.263,0.53,Core,0
13757,Hibernating,United Kingdom,675,1,195.55,195.55,,8,0,1.327,-1.057,-1.119,0.536,2.259,At Risk,0.192,0.646,Core,0
13758,Champions,United Kingdom,12,14,9314.14,665.3,52.7,212,727,-1.209,1.437,1.671,0.34,2.325,At Risk,0.127,0.533,Core,0
13759,New Customers,United Kingdom,33,2,659.41,329.71,,24,37,-0.592,-0.555,-0.242,0.387,1.462,At Risk,0.209,0.444,Settled,0
13760,At Risk,United Kingdom,54,5,1363.64,272.73,51.5,95,539,-0.283,0.303,0.282,0.691,1.007,New Customers,0.407,0.203,Borderline,1
13761,At Risk,United Kingdom,50,6,1952.17,325.36,109.0,118,606,-0.332,0.494,0.542,0.758,1.251,New Customers,0.377,0.286,Settled,0
13762,At Risk,United Kingdom,219,5,2472.48,494.5,147.7,23,479,0.607,0.303,0.712,0.353,1.876,New Customers,0.158,0.57,Core,0
13763,At Risk,United Kingdom,63,3,5217.44,1739.15,168.0,50,371,-0.186,-0.199,1.252,1.114,1.656,New Customers,0.402,0.259,Settled,0
13764,At Risk,United Kingdom,71,6,2942.31,490.38,85.4,294,571,-0.11,0.494,0.838,0.675,1.551,Champions,0.303,0.421,Settled,0
13765,Hibernating,United Kingdom,653,1,352.82,352.82,,16,0,1.306,-1.057,-0.694,0.515,1.981,At Risk,0.206,0.607,Core,0
13766,Hibernating,United Kingdom,495,1,190.35,190.35,,16,0,1.128,-1.057,-1.138,0.396,2.198,At Risk,0.153,0.668,Core,0
13767,Champions,United Kingdom,2,73,35540.53,486.86,11.6,117,736,-2.15,3.413,2.639,2.489,4.591,At Risk,0.352,0.426,Settled,0
13768,Hibernating,United Kingdom,727,2,875.97,437.98,,30,4,1.375,-0.555,-0.037,1.044,1.38,At Risk,0.431,0.216,Borderline,1
13769,Champions,United Kingdom,2,20,5800.42,290.02,22.1,121,721,-2.15,1.854,1.329,1.065,2.955,New Customers,0.265,0.509,Core,0
13770,At Risk,United Kingdom,422,4,785.37,196.34,80.6,48,308,1.026,0.077,-0.116,0.867,1.234,Hibernating,0.413,0.202,Borderline,1
13771,Champions,United Kingdom,64,9,5728.82,636.54,92.1,182,588,-0.176,0.935,1.32,1.132,1.234,At Risk,0.478,-0.026,Borderline,1
13772,Champions,United Kingdom,34,8,3114.22,389.28,50.5,394,620,-0.573,0.805,0.879,1.039,1.18,At Risk,0.468,0.008,Borderline,1
13773,Hibernating,United Kingdom,397,2,301.54,150.77,,19,263,0.987,-0.555,-0.807,0.339,1.615,At Risk,0.174,0.561,Core,0
13774,Hibernating,United Kingdom,82,1,345.0,345.0,,22,0,-0.019,-1.057,-0.71,0.938,1.24,New Customers,0.431,0.191,Borderline,1
13775,Hibernating,United Kingdom,591,1,1049.66,1049.66,,63,0,1.242,-1.057,0.093,1.079,1.63,At Risk,0.398,0.303,Settled,0
13777,Champions,United Kingdom,1,61,56478.42,925.88,11.4,44,737,-2.41,3.194,2.974,2.644,4.768,At Risk,0.357,0.417,Settled,0
13778,At Risk,United Kingdom,103,4,1124.49,281.12,165.5,33,462,0.126,0.077,0.143,0.447,1.151,New Customers,0.28,0.363,Settled,0
13779,Hibernating,United Kingdom,516,1,161.13,161.13,,27,0,1.155,-1.057,-1.258,0.491,2.294,At Risk,0.176,0.662,Core,0
13780,New Customers,United Kingdom,7,3,735.82,245.27,37.0,90,399,-1.521,-0.199,-0.163,0.647,2.061,At Risk,0.239,0.51,Core,0
13781,At Risk,United Kingdom,251,3,778.83,259.61,106.5,56,470,0.694,-0.199,-0.122,0.8,1.04,Hibernating,0.435,0.127,Borderline,1
13782,Champions,United Kingdom,13,13,1793.72,137.98,35.1,187,720,-1.161,1.352,0.481,0.896,1.83,New Customers,0.329,0.336,Settled,0
13783,At Risk,United Kingdom,488,4,1542.09,385.52,20.4,4,185,1.119,0.077,0.371,0.761,1.601,Hibernating,0.322,0.387,Settled,0
13784,Champions,United Kingdom,10,14,2910.23,207.87,26.7,13,440,-1.316,1.437,0.83,0.566,2.092,New Customers,0.213,0.477,Settled,0
13785,At Risk,United Kingdom,429,4,542.49,135.62,14.4,26,31,1.037,0.077,-0.383,1.063,1.085,Hibernating,0.495,0.001,Borderline,1
13786,At Risk,United Kingdom,367,6,3358.94,559.82,73.4,80,368,0.937,0.494,0.934,0.768,2.283,Hibernating,0.252,0.535,Core,0
13787,At Risk,United Kingdom,76,6,1222.5,203.75,85.6,71,619,-0.067,0.494,0.203,0.552,1.23,New Customers,0.31,0.356,Settled,0
13788,Hibernating,United Kingdom,505,1,3.75,3.75,,1,0,1.141,-1.057,-3.81,2.926,4.172,New Customers,0.412,0.297,Settled,0
13789,Hibernating,United Kingdom,388,1,239.46,239.46,,18,0,0.972,-1.057,-0.973,0.229,2.033,At Risk,0.101,0.667,Core,0
13790,New Customers,United Kingdom,4,1,348.8,348.8,,45,0,-1.822,-1.057,-0.702,1.284,2.714,Hibernating,0.321,0.453,Settled,0
13791,At Risk,United Kingdom,128,2,1516.0,758.0,,7,40,0.264,-0.555,0.359,0.858,1.324,New Customers,0.393,0.258,Settled,0
13792,New Customers,United Kingdom,66,3,383.95,127.98,43.0,23,356,-0.157,-0.199,-0.633,0.835,1.257,Hibernating,0.399,0.199,Borderline,1
13793,Hibernating,United Kingdom,647,1,96.0,96.0,,7,0,1.3,-1.057,-1.629,0.863,2.626,At Risk,0.247,0.61,Core,0
13794,Hibernating,United Kingdom,547,1,126.03,126.03,,9,0,1.192,-1.057,-1.434,0.648,2.439,At Risk,0.21,0.644,Core,0
13795,At Risk,United Kingdom,388,4,836.3,209.08,48.8,23,249,0.972,0.077,-0.071,0.799,1.258,Hibernating,0.388,0.249,Borderline,1
13796,Hibernating,United Kingdom,499,1,289.7,289.7,,22,0,1.133,-1.057,-0.836,0.329,1.995,At Risk,0.142,0.651,Core,0
13797,At Risk,United Kingdom,437,3,1179.45,393.15,26.5,71,210,1.049,-0.199,0.178,0.859,1.279,Hibernating,0.402,0.221,Borderline,1
13798,Champions,United Kingdom,1,110,75836.87,689.43,4.8,168,729,-2.41,3.915,3.187,3.261,5.345,At Risk,0.379,0.372,Settled,0
13799,At Risk,United Kingdom,117,9,2803.57,311.51,58.0,64,527,0.207,0.935,0.803,0.766,1.57,Champions,0.328,0.408,Settled,0
13800,At Risk,United Kingdom,310,3,1679.56,559.85,92.5,73,427,0.829,-0.199,0.433,0.657,1.492,Hibernating,0.306,0.384,Settled,0
13801,Hibernating,United Kingdom,67,1,324.8,324.8,,23,0,-0.147,-1.057,-0.753,1.053,1.172,New Customers,0.473,0.09,Borderline,1
13802,Champions,United Kingdom,139,19,26259.11,1382.06,26.3,212,523,0.316,1.794,2.421,1.817,2.493,At Risk,0.422,0.192,Borderline,1
13803,At Risk,United Kingdom,255,3,1338.91,446.3,5.5,73,363,0.704,-0.199,0.269,0.604,1.357,Hibernating,0.308,0.361,Settled,0
13804,Champions,United Kingdom,31,9,3208.52,356.5,53.9,149,406,-0.631,0.935,0.901,0.907,1.295,At Risk,0.412,0.135,Borderline,1
13805,New Customers,United Kingdom,52,2,924.6,462.3,,10,76,-0.307,-0.555,0.002,0.678,1.178,At Risk,0.365,0.251,Settled,0
13806,Hibernating,United Kingdom,64,1,256.38,256.38,,10,0,-0.176,-1.057,-0.924,1.071,1.239,New Customers,0.464,0.113,Borderline,1
13807,Hibernating,United Kingdom,367,3,534.8,178.27,23.0,24,368,0.937,-0.199,-0.394,0.838,1.105,At Risk,0.431,0.185,Borderline,1
13808,New Customers,United Kingdom,6,5,1747.66,349.53,13.8,70,91,-1.606,0.303,0.462,1.177,1.597,Champions,0.424,0.229,Borderline,1
13809,At Risk,Cyprus,305,3,679.7,226.57,11.5,23,155,0.818,-0.199,-0.22,0.922,0.953,Hibernating,0.492,-0.005,Borderline,1
13810,New Customers,Germany,29,2,827.51,413.76,,30,27,-0.672,-0.555,-0.078,0.369,1.452,At Risk,0.203,0.439,Settled,0
13811,Hibernating,Germany,184,2,519.75,259.88,,5,55,0.495,-0.555,-0.414,0.692,1.202,At Risk,0.365,0.31,Settled,0
13812,New Customers,Germany,42,3,485.0,161.67,9.5,32,63,-0.441,-0.199,-0.464,0.509,1.318,At Risk,0.279,0.362,Settled,0
13813,At Risk,Germany,40,8,2387.47,298.43,121.4,83,694,-0.472,0.805,0.687,1.036,1.193,Champions,0.465,0.15,Borderline,1
13814,At Risk,Germany,92,3,2257.32,752.44,172.5,56,434,0.054,-0.199,0.647,0.631,1.301,New Customers,0.327,0.338,Settled,0
13815,Champions,Germany,22,8,6737.74,842.22,48.1,202,643,-0.843,0.805,1.437,0.793,1.671,At Risk,0.322,0.306,Settled,0
13816,New Customers,Germany,24,2,499.67,249.84,,24,40,-0.789,-0.555,-0.443,0.334,1.696,At Risk,0.165,0.509,Core,0
13817,New Customers,Germany,29,2,328.98,164.49,,19,322,-0.672,-0.555,-0.744,0.599,1.587,Hibernating,0.274,0.414,Settled,0
13818,Hibernating,United Kingdom,430,1,61.28,61.28,,5,0,1.038,-1.057,-1.95,1.077,2.68,New Customers,0.287,0.555,Core,0
13819,At Risk,United Kingdom,302,6,2642.35,440.39,132.7,47,436,0.812,0.494,0.76,0.571,2.13,New Customers,0.211,0.564,Core,0
13820,Hibernating,United Kingdom,418,3,660.65,220.22,97.0,68,262,1.02,-0.199,-0.241,0.947,1.044,At Risk,0.476,0.085,Borderline,1
13821,At Risk,United Kingdom,145,6,1410.73,235.12,108.1,158,559,0.343,0.494,0.307,0.245,1.568,New Customers,0.135,0.529,Core,0
13822,New Customers,United Kingdom,6,2,632.0,316.0,,90,34,-1.606,-0.555,-0.273,0.761,2.281,At Risk,0.25,0.52,Core,0
13823,Champions,United Kingdom,19,7,3403.45,486.21,85.5,108,705,-0.933,0.659,0.943,0.992,1.465,At Risk,0.404,0.182,Borderline,1
13824,Champions,United Kingdom,33,12,3314.76,276.23,20.0,59,604,-0.592,1.26,0.924,0.746,1.465,At Risk,0.337,0.262,Settled,0
13825,Hibernating,United Kingdom,622,2,255.59,127.8,,38,108,1.275,-0.555,-0.926,0.502,1.829,At Risk,0.216,0.565,Core,0
13826,Hibernating,United Kingdom,176,1,189.5,189.5,,10,0,0.467,-1.057,-1.141,0.513,1.791,New Customers,0.223,0.548,Core,0
13827,New Customers,United Kingdom,58,3,412.05,137.35,33.0,83,85,-0.238,-0.199,-0.582,0.74,1.291,At Risk,0.364,0.267,Settled,0
13828,New Customers,United Kingdom,22,1,209.49,209.49,,15,0,-0.843,-1.057,-1.069,1.117,1.739,Hibernating,0.391,0.279,Settled,0
13829,Hibernating,United Kingdom,421,1,102.0,102.0,,1,0,1.025,-1.057,-1.586,0.726,2.454,New Customers,0.228,0.625,Core,0
13830,Hibernating,United Kingdom,582,1,156.85,156.85,,11,0,1.232,-1.057,-1.277,0.552,2.335,At Risk,0.191,0.654,Core,0
13831,Champions,United Kingdom,16,18,7023.58,390.2,35.9,121,713,-1.037,1.73,1.467,0.241,2.276,At Risk,0.096,0.536,Core,0
13832,New Customers,United Kingdom,19,2,613.69,306.85,,54,403,-0.933,-0.555,-0.294,0.258,1.731,At Risk,0.13,0.522,Core,0
13833,Hibernating,United Kingdom,159,2,701.36,350.68,,43,244,0.402,-0.555,-0.198,0.904,1.055,At Risk,0.461,0.127,Borderline,1
13834,Hibernating,United Kingdom,577,2,324.19,162.1,,15,92,1.227,-0.555,-0.755,0.488,1.681,At Risk,0.225,0.542,Core,0
13835,New Customers,United Kingdom,25,7,1095.27,156.47,95.7,60,620,-0.764,0.659,0.124,1.04,1.251,At Risk,0.454,0.1,Borderline,1
13836,Hibernating,United Kingdom,399,2,620.37,310.18,,29,15,0.99,-0.555,-0.286,0.698,1.262,At Risk,0.356,0.349,Settled,0
13837,Hibernating,United Kingdom,212,2,271.24,135.62,,17,105,0.586,-0.555,-0.883,0.423,1.577,At Risk,0.212,0.518,Core,0
13838,Champions,United Kingdom,6,10,1966.09,196.61,84.5,328,573,-1.606,1.053,0.547,1.055,1.729,New Customers,0.379,0.251,Settled,0
13839,Hibernating,United Kingdom,486,1,139.95,139.95,,7,0,1.117,-1.057,-1.359,0.551,2.357,At Risk,0.19,0.656,Core,0
13840,Hibernating,United Kingdom,416,1,651.4,651.4,,40,0,1.017,-1.057,-0.251,0.694,1.636,At Risk,0.298,0.472,Settled,0
13841,Hibernating,United Kingdom,253,1,85.0,85.0,,1,0,0.699,-1.057,-1.716,0.856,2.291,New Customers,0.272,0.553,Core,0
13842,Champions,United Kingdom,59,18,5629.91,312.77,23.7,214,602,-0.227,1.73,1.307,0.927,1.794,At Risk,0.341,0.289,Settled,0
13843,Hibernating,United Kingdom,381,1,319.75,319.75,,18,0,0.961,-1.057,-0.765,0.254,1.891,At Risk,0.118,0.642,Core,0
13844,New Customers,United Kingdom,11,1,361.62,361.62,,20,0,-1.26,-1.057,-0.676,0.943,2.159,Hibernating,0.304,0.446,Settled,0
13845,Hibernating,United Kingdom,65,1,312.98,312.98,,9,0,-0.166,-1.057,-0.78,1.069,1.172,New Customers,0.477,0.08,Borderline,1
13846,New Customers,United Kingdom,25,4,1307.79,326.95,73.2,81,375,-0.764,0.077,0.252,0.639,1.188,At Risk,0.35,0.27,Settled,0
13847,Hibernating,United Kingdom,720,1,310.72,310.72,,19,0,1.368,-1.057,-0.785,0.542,2.063,At Risk,0.208,0.613,Core,0
13848,At Risk,United Kingdom,92,8,3335.0,416.88,49.6,3,637,0.054,0.805,0.929,0.79,1.46,Champions,0.351,0.367,Settled,0
13849,At Risk,United Kingdom,52,5,3469.3,693.86,72.6,189,572,-0.307,0.303,0.957,0.872,1.467,New Customers,0.373,0.31,Settled,0
13850,At Risk,United Kingdom,129,1,1595.48,1595.48,,93,0,0.269,-1.057,0.396,1.353,1.447,Hibernating,0.483,0.02,Borderline,1
13851,At Risk,United Kingdom,96,8,4606.46,575.81,80.4,111,584,0.081,0.805,1.162,0.944,1.432,Champions,0.397,0.293,Settled,0
13852,Hibernating,United Kingdom,611,1,187.35,187.35,,11,0,1.263,-1.057,-1.149,0.498,2.255,At Risk,0.181,0.655,Core,0
13853,New Customers,United Kingdom,57,1,1090.14,1090.14,,23,0,-0.249,-1.057,0.121,1.052,1.524,At Risk,0.408,0.211,Borderline,1
13854,Champions,United Kingdom,9,39,12253.96,314.2,15.5,61,691,-1.377,2.652,1.87,1.25,3.281,At Risk,0.276,0.51,Core,0
13855,At Risk,United Kingdom,501,4,1310.34,327.59,48.8,64,230,1.136,0.077,0.254,0.796,1.512,Hibernating,0.345,0.346,Settled,0
13856,At Risk,United Kingdom,169,11,1142.03,103.82,72.0,33,450,0.441,1.161,0.154,0.916,2.016,Champions,0.312,0.449,Settled,0
13857,At Risk,United Kingdom,393,6,1000.91,166.82,27.7,98,177,0.981,0.494,0.059,0.728,1.665,Hibernating,0.304,0.418,Settled,0
13858,Hibernating,United Kingdom,57,1,216.17,216.17,,11,0,-0.249,-1.057,-1.046,1.152,1.272,New Customers,0.475,0.083,Borderline,1
13859,Hibernating,United Kingdom,326,2,515.86,257.93,,34,203,0.861,-0.555,-0.42,0.572,1.29,At Risk,0.307,0.408,Settled,0
13860,New Customers,United Kingdom,1,5,1245.9,249.18,15.5,58,85,-2.41,0.303,0.217,1.703,2.111,Champions,0.447,0.19,Borderline,1
13861,Hibernating,United Kingdom,429,2,273.26,136.63,,21,101,1.037,-0.555,-0.878,0.346,1.689,At Risk,0.17,0.574,Core,0
13862,Champions,United Kingdom,18,9,2556.09,284.01,8.8,113,371,-0.965,0.935,0.736,0.881,1.532,At Risk,0.365,0.257,Settled,0
13863,At Risk,United Kingdom,248,4,1239.55,309.89,73.4,59,345,0.686,0.077,0.214,0.425,1.471,Hibernating,0.224,0.46,Settled,0
13864,Hibernating,United Kingdom,387,1,662.4,662.4,,1,0,0.971,-1.057,-0.239,0.698,1.614,At Risk,0.302,0.464,Settled,0
13865,New Customers,United Kingdom,58,4,501.56,125.39,21.6,26,231,-0.238,0.077,-0.44,0.779,1.097,At Risk,0.415,0.152,Borderline,1
13866,Hibernating,United Kingdom,74,1,145.67,145.67,,7,0,-0.084,-1.057,-1.33,1.07,1.546,New Customers,0.409,0.255,Settled,0
13867,New Customers,United Kingdom,31,3,1015.29,338.43,50.5,51,186,-0.631,-0.199,0.069,0.419,1.19,At Risk,0.26,0.345,Settled,0
13868,New Customers,United Kingdom,7,2,3192.54,1596.27,,32,31,-1.521,-0.555,0.897,1.328,2.141,At Risk,0.383,0.309,Settled,0
13869,At Risk,United Kingdom,123,10,8111.57,811.16,30.4,502,567,0.239,1.053,1.571,1.378,1.471,Champions,0.484,0.111,Borderline,1
13870,Champions,United Kingdom,2,15,5712.08,380.81,40.2,159,667,-2.15,1.517,1.318,1.018,2.712,New Customers,0.273,0.482,Settled,0
13871,Champions,United Kingdom,23,17,7885.85,463.87,37.1,183,696,-0.815,1.663,1.551,0.393,2.142,At Risk,0.155,0.496,Settled,0
13872,At Risk,United Kingdom,527,3,919.57,306.52,0.0,51,198,1.168,-0.199,-0.002,1.017,1.155,Hibernating,0.468,0.067,Borderline,1
13873,At Risk,United Kingdom,120,8,1038.92,129.86,39.6,55,526,0.223,0.805,0.086,0.644,1.605,New Customers,0.286,0.437,Settled,0
13874,At Risk,United Kingdom,358,7,2049.15,292.74,44.6,46,314,0.921,0.659,0.577,0.662,2.122,Hibernating,0.238,0.539,Core,0
13875,Champions,United Kingdom,54,14,4814.37,343.88,22.7,159,668,-0.283,1.437,1.194,0.871,1.533,At Risk,0.362,0.227,Borderline,1
13876,Hibernating,United Kingdom,64,1,122.7,122.7,,7,0,-0.176,-1.057,-1.453,1.205,1.592,New Customers,0.431,0.208,Borderline,1
13877,New Customers,United Kingdom,86,3,449.68,149.89,82.5,23,603,0.011,-0.199,-0.519,0.946,1.136,At Risk,0.454,0.088,Borderline,1
13878,At Risk,United Kingdom,55,4,2473.06,618.26,219.0,93,549,-0.272,0.077,0.713,0.75,1.201,New Customers,0.384,0.256,Settled,0
13879,Hibernating,United Kingdom,646,1,395.5,395.5,,25,0,1.299,-1.057,-0.611,0.549,1.932,At Risk,0.221,0.589,Core,0
13880,Champions,United Kingdom,21,17,4391.66,258.33,22.5,148,540,-0.871,1.663,1.128,0.369,1.99,At Risk,0.156,0.477,Settled,0
13881,Champions,United Kingdom,4,43,45179.1,1050.68,15.0,182,641,-1.822,2.77,2.813,2.028,4.087,At Risk,0.332,0.454,Settled,0
13882,New Customers,United Kingdom,3,5,1191.13,238.23,4.8,54,61,-1.966,0.303,0.185,1.31,1.895,Champions,0.409,0.274,Settled,0
13883,Champions,United Kingdom,11,14,6535.37,466.81,63.7,199,638,-1.26,1.437,1.415,0.173,2.237,At Risk,0.072,0.541,Core,0
13884,Champions,United Kingdom,7,10,1888.48,188.85,60.1,108,462,-1.521,1.053,0.518,1.043,1.682,New Customers,0.383,0.241,Borderline,1
13885,Hibernating,United Kingdom,189,2,506.8,253.4,,28,11,0.512,-0.555,-0.432,0.669,1.216,At Risk,0.355,0.326,Settled,0
13886,Hibernating,United Kingdom,71,1,243.56,243.56,,16,0,-0.11,-1.057,-0.961,1.008,1.297,New Customers,0.437,0.178,Borderline,1
13887,Hibernating,United Kingdom,204,1,349.55,349.55,,19,0,0.561,-1.057,-0.7,0.423,1.695,New Customers,0.2,0.558,Core,0
13888,At Risk,United Kingdom,120,7,2169.05,309.86,63.8,124,455,0.223,0.659,0.618,0.445,1.705,New Customers,0.207,0.523,Core,0
13889,At Risk,United Kingdom,93,6,1991.23,331.87,102.1,57,593,0.061,0.494,0.556,0.407,1.476,New Customers,0.216,0.477,Settled,0
13890,Champions,United Kingdom,1,14,2927.38,209.1,78.7,100,732,-2.41,1.437,0.835,1.383,2.553,New Customers,0.351,0.356,Settled,0
13891,At Risk,United Kingdom,378,3,863.56,287.85,66.0,97,203,0.956,-0.199,-0.048,0.889,1.085,Hibernating,0.45,0.104,Borderline,1
13892,New Customers,United Kingdom,27,6,1267.65,211.27,85.6,33,549,-0.717,0.494,0.23,0.945,1.144,At Risk,0.452,0.097,Borderline,1
13893,Hibernating,United Kingdom,298,1,821.1,821.1,,21,0,0.803,-1.057,-0.084,0.845,1.501,At Risk,0.36,0.364,Settled,0
13894,New Customers,United Kingdom,24,3,564.62,188.21,143.5,25,286,-0.789,-0.199,-0.354,0.183,1.501,At Risk,0.108,0.478,Settled,0
13895,Champions,United Kingdom,28,6,4008.52,668.09,126.2,154,708,-0.694,0.494,1.062,1.171,1.27,At Risk,0.48,-0.01,Borderline,1
13896,Hibernating,United Kingdom,626,1,388.55,388.55,,21,0,1.279,-1.057,-0.624,0.526,1.929,At Risk,0.214,0.595,Core,0
13897,New Customers,United Kingdom,50,3,1160.72,386.91,74.5,58,627,-0.332,-0.199,0.166,0.699,0.913,At Risk,0.434,0.105,Borderline,1
13898,Hibernating,United Kingdom,326,2,686.4,343.2,,43,85,0.861,-0.555,-0.213,0.755,1.164,At Risk,0.393,0.277,Settled,0
13899,New Customers,United Kingdom,16,2,388.52,194.26,,19,258,-1.037,-0.555,-0.624,0.479,1.958,Hibernating,0.196,0.527,Core,0
13900,At Risk,United Kingdom,183,6,1610.59,268.43,44.4,80,441,0.492,0.494,0.403,0.23,1.721,New Customers,0.118,0.564,Core,0
13901,Champions,United Kingdom,72,15,5676.34,378.42,31.6,280,631,-0.102,1.517,1.313,1.033,1.588,At Risk,0.394,0.182,Borderline,1
13902,At Risk,Denmark,632,5,34023.26,6804.65,12.9,57,92,1.285,0.303,2.608,2.351,2.99,Champions,0.44,0.216,Borderline,1
13903,Hibernating,United Kingdom,400,1,165.45,165.45,,10,0,0.992,-1.057,-1.239,0.405,2.23,At Risk,0.154,0.667,Core,0
13904,New Customers,United Kingdom,37,2,332.64,166.32,,24,257,-0.521,-0.555,-0.736,0.663,1.441,Hibernating,0.315,0.349,Settled,0
13905,Hibernating,United Kingdom,733,1,312.65,312.65,,12,0,1.38,-1.057,-0.781,0.553,2.066,At Risk,0.211,0.61,Core,0
13906,Hibernating,United Kingdom,409,1,42.0,42.0,,1,0,1.006,-1.057,-2.217,1.335,2.837,New Customers,0.32,0.501,Core,0
13907,Hibernating,United Kingdom,692,1,136.8,136.8,,4,0,1.343,-1.057,-1.375,0.692,2.449,At Risk,0.22,0.633,Core,0
13908,At Risk,United Kingdom,80,4,2319.55,579.89,16.9,103,196,-0.035,0.077,0.666,0.53,1.305,New Customers,0.289,0.381,Settled,0
13909,Hibernating,United Kingdom,423,2,286.6,143.3,,35,98,1.028,-0.555,-0.843,0.346,1.659,At Risk,0.173,0.569,Core,0
13911,Champions,United Kingdom,57,20,4234.99,211.75,27.5,178,590,-0.249,1.854,1.101,0.973,1.817,At Risk,0.349,0.278,Settled,0
13912,Hibernating,United Kingdom,424,1,124.95,124.95,,7,0,1.029,-1.057,-1.44,0.592,2.382,New Customers,0.199,0.65,Core,0
13913,Hibernating,United Kingdom,507,1,42.22,42.22,,3,0,1.144,-1.057,-2.214,1.352,2.928,New Customers,0.316,0.512,Core,0
13914,New Customers,United Kingdom,12,2,626.45,313.23,,28,24,-1.209,-0.555,-0.279,0.408,1.945,At Risk,0.173,0.536,Core,0
13915,Hibernating,United Kingdom,394,1,70.8,70.8,,2,0,0.982,-1.057,-1.847,0.97,2.575,New Customers,0.274,0.571,Core,0
13916,At Risk,United Kingdom,464,4,1275.81,318.95,43.6,72,211,1.087,0.077,0.234,0.755,1.489,Hibernating,0.336,0.357,Settled,0
13917,New Customers,United Kingdom,50,2,272.04,136.02,,16,141,-0.332,-0.555,-0.881,0.882,1.247,Hibernating,0.414,0.176,Borderline,1
13918,New Customers,United Kingdom,50,2,1212.84,606.42,,30,203,-0.332,-0.555,0.198,0.753,1.137,At Risk,0.398,0.193,Borderline,1
13919,At Risk,Denmark,59,4,1252.68,313.17,103.3,64,481,-0.227,0.077,0.221,0.687,0.894,New Customers,0.435,0.143,Borderline,1
13920,At Risk,United Kingdom,432,4,1774.68,443.67,21.2,81,130,1.041,0.077,0.473,0.685,1.673,Hibernating,0.291,0.433,Settled,0
13921,At Risk,United Kingdom,402,4,730.7,182.68,65.8,36,319,0.995,0.077,-0.168,0.879,1.198,Hibernating,0.423,0.177,Borderline,1
13922,At Risk,United Kingdom,352,3,865.2,288.4,28.0,30,115,0.91,-0.199,-0.046,0.86,1.083,Hibernating,0.442,0.12,Borderline,1
13923,New Customers,United Kingdom,54,1,351.13,351.13,,20,0,-0.283,-1.057,-0.697,1.066,1.195,Hibernating,0.471,0.057,Borderline,1
13924,New Customers,United Kingdom,2,6,1838.85,306.47,7.8,90,70,-2.15,0.494,0.498,1.668,1.691,Champions,0.497,0.05,Borderline,1
13925,At Risk,United Kingdom,93,4,678.25,169.56,11.9,28,42,0.061,0.077,-0.222,0.764,1.023,New Customers,0.428,0.175,Borderline,1
13926,New Customers,United Kingdom,23,1,223.85,223.85,,11,0,-0.815,-1.057,-1.021,1.084,1.708,Hibernating,0.388,0.281,Settled,0
13927,New Customers,United Kingdom,75,2,708.26,354.13,,37,362,-0.076,-0.555,-0.191,0.851,1.15,At Risk,0.425,0.159,Borderline,1
13928,New Customers,United Kingdom,11,4,464.57,116.14,24.2,23,122,-1.26,0.077,-0.495,0.59,1.906,At Risk,0.236,0.485,Settled,0
13929,At Risk,United Kingdom,169,11,3494.1,317.65,44.2,38,525,0.441,1.161,0.962,1.02,1.666,Champions,0.38,0.338,Settled,0
13930,New Customers,United Kingdom,58,2,337.34,168.67,,15,78,-0.238,-0.555,-0.726,0.847,1.17,Hibernating,0.42,0.157,Borderline,1
13931,At Risk,United Kingdom,96,11,5257.38,477.94,67.8,205,640,0.081,1.161,1.258,1.238,1.275,Champions,0.493,0.095,Borderline,1
13932,Hibernating,United Kingdom,295,1,307.4,307.4,,16,0,0.797,-1.057,-0.793,0.238,1.867,At Risk,0.113,0.632,Core,0
13933,Hibernating,United Kingdom,109,2,608.79,304.4,,23,39,0.162,-0.555,-0.3,0.984,1.08,New Customers,0.477,0.1,Borderline,1
13934,Hibernating,United Kingdom,264,1,922.1,922.1,,31,0,0.726,-1.057,-0.0,0.936,1.455,At Risk,0.391,0.304,Settled,0
13935,At Risk,United Kingdom,597,3,6116.92,2038.97,8.0,67,55,1.248,-0.199,1.367,1.359,2.394,Hibernating,0.362,0.364,Settled,0
13936,At Risk,United Kingdom,180,3,939.66,313.22,85.5,56,234,0.481,-0.199,0.013,0.651,1.198,Hibernating,0.352,0.28,Settled,0
13937,At Risk,United Kingdom,169,2,880.13,440.06,,54,233,0.441,-0.555,-0.034,0.967,1.019,Hibernating,0.487,-0.004,Borderline,1
13938,Hibernating,United Kingdom,35,1,71.66,71.66,,7,0,-0.555,-1.057,-1.838,1.722,1.794,New Customers,0.49,0.044,Borderline,1
13939,New Customers,United Kingdom,23,7,1560.96,222.99,57.2,91,589,-0.815,0.659,0.38,1.151,1.263,At Risk,0.477,0.047,Borderline,1
13940,New Customers,United Kingdom,17,4,839.14,209.78,10.3,39,126,-1.0,0.077,-0.068,0.436,1.494,At Risk,0.226,0.436,Settled,0
13941,Champions,United Kingdom,22,15,11122.3,741.49,40.9,42,701,-0.843,1.517,1.799,0.531,2.212,At Risk,0.193,0.483,Settled,0
13942,Hibernating,United Kingdom,535,1,320.0,320.0,,1,0,1.178,-1.057,-0.764,0.385,1.967,At Risk,0.164,0.636,Core,0
13943,Hibernating,United Kingdom,578,1,246.54,246.54,,15,0,1.228,-1.057,-0.952,0.404,2.106,At Risk,0.161,0.654,Core,0
13944,Hibernating,United Kingdom,653,1,200.43,200.43,,35,0,1.306,-1.057,-1.101,0.511,2.238,At Risk,0.186,0.649,Core,0
13945,Hibernating,United Kingdom,395,2,854.15,427.08,,49,85,0.984,-0.555,-0.055,0.907,1.143,At Risk,0.443,0.183,Borderline,1
13946,At Risk,United Kingdom,79,6,1876.23,312.7,66.1,49,656,-0.043,0.494,0.513,0.485,1.388,New Customers,0.259,0.433,Settled,0
13947,Hibernating,United Kingdom,65,1,90.6,90.6,,5,0,-0.166,-1.057,-1.671,1.31,1.767,New Customers,0.426,0.228,Borderline,1
13948,At Risk,United Kingdom,361,4,548.76,137.19,80.5,23,374,0.926,0.077,-0.375,0.993,1.078,Hibernating,0.479,0.041,Borderline,1
13949,Champions,United Kingdom,3,6,2427.32,404.55,4.6,124,91,-1.966,0.494,0.699,1.489,1.64,New Customers,0.476,0.029,Borderline,1
13950,New Customers,United Kingdom,11,4,745.06,186.26,68.5,33,235,-1.26,0.077,-0.154,0.542,1.766,At Risk,0.235,0.476,Settled,0
13951,At Risk,United Kingdom,176,3,674.45,224.82,1.0,38,118,0.467,-0.199,-0.226,0.825,1.032,Hibernating,0.444,0.107,Borderline,1
13952,Champions,United Kingdom,218,14,12823.52,915.97,37.5,237,505,0.604,1.437,1.902,1.824,1.876,At Risk,0.493,-0.032,Borderline,1
13953,Champions,United Kingdom,7,12,6640.68,553.39,17.5,8,721,-1.521,1.26,1.427,0.482,2.362,At Risk,0.17,0.53,Core,0
13954,New Customers,United Kingdom,2,2,439.92,219.96,,24,69,-2.15,-0.555,-0.534,1.319,2.848,At Risk,0.317,0.47,Settled,0
13955,At Risk,United Kingdom,154,3,545.17,181.72,40.5,82,220,0.382,-0.199,-0.38,0.949,0.979,Hibernating,0.492,-0.002,Borderline,1
13956,New Customers,United Kingdom,5,5,1026.42,205.28,29.9,123,266,-1.705,0.303,0.077,1.068,1.868,Champions,0.364,0.355,Settled,0
13957,Hibernating,United Kingdom,418,3,458.25,152.75,34.5,21,240,1.02,-0.199,-0.505,0.786,1.231,At Risk,0.39,0.272,Settled,0
13958,At Risk,United Kingdom,380,8,4709.23,588.65,49.0,172,354,0.959,0.805,1.178,1.069,2.224,Champions,0.325,0.454,Settled,0
13959,At Risk,United Kingdom,79,6,1076.18,179.36,62.6,120,431,-0.043,0.494,0.111,0.577,1.217,New Customers,0.322,0.34,Settled,0
13960,New Customers,United Kingdom,21,2,230.22,115.11,,11,50,-0.871,-0.555,-1.001,0.798,1.778,Hibernating,0.31,0.4,Settled,0
13961,Hibernating,United Kingdom,392,1,538.4,538.4,,19,0,0.979,-1.057,-0.389,0.559,1.685,At Risk,0.249,0.531,Core,0
13962,New Customers,United Kingdom,22,3,362.8,120.93,17.0,23,413,-0.843,-0.199,-0.673,0.445,1.728,At Risk,0.205,0.484,Settled,0
13963,At Risk,United Kingdom,308,17,3011.87,177.17,8.4,129,288,0.825,1.663,0.855,1.5,2.025,Champions,0.426,0.255,Settled,0
13964,Hibernating,United Kingdom,387,2,438.9,219.45,,22,43,0.971,-0.555,-0.536,0.487,1.411,At Risk,0.256,0.478,Settled,0
13965,At Risk,United Kingdom,477,3,996.61,332.2,79.5,23,226,1.105,-0.199,0.056,0.944,1.187,Hibernating,0.443,0.129,Borderline,1
13966,Hibernating,United Kingdom,435,1,390.86,390.86,,21,0,1.046,-1.057,-0.62,0.383,1.831,At Risk,0.173,0.611,Core,0
13967,Hibernating,United Kingdom,146,2,166.3,83.15,,4,250,0.348,-0.555,-1.235,0.696,1.604,New Customers,0.303,0.433,Settled,0
13968,Hibernating,United Kingdom,423,1,123.66,123.66,,8,0,1.028,-1.057,-1.448,0.598,2.384,New Customers,0.201,0.649,Core,0
13969,Champions,United Kingdom,7,35,13365.87,381.88,14.2,472,617,-1.521,2.521,1.932,1.203,3.298,At Risk,0.267,0.524,Core,0
13970,Hibernating,United Kingdom,386,2,846.55,423.28,,10,51,0.969,-0.555,-0.062,0.9,1.138,At Risk,0.442,0.185,Borderline,1
13971,Champions,United Kingdom,19,14,4667.57,333.4,32.1,184,664,-0.933,1.437,1.172,0.291,1.901,At Risk,0.133,0.477,Settled,0
13972,Hibernating,United Kingdom,71,2,190.25,95.12,,15,131,-0.11,-0.555,-1.138,1.061,1.211,New Customers,0.467,0.109,Borderline,1
13973,Hibernating,United Kingdom,287,1,264.7,264.7,,11,0,0.779,-1.057,-0.901,0.219,1.936,At Risk,0.102,0.645,Core,0
13974,New Customers,United Kingdom,49,2,677.72,338.86,,43,532,-0.344,-0.555,-0.223,0.598,1.298,At Risk,0.316,0.335,Settled,0
13975,Champions,United Kingdom,31,12,5358.84,446.57,44.7,434,644,-0.631,1.26,1.272,0.581,1.639,At Risk,0.262,0.361,Settled,0
13976,At Risk,United Kingdom,207,4,1192.36,298.09,103.3,49,461,0.571,0.077,0.185,0.373,1.47,Hibernating,0.203,0.471,Settled,0
13977,Hibernating,United Kingdom,411,1,519.81,519.81,,13,0,1.009,-1.057,-0.414,0.543,1.708,At Risk,0.241,0.542,Core,0
13978,New Customers,United Kingdom,15,2,196.79,98.4,,14,30,-1.076,-0.555,-1.114,0.925,1.988,Hibernating,0.317,0.411,Settled,0
13979,At Risk,United Kingdom,73,7,3409.93,487.13,111.9,355,663,-0.093,0.659,0.945,0.794,1.423,Champions,0.358,0.353,Settled,0
13980,At Risk,United Kingdom,60,5,799.92,159.98,133.7,57,595,-0.217,0.303,-0.103,0.811,0.917,New Customers,0.469,0.091,Borderline,1
13981,Hibernating,United Kingdom,416,1,331.14,331.14,,22,0,1.017,-1.057,-0.739,0.291,1.893,At Risk,0.133,0.639,Core,0
13982,Champions,United Kingdom,39,9,4445.59,493.95,49.4,123,649,-0.488,0.935,1.137,0.91,1.297,At Risk,0.412,0.124,Borderline,1
13983,Champions,United Kingdom,30,21,7108.45,338.5,24.2,238,700,-0.651,1.912,1.476,0.621,2.191,At Risk,0.221,0.464,Settled,0
13984,Champions,United Kingdom,27,12,2048.6,170.72,45.6,53,706,-0.717,1.26,0.577,0.927,1.479,At Risk,0.385,0.2,Borderline,1
13985,Champions,United Kingdom,4,22,10020.86,455.49,34.8,149,664,-1.822,1.967,1.724,0.891,3.062,At Risk,0.225,0.555,Core,0
13986,New Customers,United Kingdom,17,1,320.46,320.46,,12,0,-1.0,-1.057,-0.763,0.92,1.893,Hibernating,0.327,0.394,Settled,0
13987,Hibernating,United Kingdom,380,2,682.54,341.27,,46,21,0.959,-0.555,-0.217,0.755,1.209,At Risk,0.384,0.299,Settled,0
13988,Champions,United Kingdom,20,8,4757.8,594.72,72.3,218,605,-0.901,0.805,1.186,0.788,1.581,At Risk,0.333,0.292,Settled,0
13989,At Risk,United Kingdom,66,5,2026.06,405.21,79.4,61,497,-0.157,0.303,0.569,0.564,1.251,New Customers,0.311,0.36,Settled,0
13990,Hibernating,United Kingdom,213,1,311.3,311.3,,16,0,0.589,-1.057,-0.784,0.368,1.743,New Customers,0.174,0.58,Core,0
13991,New Customers,United Kingdom,12,6,854.97,142.49,24.6,57,131,-1.209,0.494,-0.055,0.882,1.685,At Risk,0.344,0.352,Settled,0
13992,New Customers,United Kingdom,30,3,219.5,73.17,133.5,10,432,-0.651,-0.199,-1.035,0.833,1.671,Hibernating,0.333,0.349,Settled,0
13993,Champions,United Kingdom,43,19,6775.71,356.62,18.6,110,693,-0.426,1.794,1.441,0.756,1.986,At Risk,0.276,0.391,Settled,0
13994,Champions,United Kingdom,4,6,2313.14,385.52,11.0,122,144,-1.822,0.494,0.664,1.43,1.529,New Customers,0.483,0.004,Borderline,1
13995,Champions,United Kingdom,15,14,3902.01,278.71,31.2,146,706,-1.076,1.437,1.042,0.335,1.959,At Risk,0.146,0.486,Settled,0
13996,Hibernating,United Kingdom,386,2,845.76,422.88,,28,13,0.969,-0.555,-0.063,0.899,1.138,At Risk,0.441,0.186,Borderline,1
13997,Hibernating,United Kingdom,519,3,382.31,127.44,15.5,36,31,1.159,-0.199,-0.636,0.768,1.405,At Risk,0.353,0.347,Settled,0
13998,Hibernating,United Kingdom,447,3,566.7,188.9,0.0,30,129,1.063,-0.199,-0.352,0.882,1.144,At Risk,0.435,0.18,Borderline,1
13999,Champions,United Kingdom,10,29,9502.26,327.66,12.7,174,724,-1.316,2.296,1.686,0.846,2.916,At Risk,0.225,0.541,Core,0
14000,At Risk,United Kingdom,211,5,2046.34,409.27,46.1,28,526,0.583,0.303,0.576,0.239,1.79,New Customers,0.118,0.575,Core,0
14001,Champions,United Kingdom,46,9,4530.09,503.34,63.9,60,447,-0.384,0.935,1.15,0.984,1.237,At Risk,0.443,0.057,Borderline,1
14002,Hibernating,United Kingdom,134,2,529.73,264.86,,47,22,0.293,-0.555,-0.4,0.829,1.192,At Risk,0.41,0.232,Borderline,1
14003,Hibernating,United Kingdom,733,1,209.41,209.41,,16,0,1.38,-1.057,-1.069,0.565,2.248,At Risk,0.201,0.636,Core,0
14004,Champions,United Kingdom,43,11,6258.45,568.95,38.5,127,392,-0.426,1.161,1.384,0.802,1.526,At Risk,0.344,0.253,Settled,0
14005,New Customers,United Kingdom,10,5,2874.72,574.94,10.9,53,206,-1.316,0.303,0.821,1.299,1.359,Champions,0.489,0.071,Borderline,1
14006,At Risk,United Kingdom,116,7,2196.67,313.81,64.5,55,536,0.201,0.659,0.627,0.458,1.696,New Customers,0.213,0.519,Core,0
14007,Hibernating,United Kingdom,513,1,79.48,79.48,,5,0,1.151,-1.057,-1.764,0.925,2.652,New Customers,0.259,0.598,Core,0
14008,Hibernating,United Kingdom,432,1,509.04,509.04,,32,0,1.041,-1.057,-0.429,0.538,1.727,At Risk,0.237,0.549,Core,0
14009,At Risk,United Kingdom,198,3,1099.91,366.64,125.0,71,264,0.542,-0.199,0.127,0.597,1.27,Hibernating,0.32,0.332,Settled,0
14010,Hibernating,United Kingdom,565,2,445.15,222.58,,20,0,1.213,-0.555,-0.526,0.59,1.52,At Risk,0.28,0.474,Settled,0
14011,Hibernating,United Kingdom,480,2,457.82,228.91,,32,127,1.109,-0.555,-0.506,0.552,1.453,At Risk,0.275,0.47,Settled,0
14012,Hibernating,United Kingdom,278,1,328.8,328.8,,11,0,0.759,-1.057,-0.744,0.278,1.827,At Risk,0.132,0.618,Core,0
14013,At Risk,United Kingdom,110,5,1084.57,216.91,74.8,56,513,0.167,0.303,0.117,0.388,1.271,New Customers,0.234,0.421,Settled,0
14014,At Risk,United Kingdom,77,3,1948.21,649.4,49.5,76,499,-0.059,-0.199,0.54,0.673,1.146,New Customers,0.37,0.263,Settled,0
14015,New Customers,United Kingdom,53,1,917.34,917.34,,20,0,-0.295,-1.057,-0.004,0.987,1.49,Hibernating,0.398,0.225,Borderline,1
14016,At Risk,EIRE,162,11,11303.41,1027.58,22.1,353,538,0.414,1.161,1.811,1.63,1.656,Champions,0.496,0.072,Borderline,1
14017,Hibernating,United Kingdom,571,1,229.75,229.75,,14,0,1.22,-1.057,-1.003,0.407,2.137,At Risk,0.16,0.658,Core,0
14018,Hibernating,United Kingdom,645,1,367.15,367.15,,13,0,1.298,-1.057,-0.665,0.521,1.961,At Risk,0.21,0.602,Core,0
14019,New Customers,United Kingdom,47,3,1421.61,473.87,6.0,37,91,-0.371,-0.199,0.313,0.767,0.913,At Risk,0.457,0.067,Borderline,1
14020,New Customers,United Kingdom,17,4,1249.01,312.25,153.6,63,512,-1.0,0.077,0.219,0.611,1.423,At Risk,0.3,0.369,Settled,0
14021,At Risk,United Kingdom,155,7,1716.58,245.23,32.5,84,437,0.386,0.659,0.449,0.369,1.742,New Customers,0.175,0.545,Core,0
14022,Hibernating,United Kingdom,225,2,792.15,396.08,,45,261,0.624,-0.555,-0.11,0.887,1.032,At Risk,0.462,0.129,Borderline,1
14023,New Customers,United Kingdom,7,2,584.07,292.03,,30,242,-1.521,-0.555,-0.33,0.685,2.225,At Risk,0.236,0.528,Core,0
14024,At Risk,United Kingdom,122,3,645.74,215.25,131.5,33,269,0.233,-0.199,-0.257,0.861,1.127,New Customers,0.433,0.14,Borderline,1
14025,At Risk,United Kingdom,465,8,4057.9,507.24,11.9,60,119,1.088,0.805,1.071,1.076,2.357,Champions,0.313,0.478,Settled,0
14026,Hibernating,United Kingdom,471,2,713.11,356.56,,43,154,1.097,-0.555,-0.186,0.81,1.264,At Risk,0.391,0.294,Settled,0
14027,Hibernating,United Kingdom,61,1,104.82,104.82,,6,0,-0.206,-1.057,-1.566,1.286,1.667,New Customers,0.435,0.2,Borderline,1
14028,At Risk,United Kingdom,550,3,10396.5,3465.5,0.0,3,0,1.196,-0.199,1.751,1.619,2.753,Hibernating,0.37,0.36,Settled,0
14029,New Customers,United Kingdom,63,2,467.66,233.83,,15,80,-0.186,-0.555,-0.49,0.785,1.181,Hibernating,0.399,0.194,Borderline,1
14030,Champions,United Kingdom,18,20,8262.29,413.11,42.2,591,710,-0.965,1.854,1.585,0.424,2.368,At Risk,0.152,0.528,Core,0
14031,Champions,United Kingdom,7,44,40999.17,931.8,12.5,280,729,-1.521,2.798,2.743,1.913,3.908,At Risk,0.329,0.454,Settled,0
14032,Champions,United Kingdom,2,16,4850.27,303.14,51.9,79,723,-2.15,1.592,1.2,1.03,2.698,New Customers,0.276,0.477,Settled,0
14033,Hibernating,United Kingdom,555,1,109.44,109.44,,1,0,1.202,-1.057,-1.535,0.737,2.52,At Risk,0.226,0.631,Core,0
14034,New Customers,United Kingdom,22,3,651.82,217.27,67.5,82,135,-0.843,-0.199,-0.251,0.116,1.493,At Risk,0.072,0.483,Settled,0
14035,Champions,United Kingdom,29,9,2856.72,317.41,47.4,70,583,-0.672,0.935,0.817,0.931,1.301,At Risk,0.417,0.129,Borderline,1
14036,Hibernating,United Kingdom,285,1,626.65,626.65,,38,0,0.775,-1.057,-0.279,0.661,1.572,At Risk,0.296,0.46,Settled,0
14037,At Risk,United Kingdom,176,6,836.95,139.49,60.0,96,556,0.467,0.494,-0.07,0.549,1.583,New Customers,0.257,0.467,Settled,0
14038,At Risk,United Kingdom,78,5,3069.88,613.98,89.6,99,595,-0.051,0.303,0.869,0.62,1.52,New Customers,0.29,0.422,Settled,0
14039,New Customers,United Kingdom,33,2,267.28,133.64,,10,542,-0.592,-0.555,-0.894,0.756,1.501,Hibernating,0.335,0.333,Settled,0
14040,Champions,United Kingdom,41,35,12645.57,361.3,15.4,335,698,-0.456,2.521,1.892,1.308,2.797,At Risk,0.319,0.413,Settled,0
14041,Hibernating,United Kingdom,266,1,141.41,141.41,,21,0,0.731,-1.057,-1.352,0.511,2.101,New Customers,0.196,0.617,Core,0
14042,Hibernating,United Kingdom,725,1,431.98,431.98,,21,0,1.373,-1.057,-0.548,0.64,1.935,At Risk,0.249,0.56,Core,0
14043,Hibernating,United Kingdom,491,2,304.25,152.12,,37,238,1.123,-0.555,-0.8,0.406,1.666,At Risk,0.196,0.559,Core,0
14044,Champions,United Kingdom,27,10,3119.35,311.94,44.4,532,657,-0.717,1.053,0.88,0.797,1.417,At Risk,0.36,0.235,Borderline,1
14045,Champions,United Kingdom,109,16,11313.03,707.06,54.3,16,591,0.162,1.592,1.812,1.374,1.91,At Risk,0.418,0.164,Borderline,1
14046,Hibernating,United Kingdom,284,1,151.59,151.59,,13,0,0.773,-1.057,-1.302,0.456,2.108,New Customers,0.178,0.633,Core,0
14047,Champions,United Kingdom,9,14,4255.03,303.93,44.1,91,668,-1.377,1.437,1.105,0.365,2.212,At Risk,0.142,0.527,Core,0
14048,At Risk,United Kingdom,305,3,748.69,249.56,38.5,126,77,0.818,-0.199,-0.151,0.874,1.004,Hibernating,0.465,0.061,Borderline,1
14049,Champions,United Kingdom,17,13,13239.03,1018.39,42.2,573,600,-1.0,1.352,1.925,0.614,2.299,At Risk,0.211,0.48,Settled,0
14050,New Customers,United Kingdom,32,2,746.36,373.18,,49,74,-0.611,-0.555,-0.153,0.384,1.436,At Risk,0.211,0.435,Settled,0
14051,Champions,United Kingdom,1,37,22434.0,606.32,18.0,82,735,-2.41,2.588,2.307,1.907,4.079,At Risk,0.319,0.479,Settled,0
14052,New Customers,United Kingdom,20,2,480.81,240.4,,115,371,-0.901,-0.555,-0.47,0.337,1.789,At Risk,0.159,0.526,Core,0
14053,At Risk,United Kingdom,124,4,572.3,143.07,85.8,3,362,0.244,0.077,-0.345,0.82,1.199,New Customers,0.406,0.232,Borderline,1
14054,Hibernating,United Kingdom,65,1,92.46,92.46,,6,0,-0.166,-1.057,-1.656,1.302,1.755,New Customers,0.426,0.227,Borderline,1
14055,At Risk,United Kingdom,106,3,1520.96,506.99,162.5,33,616,0.144,-0.199,0.361,0.553,1.201,New Customers,0.315,0.34,Settled,0
14056,Champions,United Kingdom,1,23,8214.65,357.16,6.3,320,282,-2.41,2.019,1.58,1.383,3.324,New Customers,0.294,0.491,Settled,0
14057,Champions,United Kingdom,24,22,8408.84,382.22,33.6,244,712,-0.789,1.967,1.597,0.6,2.357,At Risk,0.203,0.498,Settled,0
14058,Hibernating,United Kingdom,463,2,469.19,234.6,,23,67,1.086,-0.555,-0.488,0.556,1.431,At Risk,0.28,0.462,Settled,0
14059,Hibernating,United Kingdom,267,1,183.6,183.6,,8,0,0.733,-1.057,-1.164,0.357,2.01,New Customers,0.151,0.635,Core,0
14060,Champions,United Kingdom,5,30,9519.08,317.3,15.2,100,634,-1.705,2.336,1.687,1.036,3.186,At Risk,0.245,0.544,Core,0
14061,At Risk,United Kingdom,507,3,917.43,305.81,101.5,17,230,1.144,-0.199,-0.004,0.999,1.148,Hibernating,0.465,0.074,Borderline,1
14062,Champions,United Kingdom,10,24,25604.2,1066.84,24.6,141,719,-1.316,2.07,2.402,1.188,3.155,At Risk,0.273,0.501,Core,0
14063,At Risk,United Kingdom,687,7,9471.5,1353.07,4.7,29,44,1.338,0.659,1.683,1.611,2.644,Champions,0.379,0.365,Settled,0
14064,Champions,United Kingdom,29,15,3332.42,222.16,40.9,131,657,-0.672,1.517,0.928,0.629,1.697,At Risk,0.27,0.362,Settled,0
14065,At Risk,United Kingdom,389,3,891.02,297.01,0.0,42,42,0.974,-0.199,-0.025,0.889,1.104,Hibernating,0.446,0.115,Borderline,1
14066,Hibernating,United Kingdom,267,1,152.55,152.55,,7,0,0.733,-1.057,-1.297,0.463,2.074,New Customers,0.183,0.624,Core,0
14067,New Customers,United Kingdom,64,2,374.7,187.35,,51,32,-0.176,-0.555,-0.65,0.857,1.126,Hibernating,0.432,0.128,Borderline,1
14068,At Risk,United Kingdom,320,4,1528.37,382.09,116.2,93,357,0.849,0.077,0.365,0.51,1.578,Hibernating,0.244,0.465,Settled,0
14069,Hibernating,United Kingdom,515,2,230.06,115.03,,37,46,1.154,-0.555,-1.002,0.424,1.832,At Risk,0.188,0.584,Core,0
14070,Hibernating,United Kingdom,685,1,326.55,326.55,,40,0,1.336,-1.057,-0.749,0.522,2.027,At Risk,0.205,0.613,Core,0
14071,Champions,United Kingdom,4,8,1424.0,178.0,71.9,270,261,-1.822,0.805,0.314,1.449,1.555,New Customers,0.482,0.009,Borderline,1
14072,Hibernating,United Kingdom,667,1,390.85,390.85,,19,0,1.319,-1.057,-0.62,0.56,1.946,At Risk,0.224,0.588,Core,0
14073,New Customers,United Kingdom,32,1,151.04,151.04,,13,0,-0.611,-1.057,-1.304,1.329,1.554,Hibernating,0.461,0.108,Borderline,1
14074,Hibernating,United Kingdom,623,1,219.4,219.4,,6,0,1.276,-1.057,-1.036,0.463,2.181,At Risk,0.175,0.652,Core,0
14075,New Customers,United Kingdom,5,5,1724.87,344.97,85.4,58,465,-1.705,0.303,0.452,1.234,1.634,Champions,0.43,0.218,Borderline,1
14076,Hibernating,United Kingdom,129,1,122.47,122.47,,43,0,0.269,-1.057,-1.455,0.844,1.836,New Customers,0.315,0.447,Settled,0
14077,New Customers,United Kingdom,41,6,615.08,102.51,34.5,43,354,-0.456,0.494,-0.293,0.91,1.134,At Risk,0.445,0.097,Borderline,1
14078,At Risk,United Kingdom,102,9,1690.98,187.89,30.6,106,519,0.119,0.935,0.438,0.7,1.666,Champions,0.296,0.454,Settled,0
14079,Hibernating,United Kingdom,125,1,375.1,375.1,,12,0,0.249,-1.057,-0.649,0.705,1.422,New Customers,0.332,0.38,Settled,0
14080,New Customers,United Kingdom,33,5,1115.68,223.14,139.3,74,704,-0.592,0.303,0.137,0.777,1.026,At Risk,0.431,0.123,Borderline,1
14081,At Risk,United Kingdom,302,10,5370.1,537.01,55.4,465,426,0.812,1.053,1.273,1.21,2.007,Champions,0.376,0.357,Settled,0
14082,Hibernating,United Kingdom,365,2,413.36,206.68,,48,27,0.933,-0.555,-0.579,0.449,1.427,At Risk,0.239,0.493,Settled,0
14083,Champions,United Kingdom,4,11,1407.26,127.93,65.7,169,717,-1.822,1.161,0.305,1.312,1.824,New Customers,0.418,0.179,Borderline,1
14084,Hibernating,United Kingdom,512,1,150.5,150.5,,7,0,1.15,-1.057,-1.307,0.525,2.328,At Risk,0.184,0.659,Core,0
14085,Champions,United Kingdom,2,32,10089.97,315.31,23.4,478,729,-2.15,2.414,1.729,1.392,3.556,At Risk,0.281,0.521,Core,0
14086,Hibernating,United Kingdom,463,1,39.95,39.95,,1,0,1.086,-1.057,-2.253,1.38,2.915,New Customers,0.321,0.501,Core,0
14087,New Customers,United Kingdom,3,3,846.22,282.07,35.5,175,732,-1.966,-0.199,-0.062,1.098,2.392,Champions,0.315,0.461,Settled,0
14088,Champions,United Kingdom,10,16,64036.8,4002.3,37.2,436,410,-1.316,1.592,3.065,1.72,3.396,At Risk,0.336,0.408,Settled,0
14089,Hibernating,United Kingdom,57,1,161.0,161.0,,13,0,-0.249,-1.057,-1.258,1.197,1.415,New Customers,0.458,0.131,Borderline,1
14090,Hibernating,United Kingdom,325,1,76.32,76.32,,1,0,0.859,-1.057,-1.793,0.912,2.453,New Customers,0.271,0.567,Core,0
14091,At Risk,United Kingdom,654,2,9530.08,4765.04,,13,44,1.307,-0.555,1.688,1.768,2.644,Hibernating,0.401,0.286,Settled,0
14092,Champions,United Kingdom,8,24,7229.45,301.23,16.4,169,715,-1.445,2.07,1.488,0.63,2.766,At Risk,0.186,0.558,Core,0
14093,New Customers,United Kingdom,12,1,442.85,442.85,,95,0,-1.209,-1.057,-0.53,0.866,2.128,Hibernating,0.289,0.46,Settled,0
14094,Hibernating,United Kingdom,440,1,335.22,335.22,,41,0,1.053,-1.057,-0.73,0.314,1.9,At Risk,0.142,0.637,Core,0
14095,Hibernating,United Kingdom,723,1,2.95,2.95,,1,0,1.371,-1.057,-3.944,3.087,4.4,New Customers,0.412,0.297,Settled,0
14096,Champions,United Kingdom,4,17,53258.43,3132.85,2.1,1118,97,-1.822,1.663,2.932,1.724,3.609,At Risk,0.323,0.442,Settled,0
14097,Hibernating,United Kingdom,481,2,422.86,211.43,,39,164,1.11,-0.555,-0.563,0.513,1.492,At Risk,0.256,0.493,Settled,0
14098,New Customers,United Kingdom,37,1,147.35,147.35,,21,0,-0.521,-1.057,-1.322,1.365,1.472,Hibernating,0.481,0.049,Borderline,1
14099,Champions,United Kingdom,16,20,5765.71,288.29,17.3,273,713,-1.037,1.854,1.324,0.331,2.297,At Risk,0.126,0.53,Core,0
14100,Hibernating,United Kingdom,138,1,194.9,194.9,,24,0,0.312,-1.057,-1.121,0.637,1.666,New Customers,0.277,0.476,Settled,0
14101,Champions,United Kingdom,74,13,9961.93,766.3,17.8,19,547,-0.084,1.352,1.72,1.126,1.734,At Risk,0.394,0.197,Borderline,1
14102,New Customers,United Kingdom,5,5,1360.28,272.06,3.6,35,39,-1.705,0.303,0.281,1.146,1.735,Champions,0.398,0.289,Settled,0
14104,At Risk,United Kingdom,155,5,768.58,153.72,92.9,116,405,0.386,0.303,-0.132,0.566,1.416,New Customers,0.285,0.418,Settled,0
14105,At Risk,United Kingdom,239,5,5988.83,1197.77,57.0,200,482,0.662,0.303,1.352,0.958,2.18,Champions,0.305,0.474,Settled,0
14106,Hibernating,United Kingdom,737,1,214.8,214.8,,1,0,1.383,-1.057,-1.051,0.563,2.237,At Risk,0.201,0.635,Core,0
14107,Champions,United Kingdom,52,11,4877.3,443.39,32.0,102,678,-0.307,1.161,1.204,0.921,1.356,At Risk,0.405,0.14,Borderline,1
14108,New Customers,United Kingdom,31,4,1044.96,261.24,279.8,49,707,-0.631,0.077,0.09,0.569,1.099,At Risk,0.341,0.257,Settled,0
14109,Hibernating,United Kingdom,73,1,144.2,144.2,,9,0,-0.093,-1.057,-1.338,1.081,1.547,New Customers,0.411,0.25,Settled,0
14110,Champions,United Kingdom,4,33,12987.95,393.57,28.9,177,735,-1.822,2.45,1.912,1.271,3.428,At Risk,0.27,0.529,Core,0
14111,New Customers,United Kingdom,14,4,692.85,173.21,50.8,10,227,-1.117,0.077,-0.207,0.448,1.652,At Risk,0.213,0.47,Settled,0
14112,Champions,United Kingdom,23,13,5834.59,448.81,51.2,199,631,-0.815,1.352,1.333,0.369,1.842,At Risk,0.167,0.451,Settled,0
14113,Champions,United Kingdom,4,16,7092.61,443.29,67.3,76,728,-1.822,1.592,1.474,0.701,2.725,New Customers,0.205,0.547,Core,0
14114,At Risk,United Kingdom,274,7,1364.09,194.87,26.9,72,332,0.75,0.659,0.283,0.537,1.932,Hibernating,0.217,0.536,Core,0
14115,Hibernating,United Kingdom,502,2,622.67,311.34,,22,165,1.137,-0.555,-0.284,0.738,1.337,At Risk,0.356,0.358,Settled,0
14116,New Customers,United Kingdom,20,5,1382.74,276.55,8.0,61,101,-0.901,0.303,0.292,0.811,1.3,At Risk,0.384,0.246,Borderline,1
14117,Hibernating,United Kingdom,144,1,90.0,90.0,,3,0,0.339,-1.057,-1.675,0.962,2.03,New Customers,0.322,0.455,Settled,0
14118,Hibernating,United Kingdom,429,1,458.45,458.45,,15,0,1.037,-1.057,-0.505,0.471,1.764,At Risk,0.211,0.576,Core,0
14119,Hibernating,United Kingdom,376,2,183.37,91.68,,11,342,0.952,-0.555,-1.165,0.41,1.894,At Risk,0.178,0.592,Core,0
14121,New Customers,United Kingdom,4,4,2780.15,695.04,9.4,148,56,-1.822,0.077,0.797,1.45,1.71,Champions,0.459,0.152,Borderline,1
14122,Hibernating,United Kingdom,406,3,362.42,120.81,156.5,12,331,1.001,-0.199,-0.674,0.712,1.356,At Risk,0.344,0.353,Settled,0
14123,Hibernating,United Kingdom,733,1,436.18,436.18,,24,0,1.38,-1.057,-0.541,0.65,1.935,At Risk,0.251,0.557,Core,0
14124,Hibernating,United Kingdom,84,1,419.58,419.58,,4,0,-0.004,-1.057,-0.569,0.962,1.205,New Customers,0.444,0.163,Borderline,1
14125,New Customers,United Kingdom,11,3,2740.43,913.48,16.0,159,67,-1.26,-0.199,0.787,1.101,1.758,At Risk,0.385,0.285,Settled,0
14126,New Customers,United Kingdom,8,4,1172.46,293.12,203.9,37,436,-1.445,0.077,0.173,0.794,1.866,At Risk,0.299,0.436,Settled,0
14127,At Risk,United Kingdom,123,6,1900.08,316.68,41.2,96,302,0.239,0.494,0.522,0.269,1.58,New Customers,0.146,0.528,Core,0
14128,New Customers,United Kingdom,61,3,924.21,308.07,50.5,50,490,-0.206,-0.199,0.001,0.732,0.885,At Risk,0.453,0.071,Borderline,1
14129,Champions,United Kingdom,2,9,2591.34,287.93,54.0,40,577,-2.15,0.935,0.746,1.33,2.028,New Customers,0.396,0.242,Borderline,1
14130,At Risk,United Kingdom,319,4,1882.67,470.67,123.6,189,408,0.847,0.077,0.515,0.51,1.701,Hibernating,0.231,0.491,Settled,0
14131,Hibernating,United Kingdom,649,1,187.87,187.87,,45,0,1.302,-1.057,-1.147,0.528,2.268,At Risk,0.189,0.65,Core,0
14132,Champions,United Kingdom,2,11,3586.03,326.0,6.9,100,181,-2.15,1.161,0.981,1.148,2.29,New Customers,0.334,0.369,Settled,0
14133,At Risk,United Kingdom,130,4,911.14,227.78,171.0,33,603,0.274,0.077,-0.009,0.505,1.246,New Customers,0.288,0.384,Settled,0
14134,At Risk,United Kingdom,383,15,11123.35,741.56,26.4,130,347,0.964,1.517,1.8,1.924,2.144,Champions,0.473,0.127,Borderline,1
14135,Champions,United Kingdom,2,24,9643.92,401.83,32.3,138,736,-2.15,2.07,1.696,1.197,3.317,New Customers,0.265,0.531,Core,0
14136,At Risk,United Kingdom,401,5,1570.81,314.16,45.5,86,331,0.993,0.303,0.385,0.605,1.74,Hibernating,0.258,0.478,Settled,0
14137,Hibernating,United Kingdom,696,1,332.7,332.7,,11,0,1.347,-1.057,-0.736,0.535,2.024,At Risk,0.209,0.609,Core,0
14138,New Customers,United Kingdom,2,2,982.38,491.19,,40,62,-2.15,-0.555,0.046,1.319,2.671,Champions,0.331,0.446,Settled,0
14139,New Customers,United Kingdom,46,4,1086.8,271.7,197.2,48,496,-0.384,0.077,0.118,0.729,0.863,At Risk,0.458,0.056,Borderline,1
14140,New Customers,United Kingdom,4,2,935.05,467.52,,60,27,-1.822,-0.555,0.01,1.0,2.407,At Risk,0.293,0.48,Settled,0
14141,New Customers,United Kingdom,3,4,915.13,228.78,17.6,27,102,-1.966,0.077,-0.006,1.168,2.164,Champions,0.351,0.394,Settled,0
14142,Hibernating,United Kingdom,373,2,983.15,491.58,,42,273,0.947,-0.555,0.046,1.0,1.084,At Risk,0.48,0.094,Borderline,1
14143,Hibernating,United Kingdom,134,1,115.8,115.8,,7,0,0.293,-1.057,-1.495,0.855,1.878,New Customers,0.313,0.455,Settled,0
14144,Hibernating,United Kingdom,486,1,30.6,30.6,,1,0,1.117,-1.057,-2.44,1.568,3.067,New Customers,0.338,0.47,Settled,0
14145,Champions,United Kingdom,47,7,7600.05,1085.72,73.7,11,564,-0.371,0.659,1.524,1.176,1.38,At Risk,0.46,0.029,Borderline,1
14146,Champions,United Kingdom,9,12,9450.3,787.52,63.9,337,686,-1.377,1.26,1.682,0.493,2.372,At Risk,0.172,0.52,Core,0
14147,At Risk,United Kingdom,78,9,2590.2,287.8,68.9,24,562,-0.051,0.935,0.746,0.842,1.381,Champions,0.379,0.323,Settled,0
14148,Hibernating,United Kingdom,234,2,466.29,233.14,,15,180,0.649,-0.555,-0.492,0.561,1.28,At Risk,0.305,0.4,Settled,0
14149,Hibernating,United Kingdom,221,1,446.62,446.62,,28,0,0.612,-1.057,-0.524,0.502,1.668,At Risk,0.231,0.53,Core,0
14150,New Customers,United Kingdom,36,2,658.64,329.32,,23,324,-0.538,-0.555,-0.243,0.43,1.426,At Risk,0.232,0.425,Settled,0
14151,Hibernating,United Kingdom,673,2,679.45,339.72,,44,43,1.325,-0.555,-0.221,0.872,1.42,At Risk,0.38,0.322,Settled,0
14152,At Risk,United Kingdom,75,7,1997.34,285.33,64.3,104,583,-0.076,0.659,0.558,0.608,1.495,New Customers,0.289,0.43,Settled,0
14153,Hibernating,United Kingdom,483,1,233.4,233.4,,17,0,1.113,-1.057,-0.991,0.319,2.09,At Risk,0.132,0.666,Core,0
14154,At Risk,United Kingdom,239,8,6460.7,807.59,65.7,236,456,0.662,0.805,1.407,1.134,1.94,Champions,0.369,0.365,Settled,0
14155,Hibernating,United Kingdom,266,1,118.75,118.75,,6,0,0.731,-1.057,-1.477,0.624,2.169,New Customers,0.223,0.6,Core,0
14156,Champions,EIRE,10,144,303578.63,2108.18,6.1,1443,728,-1.316,4.246,4.19,3.924,5.716,At Risk,0.407,0.3,Settled,0
14157,New Customers,United Kingdom,20,5,1002.78,200.56,95.5,75,626,-0.901,0.303,0.06,0.681,1.345,At Risk,0.336,0.315,Settled,0
14158,New Customers,United Kingdom,40,1,507.66,507.66,,41,0,-0.472,-1.057,-0.431,0.879,1.442,Hibernating,0.379,0.263,Settled,0
14159,Champions,United Kingdom,20,20,7926.79,396.34,33.1,705,717,-0.901,1.854,1.555,0.439,2.318,At Risk,0.159,0.518,Core,0
14160,At Risk,United Kingdom,610,7,8421.47,1203.07,2.5,80,88,1.262,0.659,1.598,1.501,2.563,Champions,0.369,0.383,Settled,0
14161,At Risk,United Kingdom,216,7,3318.88,474.13,31.4,202,510,0.598,0.659,0.925,0.649,1.989,Champions,0.246,0.534,Core,0
14162,Hibernating,United Kingdom,174,2,289.36,144.68,,25,118,0.46,-0.555,-0.836,0.522,1.493,New Customers,0.259,0.473,Settled,0
14163,At Risk,United Kingdom,87,5,2594.62,518.92,75.2,42,374,0.018,0.303,0.747,0.487,1.475,New Customers,0.248,0.451,Settled,0
14164,At Risk,United Kingdom,71,2,1631.77,815.88,,28,10,-0.11,-0.555,0.412,0.983,1.047,New Customers,0.484,0.054,Borderline,1
14165,Hibernating,United Kingdom,276,1,122.54,122.54,,23,0,0.754,-1.057,-1.454,0.598,2.174,New Customers,0.216,0.609,Core,0
14166,Hibernating,United Kingdom,505,2,256.85,128.43,,39,121,1.141,-0.555,-0.922,0.405,1.765,At Risk,0.187,0.577,Core,0
14167,At Risk,United Kingdom,39,8,1296.49,162.06,26.8,48,641,-0.488,0.805,0.246,1.035,1.278,New Customers,0.448,0.158,Borderline,1
14168,Hibernating,United Kingdom,421,2,370.45,185.22,,11,143,1.025,-0.555,-0.658,0.419,1.52,At Risk,0.216,0.525,Core,0
14169,Hibernating,United Kingdom,431,2,616.03,308.02,,49,13,1.04,-0.555,-0.291,0.703,1.289,At Risk,0.353,0.357,Settled,0
14170,Hibernating,United Kingdom,375,3,597.33,199.11,4.0,123,19,0.951,-0.199,-0.314,0.89,1.054,At Risk,0.458,0.127,Borderline,1
14171,Hibernating,United Kingdom,98,2,498.79,249.4,,61,632,0.094,-0.555,-0.444,0.958,1.033,New Customers,0.481,0.083,Borderline,1
14172,Hibernating,United Kingdom,605,3,402.72,134.24,14.5,38,37,1.257,-0.199,-0.598,0.822,1.433,At Risk,0.365,0.333,Settled,0
14173,New Customers,United Kingdom,11,6,586.0,97.67,150.9,30,719,-1.26,0.494,-0.328,0.886,1.83,At Risk,0.326,0.383,Settled,0
14174,New Customers,United Kingdom,33,1,134.46,134.46,,26,0,-0.592,-1.057,-1.388,1.4,1.559,Hibernating,0.473,0.074,Borderline,1
14175,Champions,United Kingdom,60,8,7678.88,959.86,38.7,237,568,-0.217,0.805,1.532,1.187,1.356,At Risk,0.467,0.009,Borderline,1
14176,At Risk,United Kingdom,297,5,916.01,183.2,15.4,33,83,0.801,0.303,-0.005,0.601,1.472,Hibernating,0.29,0.408,Settled,0
14177,At Risk,United Kingdom,86,13,2229.34,171.49,64.1,141,565,0.011,1.352,0.638,1.146,1.364,Champions,0.457,0.179,Borderline,1
14178,New Customers,United Kingdom,9,7,1600.93,228.7,11.1,190,173,-1.377,0.659,0.398,1.258,1.323,Champions,0.487,0.074,Borderline,1
14179,New Customers,United Kingdom,41,2,719.78,359.89,,135,11,-0.456,-0.555,-0.179,0.503,1.345,At Risk,0.272,0.38,Settled,0
14180,Champions,United Kingdom,11,33,6319.25,191.49,9.0,125,537,-1.26,2.45,1.391,0.921,2.883,At Risk,0.242,0.517,Core,0
14181,Hibernating,United Kingdom,411,2,310.55,155.28,,48,151,1.009,-0.555,-0.786,0.354,1.607,At Risk,0.18,0.558,Core,0
14182,At Risk,United Kingdom,444,4,678.77,169.69,12.3,42,152,1.059,0.077,-0.221,0.96,1.174,Hibernating,0.45,0.119,Borderline,1
14183,Hibernating,United Kingdom,411,2,286.29,143.15,,27,69,1.009,-0.555,-0.844,0.339,1.652,At Risk,0.17,0.569,Core,0
14184,New Customers,United Kingdom,67,1,452.89,452.89,,24,0,-0.147,-1.057,-0.513,1.089,1.113,Hibernating,0.495,-0.011,Borderline,1
14185,Hibernating,United Kingdom,331,1,197.65,197.65,,3,0,0.871,-1.057,-1.111,0.286,2.1,New Customers,0.12,0.665,Core,0
14186,At Risk,United Kingdom,427,5,1550.63,310.13,24.2,75,217,1.034,0.303,0.375,0.646,1.736,Hibernating,0.271,0.464,Settled,0
14187,Hibernating,United Kingdom,474,1,123.5,123.5,,8,0,1.101,-1.057,-1.449,0.622,2.421,At Risk,0.204,0.647,Core,0
14188,At Risk,United Kingdom,31,6,2054.36,342.39,21.4,34,279,-0.631,0.494,0.579,1.052,1.175,New Customers,0.472,0.095,Borderline,1
14189,Champions,United Kingdom,2,16,5814.39,363.4,13.5,199,386,-2.15,1.592,1.331,1.019,2.77,New Customers,0.269,0.491,Settled,0
14190,Hibernating,United Kingdom,666,1,79.9,79.9,,1,0,1.318,-1.057,-1.76,0.984,2.737,At Risk,0.264,0.59,Core,0
14191,Champions,United Kingdom,2,15,4817.66,321.18,88.1,147,726,-2.15,1.517,1.195,1.03,2.643,New Customers,0.28,0.468,Settled,0
14192,Hibernating,United Kingdom,388,1,293.74,293.74,,14,0,0.972,-1.057,-0.826,0.231,1.934,At Risk,0.107,0.652,Core,0
14193,At Risk,United Kingdom,68,3,1210.19,403.4,37.5,49,328,-0.138,-0.199,0.196,0.758,0.876,New Customers,0.464,0.091,Borderline,1
14194,Champions,United Kingdom,5,36,18670.59,518.63,21.1,432,697,-1.705,2.555,2.174,1.425,3.543,At Risk,0.287,0.511,Core,0
14195,At Risk,United Kingdom,202,6,2615.6,435.93,67.9,10,432,0.555,0.494,0.753,0.413,1.927,New Customers,0.176,0.569,Core,0
14196,Hibernating,United Kingdom,107,1,335.52,335.52,,6,0,0.15,-1.057,-0.73,0.773,1.37,New Customers,0.361,0.33,Settled,0
14197,Hibernating,United Kingdom,411,1,390.05,390.05,,20,0,1.009,-1.057,-0.621,0.367,1.82,At Risk,0.168,0.611,Core,0
14198,Champions,United Kingdom,18,9,1569.73,174.41,35.8,58,685,-0.965,0.935,0.384,1.156,1.393,New Customers,0.454,0.086,Borderline,1
14199,At Risk,United Kingdom,218,4,1091.7,272.92,79.8,15,312,0.604,0.077,0.122,0.434,1.416,Hibernating,0.234,0.442,Settled,0
14200,Hibernating,United Kingdom,617,1,379.2,379.2,,21,0,1.269,-1.057,-0.642,0.51,1.935,At Risk,0.209,0.601,Core,0
14201,At Risk,United Kingdom,60,10,1193.54,119.35,48.4,47,528,-0.217,1.053,0.186,1.007,1.563,Champions,0.392,0.293,Settled,0
14202,At Risk,United Kingdom,381,3,847.76,282.59,53.5,27,243,0.961,-0.199,-0.061,0.899,1.075,Hibernating,0.456,0.091,Borderline,1
14203,Hibernating,United Kingdom,397,1,339.34,339.34,,16,0,0.987,-1.057,-0.722,0.288,1.872,At Risk,0.133,0.635,Core,0
14204,New Customers,United Kingdom,2,4,1062.96,265.74,128.7,186,735,-2.15,0.077,0.102,1.364,2.177,Champions,0.385,0.332,Settled,0
14205,Champions,United Kingdom,17,9,2414.2,268.24,73.3,79,625,-1.0,0.935,0.695,0.905,1.555,At Risk,0.368,0.257,Settled,0
14206,At Risk,United Kingdom,239,3,1185.01,395.0,67.5,62,163,0.662,-0.199,0.181,0.614,1.288,Hibernating,0.323,0.333,Settled,0
14207,Hibernating,United Kingdom,688,1,157.8,157.8,,2,0,1.339,-1.057,-1.273,0.623,2.372,At Risk,0.208,0.64,Core,0
14208,New Customers,United Kingdom,95,2,567.05,283.52,,34,456,0.074,-0.555,-0.351,1.0,1.021,Hibernating,0.495,-0.027,Borderline,1
14209,Champions,United Kingdom,11,15,4993.27,332.88,24.5,133,675,-1.26,1.517,1.221,0.187,2.203,At Risk,0.078,0.538,Core,0
14210,Champions,United Kingdom,106,16,5861.52,366.34,23.8,143,597,0.144,1.592,1.336,1.278,1.604,At Risk,0.444,0.082,Borderline,1
14211,Champions,United Kingdom,53,18,4402.29,244.57,37.6,155,677,-0.295,1.73,1.129,0.889,1.74,At Risk,0.338,0.285,Settled,0
14212,At Risk,United Kingdom,90,2,2190.14,1095.07,,18,356,0.04,-0.555,0.625,0.935,1.295,New Customers,0.419,0.202,Borderline,1
14213,Hibernating,United Kingdom,405,1,1192.2,1192.2,,5,0,1.0,-1.057,0.185,1.112,1.499,At Risk,0.426,0.237,Borderline,1
14214,New Customers,United Kingdom,31,5,1004.38,200.88,44.8,64,246,-0.631,0.303,0.062,0.728,1.087,At Risk,0.401,0.179,Borderline,1
14215,Champions,United Kingdom,12,9,3416.33,379.59,60.4,167,720,-1.209,0.935,0.946,0.733,1.749,New Customers,0.295,0.376,Settled,0
14216,New Customers,United Kingdom,3,5,2150.04,430.01,158.5,65,410,-1.966,0.303,0.611,1.504,1.665,Champions,0.475,0.113,Borderline,1
14217,Champions,United Kingdom,2,23,3416.89,148.56,17.3,122,525,-2.15,2.019,0.946,1.197,2.901,New Customers,0.292,0.467,Settled,0
14218,New Customers,United Kingdom,43,1,169.48,169.48,,12,0,-0.426,-1.057,-1.222,1.317,1.356,Hibernating,0.493,0.011,Borderline,1
14219,New Customers,United Kingdom,4,3,633.83,211.28,160.5,39,489,-1.822,-0.199,-0.271,0.941,2.373,At Risk,0.284,0.493,Settled,0
14220,At Risk,United Kingdom,247,4,1515.0,378.75,84.5,26,321,0.683,0.077,0.358,0.37,1.584,Hibernating,0.189,0.5,Core,0
14221,Champions,United Kingdom,42,17,6517.49,383.38,36.2,166,569,-0.441,1.663,1.413,0.705,1.881,At Risk,0.273,0.381,Settled,0
14222,Hibernating,United Kingdom,177,1,683.17,683.17,,41,0,0.471,-1.057,-0.217,0.821,1.498,At Risk,0.354,0.364,Settled,0
14223,At Risk,United Kingdom,92,3,991.13,330.38,21.0,50,171,0.054,-0.199,0.052,0.706,0.993,New Customers,0.416,0.186,Borderline,1
14224,At Risk,United Kingdom,110,9,1897.9,210.88,25.5,189,433,0.167,0.935,0.521,0.688,1.659,Champions,0.293,0.456,Settled,0
14225,At Risk,United Kingdom,435,4,2037.02,509.26,28.5,70,261,1.046,0.077,0.572,0.702,1.757,Hibernating,0.286,0.446,Settled,0
14226,At Risk,United Kingdom,29,6,3002.53,500.42,63.6,89,412,-0.672,0.494,0.853,1.161,1.248,Champions,0.482,0.103,Borderline,1
14227,Champions,United Kingdom,26,15,6366.16,424.41,48.2,245,643,-0.74,1.517,1.396,0.396,1.926,At Risk,0.171,0.46,Settled,0
14228,Hibernating,United Kingdom,438,3,745.5,248.5,29.5,38,108,1.05,-0.199,-0.154,1.015,1.009,At Risk,0.501,0.018,Borderline,1
14229,At Risk,United Kingdom,52,7,2594.04,370.58,78.7,41,419,-0.307,0.659,0.747,0.849,1.352,Champions,0.386,0.307,Settled,0
14230,At Risk,United Kingdom,436,3,979.8,326.6,56.5,27,112,1.047,-0.199,0.044,0.907,1.168,Hibernating,0.437,0.14,Borderline,1
14231,At Risk,United Kingdom,184,4,1235.62,308.9,51.7,66,267,0.495,0.077,0.211,0.325,1.506,New Customers,0.178,0.49,Settled,0
14232,At Risk,United Kingdom,43,5,2048.07,409.61,22.2,81,221,-0.426,0.303,0.576,0.83,1.121,New Customers,0.425,0.188,Borderline,1
14233,At Risk,United Kingdom,49,7,2904.27,414.9,54.1,42,594,-0.344,0.659,0.829,0.913,1.294,Champions,0.414,0.256,Settled,0
14234,New Customers,United Kingdom,22,4,775.46,193.86,2.9,122,35,-0.843,0.077,-0.125,0.403,1.371,At Risk,0.227,0.406,Settled,0
14235,At Risk,United Kingdom,75,9,4717.99,524.22,70.6,107,544,-0.076,0.935,1.18,1.091,1.23,Champions,0.47,0.147,Borderline,1
14236,At Risk,United Kingdom,81,5,1744.64,348.93,107.6,39,424,-0.027,0.303,0.46,0.419,1.268,New Customers,0.248,0.411,Settled,0
14237,Hibernating,United Kingdom,373,2,632.14,316.07,,26,217,0.947,-0.555,-0.273,0.704,1.234,At Risk,0.363,0.334,Settled,0
14238,Hibernating,United Kingdom,326,3,434.23,144.74,132.0,13,408,0.861,-0.199,-0.544,0.754,1.19,At Risk,0.388,0.268,Settled,0
14239,Champions,United Kingdom,43,21,4263.17,203.01,26.0,97,691,-0.426,1.912,1.106,0.837,1.936,At Risk,0.302,0.353,Settled,0
14240,New Customers,United Kingdom,30,3,1247.49,415.83,1.5,46,393,-0.651,-0.199,0.218,0.53,1.171,At Risk,0.312,0.301,Settled,0
14241,Hibernating,United Kingdom,184,2,333.7,166.85,,12,512,0.495,-0.555,-0.734,0.518,1.445,At Risk,0.264,0.456,Settled,0
14242,Hibernating,United Kingdom,235,2,280.55,140.27,,13,91,0.652,-0.555,-0.859,0.383,1.566,At Risk,0.197,0.528,Core,0
14243,Champions,United Kingdom,9,17,7431.05,437.12,17.3,235,467,-1.377,1.663,1.508,0.313,2.483,At Risk,0.112,0.562,Core,0
14244,Hibernating,United Kingdom,661,1,366.42,366.42,,16,0,1.314,-1.057,-0.666,0.533,1.969,At Risk,0.213,0.6,Core,0
14245,At Risk,United Kingdom,220,2,1693.45,846.72,,107,43,0.609,-0.555,0.439,0.873,1.402,Hibernating,0.384,0.248,Borderline,1
14246,At Risk,United Kingdom,111,3,1474.06,491.35,40.5,57,135,0.173,-0.199,0.339,0.544,1.215,New Customers,0.309,0.35,Settled,0
14247,At Risk,United Kingdom,278,5,772.66,154.53,37.8,82,273,0.759,0.303,-0.128,0.672,1.404,Hibernating,0.324,0.358,Settled,0
14248,At Risk,United Kingdom,318,3,1032.95,344.32,42.5,41,197,0.845,-0.199,0.082,0.755,1.187,Hibernating,0.389,0.23,Borderline,1
14249,At Risk,United Kingdom,411,12,5625.46,468.79,27.3,177,268,1.009,1.26,1.307,1.444,2.161,Champions,0.401,0.312,Settled,0
14250,New Customers,United Kingdom,7,3,1904.05,634.68,41.0,94,82,-1.521,-0.199,0.524,1.0,1.965,Champions,0.337,0.39,Settled,0
14251,Champions,United Kingdom,2,5,2879.7,575.94,15.2,37,55,-2.15,0.303,0.823,1.687,1.761,New Customers,0.489,-0.008,Borderline,1
14252,Hibernating,United Kingdom,381,1,350.99,350.99,,10,0,0.961,-1.057,-0.697,0.296,1.849,At Risk,0.138,0.629,Core,0
14253,Hibernating,United Kingdom,493,2,363.4,181.7,,11,129,1.126,-0.555,-0.672,0.457,1.574,At Risk,0.225,0.528,Core,0
14254,Hibernating,United Kingdom,433,1,601.03,601.03,,23,0,1.043,-1.057,-0.309,0.646,1.671,At Risk,0.279,0.499,Settled,0
14256,At Risk,United Kingdom,260,5,2473.99,494.8,72.6,100,434,0.716,0.303,0.713,0.429,1.965,New Customers,0.179,0.567,Core,0
14257,Champions,United Kingdom,64,9,5954.45,661.61,41.1,167,584,-0.176,0.935,1.348,1.131,1.254,At Risk,0.474,-0.016,Borderline,1
14258,Champions,United Kingdom,9,25,32051.34,1282.05,19.1,97,726,-1.377,2.118,2.565,1.363,3.318,At Risk,0.291,0.486,Settled,0
14259,Hibernating,United Kingdom,142,1,120.0,120.0,,5,0,0.33,-1.057,-1.469,0.812,1.884,New Customers,0.301,0.472,Settled,0
14260,At Risk,United Kingdom,471,3,824.28,274.76,38.5,50,77,1.097,-0.199,-0.081,1.001,1.078,Hibernating,0.482,0.029,Borderline,1
14261,New Customers,United Kingdom,51,2,1163.45,581.72,,52,27,-0.319,-0.555,0.168,0.745,1.136,At Risk,0.396,0.197,Borderline,1
14262,Champions,United Kingdom,8,8,2618.23,327.28,23.9,87,232,-1.445,0.805,0.754,0.999,1.594,New Customers,0.385,0.231,Borderline,1
14263,Hibernating,United Kingdom,423,1,322.93,322.93,,16,0,1.028,-1.057,-0.757,0.286,1.908,At Risk,0.131,0.642,Core,0
14264,At Risk,United Kingdom,155,6,1517.36,252.89,33.5,59,456,0.386,0.494,0.36,0.217,1.621,New Customers,0.118,0.544,Core,0
14265,At Risk,Unspecified,109,4,1373.35,343.34,113.9,74,502,0.162,0.077,0.288,0.345,1.237,New Customers,0.218,0.42,Settled,0
14266,Hibernating,United Kingdom,428,1,40.56,40.56,,1,0,1.035,-1.057,-2.242,1.363,2.873,New Customers,0.322,0.499,Settled,0
14267,At Risk,United Kingdom,163,3,1516.24,505.41,49.0,25,97,0.418,-0.199,0.359,0.496,1.442,New Customers,0.256,0.437,Settled,0
14268,Hibernating,United Kingdom,471,1,354.85,354.85,,19,0,1.097,-1.057,-0.689,0.363,1.891,At Risk,0.161,0.627,Core,0
14269,Hibernating,United Kingdom,439,1,295.73,295.73,,16,0,1.051,-1.057,-0.821,0.274,1.956,At Risk,0.123,0.652,Core,0
14270,Hibernating,United Kingdom,332,1,492.65,492.65,,29,0,0.873,-1.057,-0.453,0.491,1.683,At Risk,0.226,0.548,Core,0
14271,Hibernating,United Kingdom,226,2,219.13,109.56,,38,183,0.627,-0.555,-1.037,0.418,1.712,At Risk,0.196,0.548,Core,0
14272,At Risk,United Kingdom,74,4,920.81,230.2,117.8,62,508,-0.084,0.077,-0.001,0.678,0.923,New Customers,0.424,0.165,Borderline,1
14273,New Customers,United Kingdom,51,4,559.97,139.99,27.4,22,190,-0.319,0.077,-0.36,0.696,1.086,At Risk,0.39,0.187,Borderline,1
14274,Hibernating,United Kingdom,686,1,256.6,256.6,,15,0,1.337,-1.057,-0.923,0.5,2.134,At Risk,0.19,0.635,Core,0
14275,At Risk,United Kingdom,396,6,1189.38,198.23,32.7,14,211,0.985,0.494,0.184,0.677,1.74,Hibernating,0.28,0.455,Settled,0
14276,At Risk,United Kingdom,99,7,2102.68,300.38,52.9,75,561,0.1,0.659,0.595,0.497,1.616,New Customers,0.235,0.492,Settled,0
14277,Champions,France,15,8,16817.36,2102.17,75.5,332,710,-1.076,0.805,2.098,1.045,2.277,At Risk,0.315,0.369,Settled,0
14278,Hibernating,United Kingdom,410,1,205.83,205.83,,13,0,1.008,-1.057,-1.082,0.296,2.12,At Risk,0.122,0.671,Core,0
14279,Hibernating,United Kingdom,521,2,191.86,95.93,,3,160,1.161,-0.555,-1.132,0.477,1.939,At Risk,0.197,0.589,Core,0
14280,Hibernating,United Kingdom,197,1,134.04,134.04,,8,0,0.539,-1.057,-1.39,0.625,1.979,New Customers,0.24,0.558,Core,0
14281,Hibernating,United Kingdom,408,1,245.15,245.15,,7,0,1.005,-1.057,-0.956,0.239,2.031,At Risk,0.105,0.667,Core,0
14282,Champions,United Kingdom,3,25,7849.66,313.99,25.6,100,659,-1.966,2.118,1.548,1.032,3.184,At Risk,0.245,0.546,Core,0
14283,At Risk,United Kingdom,463,4,628.44,157.11,23.5,36,106,1.086,0.077,-0.277,1.017,1.147,Hibernating,0.47,0.07,Borderline,1
14284,New Customers,United Kingdom,31,3,1299.65,433.22,255.5,59,622,-0.631,-0.199,0.248,0.565,1.148,At Risk,0.33,0.278,Settled,0
14285,Champions,United Kingdom,21,8,3284.42,410.55,100.3,48,710,-0.871,0.805,0.918,0.894,1.446,At Risk,0.382,0.214,Borderline,1
14286,Champions,United Kingdom,24,7,8479.76,1211.39,87.1,270,712,-0.789,0.659,1.603,0.976,1.702,At Risk,0.365,0.246,Borderline,1
14287,New Customers,United Kingdom,8,3,176.63,58.88,95.0,9,190,-1.445,-0.199,-1.192,1.105,2.432,Hibernating,0.312,0.447,Settled,0
14288,Hibernating,United Kingdom,213,1,426.6,426.6,,16,0,0.589,-1.057,-0.557,0.491,1.684,At Risk,0.226,0.536,Core,0
14289,New Customers,United Kingdom,9,6,911.26,151.88,35.9,33,280,-1.377,0.494,-0.009,0.966,1.736,Champions,0.358,0.354,Settled,0
14290,Champions,United Kingdom,11,8,4516.56,564.57,99.6,120,720,-1.26,0.805,1.148,0.773,1.819,New Customers,0.298,0.375,Settled,0
14291,Champions,United Kingdom,2,23,7904.1,343.66,34.4,241,728,-2.15,2.019,1.553,1.142,3.198,New Customers,0.263,0.527,Core,0
14292,Champions,United Kingdom,8,16,9226.25,576.64,37.1,120,623,-1.445,1.592,1.664,0.442,2.565,At Risk,0.147,0.557,Core,0
14293,Champions,United Kingdom,3,9,3267.93,363.1,98.4,88,726,-1.966,0.935,0.914,1.119,2.011,New Customers,0.358,0.311,Settled,0
14294,Hibernating,United Kingdom,407,1,375.34,375.34,,23,0,1.003,-1.057,-0.649,0.344,1.834,At Risk,0.158,0.618,Core,0
14295,At Risk,United Kingdom,40,4,2352.91,588.23,127.0,65,690,-0.472,0.077,0.677,0.921,1.08,New Customers,0.46,0.112,Borderline,1
14296,Hibernating,United Kingdom,421,2,456.4,228.2,,27,152,1.025,-0.555,-0.508,0.521,1.415,At Risk,0.269,0.47,Settled,0
14297,New Customers,United Kingdom,18,4,1305.33,326.33,91.3,48,257,-0.965,0.077,0.251,0.63,1.385,At Risk,0.313,0.35,Settled,0
14298,Champions,United Kingdom,8,82,91194.49,1112.13,11.5,1370,719,-1.445,3.555,3.321,2.833,4.729,At Risk,0.375,0.375,Settled,0
14299,Champions,United Kingdom,8,27,14499.49,537.02,38.5,164,729,-1.445,2.21,1.991,0.976,3.079,At Risk,0.241,0.539,Core,0
14300,New Customers,United Kingdom,19,1,43.2,43.2,,3,0,-0.933,-1.057,-2.198,2.094,2.234,Hibernating,0.484,0.047,Borderline,1
14301,At Risk,United Kingdom,117,4,1992.18,498.04,85.8,37,549,0.207,0.077,0.556,0.307,1.409,New Customers,0.179,0.473,Settled,0
14302,At Risk,United Kingdom,431,3,742.9,247.63,78.5,25,306,1.04,-0.199,-0.156,1.004,1.011,Hibernating,0.498,-0.019,Borderline,1
14303,Hibernating,United Kingdom,407,2,277.94,138.97,,21,27,1.003,-0.555,-0.865,0.333,1.667,At Risk,0.167,0.572,Core,0
14304,At Risk,United Kingdom,223,3,1725.01,575.0,17.0,69,348,0.618,-0.199,0.452,0.54,1.53,Hibernating,0.261,0.432,Settled,0
14305,At Risk,United Kingdom,71,3,1858.96,619.65,10.0,96,64,-0.11,-0.199,0.506,0.704,1.086,New Customers,0.393,0.223,Borderline,1
14306,At Risk,United Kingdom,51,6,3151.4,525.23,102.7,43,625,-0.319,0.494,0.888,0.867,1.405,Champions,0.382,0.315,Settled,0
14307,At Risk,United Kingdom,89,10,5071.03,507.1,40.4,205,643,0.033,1.053,1.232,1.161,1.269,Champions,0.478,0.131,Borderline,1
14309,Champions,United Kingdom,8,11,3780.81,343.71,34.5,125,542,-1.445,1.161,1.019,0.594,2.014,New Customers,0.228,0.463,Settled,0
14310,Hibernating,United Kingdom,433,1,492.1,492.1,,22,0,1.043,-1.057,-0.454,0.517,1.74,At Risk,0.229,0.558,Core,0
14311,Hibernating,United Kingdom,243,2,516.45,258.23,,31,324,0.673,-0.555,-0.419,0.608,1.233,At Risk,0.33,0.366,Settled,0
14312,Champions,United Kingdom,47,11,3090.29,280.94,31.1,148,457,-0.371,1.161,0.874,0.978,1.238,At Risk,0.441,0.06,Borderline,1
14314,Hibernating,United Kingdom,107,2,229.8,114.9,,10,324,0.15,-0.555,-1.002,0.796,1.31,New Customers,0.378,0.293,Settled,0
14315,At Risk,United Kingdom,45,8,3197.82,399.73,91.5,83,589,-0.398,0.805,0.898,1.05,1.135,Champions,0.481,0.119,Borderline,1
14316,At Risk,United Kingdom,422,5,1370.34,274.07,45.7,21,208,1.026,0.303,0.286,0.652,1.671,Hibernating,0.281,0.447,Settled,0
14317,New Customers,United Kingdom,65,1,508.58,508.58,,24,0,-0.166,-1.057,-0.43,1.058,1.162,Hibernating,0.477,0.036,Borderline,1
14318,Hibernating,United Kingdom,460,1,158.02,158.02,,9,0,1.081,-1.057,-1.272,0.465,2.281,At Risk,0.169,0.665,Core,0
14319,Hibernating,United Kingdom,424,1,494.85,494.85,,26,0,1.029,-1.057,-0.45,0.516,1.733,At Risk,0.23,0.556,Core,0
14320,At Risk,United Kingdom,207,5,1346.75,269.35,66.6,68,480,0.571,0.303,0.273,0.241,1.663,New Customers,0.127,0.546,Core,0
14321,Champions,United Kingdom,11,7,2218.06,316.87,40.2,162,462,-1.26,0.659,0.634,1.145,1.357,New Customers,0.458,0.069,Borderline,1
14322,Hibernating,United Kingdom,429,4,474.1,118.52,92.6,10,230,1.037,0.077,-0.48,1.042,1.139,At Risk,0.478,0.071,Borderline,1
14323,Hibernating,United Kingdom,115,2,605.06,302.53,,32,123,0.196,-0.555,-0.304,0.957,1.114,New Customers,0.462,0.135,Borderline,1
14324,Hibernating,United Kingdom,410,2,701.61,350.8,,41,283,1.008,-0.555,-0.198,0.78,1.222,At Risk,0.39,0.292,Settled,0
14325,Hibernating,United Kingdom,570,1,245.48,245.48,,18,0,1.219,-1.057,-0.955,0.397,2.105,At Risk,0.159,0.655,Core,0
14326,At Risk,United Kingdom,242,3,940.98,313.66,76.0,54,290,0.67,-0.199,0.014,0.702,1.15,Hibernating,0.379,0.237,Borderline,1
14327,At Risk,United Kingdom,163,6,1894.93,315.82,81.8,99,536,0.418,0.494,0.52,0.223,1.711,New Customers,0.115,0.561,Core,0
14329,Champions,United Kingdom,17,15,9927.22,661.81,23.4,349,706,-1.0,1.517,1.717,0.386,2.256,At Risk,0.146,0.514,Core,0
14330,Hibernating,United Kingdom,624,1,200.63,200.63,,13,0,1.277,-1.057,-1.1,0.487,2.226,At Risk,0.179,0.653,Core,0
14331,Hibernating,United Kingdom,124,2,462.66,231.33,,27,10,0.244,-0.555,-0.498,0.812,1.186,New Customers,0.406,0.248,Borderline,1
14332,New Customers,United Kingdom,23,5,1943.51,388.7,80.1,47,393,-0.815,0.303,0.538,0.994,1.211,At Risk,0.451,0.11,Borderline,1
14333,Hibernating,United Kingdom,68,1,415.2,415.2,,15,0,-0.138,-1.057,-0.576,1.084,1.113,New Customers,0.493,0.041,Borderline,1
14334,Champions,United Kingdom,17,12,4318.48,359.87,18.7,148,551,-1.0,1.26,1.116,0.391,1.828,At Risk,0.176,0.455,Settled,0
14335,New Customers,Germany,16,2,468.26,234.13,,55,80,-1.037,-0.555,-0.489,0.38,1.899,At Risk,0.167,0.537,Core,0
14336,New Customers,United Kingdom,17,4,1614.91,403.73,69.0,77,259,-1.0,0.077,0.405,0.761,1.407,At Risk,0.351,0.308,Settled,0
14338,At Risk,United Kingdom,161,3,928.1,309.37,152.5,43,375,0.41,-0.199,0.004,0.651,1.217,Hibernating,0.349,0.288,Settled,0
14339,Hibernating,United Kingdom,243,2,620.27,310.14,,21,186,0.673,-0.555,-0.287,0.718,1.146,At Risk,0.385,0.281,Settled,0
14340,Hibernating,United Kingdom,219,1,134.7,134.7,,6,0,0.607,-1.057,-1.386,0.588,2.026,New Customers,0.225,0.58,Core,0
14341,Champions,United Kingdom,45,18,4467.32,248.18,42.3,185,693,-0.398,1.73,1.14,0.79,1.787,At Risk,0.307,0.331,Settled,0
14342,New Customers,United Kingdom,21,6,918.44,153.07,73.3,27,451,-0.871,0.494,-0.003,0.835,1.351,At Risk,0.382,0.25,Settled,0
14343,At Risk,United Kingdom,421,4,1088.91,272.23,28.2,193,268,1.025,0.077,0.12,0.739,1.396,Hibernating,0.346,0.332,Settled,0
14344,Champions,United Kingdom,127,20,3333.7,166.68,23.9,140,498,0.259,1.854,0.928,1.49,1.646,At Risk,0.475,0.002,Borderline,1
14345,Hibernating,United Kingdom,39,1,108.98,108.98,,6,0,-0.488,-1.057,-1.538,1.518,1.55,New Customers,0.495,0.026,Borderline,1
14346,At Risk,United Kingdom,121,5,2315.75,463.15,65.9,123,376,0.228,0.303,0.665,0.283,1.563,New Customers,0.153,0.517,Core,0
14347,Hibernating,United Kingdom,737,1,82.6,82.6,,6,0,1.383,-1.057,-1.737,0.995,2.741,At Risk,0.266,0.587,Core,0
14348,Hibernating,United Kingdom,260,1,409.57,409.57,,18,0,0.716,-1.057,-0.586,0.406,1.721,At Risk,0.191,0.571,Core,0
14349,New Customers,United Kingdom,10,1,133.5,133.5,,31,0,-1.316,-1.057,-1.393,1.438,2.256,Hibernating,0.389,0.308,Settled,0
14350,At Risk,United Kingdom,274,3,972.03,324.01,28.0,55,155,0.75,-0.199,0.038,0.724,1.158,Hibernating,0.385,0.23,Borderline,1
14351,Hibernating,United Kingdom,165,1,51.0,51.0,,1,0,0.426,-1.057,-2.08,1.276,2.38,New Customers,0.349,0.426,Settled,0
14352,At Risk,United Kingdom,157,4,1078.96,269.74,31.4,44,116,0.394,0.077,0.113,0.385,1.385,New Customers,0.217,0.465,Settled,0
14353,Hibernating,United Kingdom,215,3,376.5,125.5,87.0,18,216,0.595,-0.199,-0.647,0.764,1.203,At Risk,0.388,0.261,Settled,0
14354,New Customers,United Kingdom,6,2,163.62,81.81,,9,24,-1.606,-0.555,-1.247,1.259,2.526,Hibernating,0.333,0.424,Settled,0
14355,At Risk,United Kingdom,366,3,1014.45,338.15,47.0,57,261,0.935,-0.199,0.069,0.818,1.177,Hibernating,0.41,0.194,Borderline,1
14356,New Customers,United Kingdom,80,2,701.23,350.62,,33,1,-0.035,-0.555,-0.198,0.89,1.138,At Risk,0.439,0.132,Borderline,1
14357,New Customers,United Kingdom,43,1,225.77,225.77,,39,0,-0.426,-1.057,-1.015,1.172,1.323,Hibernating,0.47,0.073,Borderline,1
14358,Hibernating,United Kingdom,389,2,400.06,200.03,,21,38,0.974,-0.555,-0.603,0.439,1.459,At Risk,0.231,0.505,Core,0
14359,New Customers,United Kingdom,19,3,912.18,304.06,11.0,44,68,-0.933,-0.199,-0.008,0.263,1.478,At Risk,0.151,0.464,Settled,0
14360,New Customers,United Kingdom,32,4,2128.23,532.06,15.3,104,62,-0.611,0.077,0.604,0.971,1.038,At Risk,0.483,0.02,Borderline,1
14361,Hibernating,United Kingdom,579,1,214.71,214.71,,14,0,1.229,-1.057,-1.051,0.429,2.173,At Risk,0.165,0.659,Core,0
14362,New Customers,United Kingdom,22,1,161.2,161.2,,37,0,-0.843,-1.057,-1.258,1.263,1.767,Hibernating,0.417,0.227,Borderline,1
14363,Hibernating,United Kingdom,402,2,227.47,113.74,,8,49,0.995,-0.555,-1.01,0.345,1.779,At Risk,0.163,0.588,Core,0
14364,At Risk,United Kingdom,109,8,3717.35,464.67,9.8,61,102,0.162,0.805,1.007,0.804,1.529,Champions,0.345,0.381,Settled,0
14365,Hibernating,United Kingdom,395,2,634.68,317.34,,50,287,0.984,-0.555,-0.27,0.711,1.25,At Risk,0.363,0.337,Settled,0
14366,Hibernating,United Kingdom,525,1,136.0,136.0,,1,0,1.166,-1.057,-1.38,0.591,2.388,At Risk,0.198,0.652,Core,0
14367,Champions,United Kingdom,8,16,9261.52,578.84,13.6,270,267,-1.445,1.592,1.667,0.444,2.567,At Risk,0.147,0.557,Core,0
14368,Hibernating,United Kingdom,320,1,155.0,155.0,,8,0,0.849,-1.057,-1.286,0.431,2.16,New Customers,0.166,0.649,Core,0
14369,Hibernating,United Kingdom,642,2,469.13,234.56,,24,19,1.295,-0.555,-0.488,0.664,1.543,At Risk,0.301,0.452,Settled,0
14370,At Risk,United Kingdom,451,6,1175.78,195.96,30.0,37,226,1.069,0.494,0.175,0.754,1.742,Hibernating,0.302,0.43,Settled,0
14371,Hibernating,United Kingdom,295,1,100.5,100.5,,4,0,0.797,-1.057,-1.596,0.725,2.288,New Customers,0.241,0.594,Core,0
14372,Hibernating,United Kingdom,443,2,860.08,430.04,,36,156,1.057,-0.555,-0.05,0.923,1.18,At Risk,0.439,0.193,Borderline,1
14373,Hibernating,United Kingdom,358,1,76.55,76.55,,4,0,0.921,-1.057,-1.791,0.911,2.496,New Customers,0.267,0.575,Core,0
14374,Hibernating,United Kingdom,541,1,108.0,108.0,,7,0,1.185,-1.057,-1.545,0.739,2.522,At Risk,0.227,0.631,Core,0
14375,At Risk,United Kingdom,185,3,1132.99,377.66,87.0,176,355,0.499,-0.199,0.149,0.576,1.299,Hibernating,0.307,0.35,Settled,0
14376,Hibernating,United Kingdom,683,1,215.46,215.46,,17,0,1.335,-1.057,-1.049,0.518,2.215,At Risk,0.19,0.644,Core,0
14377,Hibernating,United Kingdom,191,2,617.05,308.52,,11,70,0.519,-0.555,-0.29,0.773,1.12,At Risk,0.408,0.236,Borderline,1
14378,Hibernating,United Kingdom,622,1,131.25,131.25,,9,0,1.275,-1.057,-1.405,0.67,2.445,At Risk,0.215,0.639,Core,0
14379,New Customers,United Kingdom,44,4,1268.91,317.23,74.9,93,436,-0.412,0.077,0.23,0.773,0.855,At Risk,0.475,0.026,Borderline,1
14381,New Customers,United Kingdom,52,2,631.34,315.67,,104,399,-0.307,-0.555,-0.274,0.633,1.305,At Risk,0.327,0.326,Settled,0
14382,New Customers,United Kingdom,26,2,1246.8,623.4,,227,363,-0.74,-0.555,0.218,0.545,1.428,At Risk,0.276,0.379,Settled,0
14383,New Customers,United Kingdom,38,3,1247.69,415.9,36.5,49,125,-0.504,-0.199,0.218,0.61,1.042,At Risk,0.369,0.214,Borderline,1
14384,Hibernating,United Kingdom,501,1,58.5,58.5,,3,0,1.136,-1.057,-1.983,1.128,2.772,New Customers,0.289,0.555,Core,0
14385,New Customers,United Kingdom,9,3,202.11,67.37,0.0,13,14,-1.377,-0.199,-1.095,0.988,2.358,Hibernating,0.295,0.466,Settled,0
14386,Hibernating,United Kingdom,297,1,142.4,142.4,,7,0,0.801,-1.057,-1.347,0.491,2.153,New Customers,0.186,0.633,Core,0
14387,New Customers,United Kingdom,33,3,1770.56,590.19,3.5,125,76,-0.592,-0.199,0.471,0.781,1.098,At Risk,0.416,0.157,Borderline,1
14388,Champions,United Kingdom,10,16,6701.0,418.81,19.3,184,678,-1.316,1.592,1.433,0.206,2.368,At Risk,0.08,0.556,Core,0
14389,At Risk,United Kingdom,65,5,1898.01,379.6,63.5,48,525,-0.166,0.303,0.521,0.564,1.215,New Customers,0.317,0.347,Settled,0
14390,Champions,United Kingdom,10,13,6399.83,492.29,39.2,197,414,-1.316,1.352,1.4,0.265,2.23,At Risk,0.106,0.535,Core,0
14391,Hibernating,United Kingdom,577,1,135.6,135.6,,14,0,1.227,-1.057,-1.382,0.624,2.41,At Risk,0.206,0.646,Core,0
14392,Hibernating,United Kingdom,432,1,266.4,266.4,,14,0,1.041,-1.057,-0.896,0.255,2.002,At Risk,0.113,0.662,Core,0
14393,Hibernating,United Kingdom,218,1,67.95,67.95,,5,0,0.604,-1.057,-1.876,1.03,2.335,New Customers,0.306,0.503,Core,0
14394,Hibernating,United Kingdom,565,1,93.8,93.8,,6,0,1.213,-1.057,-1.646,0.839,2.611,At Risk,0.243,0.615,Core,0
14395,Champions,United Kingdom,2,20,8208.01,410.4,25.1,320,598,-2.15,1.854,1.58,1.088,3.096,New Customers,0.26,0.523,Core,0
14396,At Risk,United Kingdom,65,7,2121.93,303.13,101.2,202,672,-0.166,0.659,0.602,0.689,1.472,New Customers,0.319,0.396,Settled,0
14397,Champions,United Kingdom,3,19,2612.96,137.52,5.7,18,210,-1.966,1.794,0.752,1.059,2.561,New Customers,0.293,0.442,Settled,0
14398,Hibernating,United Kingdom,401,2,707.79,353.9,,50,126,0.993,-0.555,-0.191,0.783,1.212,At Risk,0.393,0.286,Settled,0
14399,At Risk,United Kingdom,394,8,2113.16,264.14,21.7,119,280,0.982,0.805,0.599,0.801,2.246,Hibernating,0.263,0.523,Core,0
14400,At Risk,United Kingdom,149,3,1732.47,577.49,18.0,71,482,0.361,-0.199,0.455,0.491,1.435,New Customers,0.255,0.439,Settled,0
14401,Champions,United Kingdom,4,22,6795.9,308.9,29.1,171,721,-1.822,1.967,1.443,0.816,2.954,At Risk,0.216,0.556,Core,0
14402,Hibernating,United Kingdom,652,1,285.6,285.6,,8,0,1.305,-1.057,-0.846,0.474,2.071,At Risk,0.186,0.633,Core,0
14403,At Risk,United Kingdom,130,6,1880.51,313.42,122.0,20,508,0.274,0.494,0.515,0.248,1.601,New Customers,0.134,0.535,Core,0
14404,Champions,United Kingdom,34,13,2899.11,223.01,32.5,123,685,-0.573,1.352,0.828,0.792,1.487,At Risk,0.348,0.249,Borderline,1
14405,Hibernating,United Kingdom,387,1,195.0,195.0,,2,0,0.971,-1.057,-1.121,0.307,2.137,At Risk,0.126,0.671,Core,0
14406,Hibernating,United Kingdom,119,1,156.75,156.75,,8,0,0.218,-1.057,-1.278,0.784,1.69,New Customers,0.317,0.429,Settled,0
14407,At Risk,United Kingdom,107,5,2142.73,428.55,26.2,66,169,0.15,0.303,0.609,0.298,1.475,New Customers,0.168,0.495,Settled,0
14408,Champions,United Kingdom,11,11,4109.77,373.62,52.3,63,721,-1.26,1.161,1.08,0.485,1.975,At Risk,0.197,0.475,Settled,0
14409,At Risk,United Kingdom,71,9,3756.09,417.34,51.9,76,496,-0.11,0.935,1.015,1.003,1.236,Champions,0.448,0.194,Borderline,1
14410,At Risk,United Kingdom,92,11,2650.14,240.92,27.9,306,344,0.054,1.161,0.763,0.99,1.38,Champions,0.418,0.258,Settled,0
14411,Hibernating,United Kingdom,311,1,1063.0,1063.0,,14,0,0.831,-1.057,0.103,1.025,1.456,At Risk,0.413,0.262,Settled,0
14412,New Customers,United Kingdom,43,3,1426.19,475.4,161.0,75,381,-0.426,-0.199,0.315,0.732,0.96,At Risk,0.433,0.112,Borderline,1
14413,Hibernating,United Kingdom,362,3,427.57,142.52,115.5,92,326,0.928,-0.199,-0.555,0.75,1.227,At Risk,0.379,0.286,Settled,0
14414,At Risk,United Kingdom,92,8,2399.33,299.92,74.3,99,283,0.054,0.805,0.691,0.667,1.546,Champions,0.301,0.437,Settled,0
14415,Champions,United Kingdom,1,23,12091.6,525.72,15.1,445,722,-2.41,2.019,1.86,1.455,3.486,New Customers,0.294,0.497,Settled,0
14416,New Customers,United Kingdom,22,2,490.22,245.11,,13,20,-0.843,-0.555,-0.456,0.331,1.74,At Risk,0.16,0.518,Core,0
14417,Hibernating,United Kingdom,388,1,604.2,604.2,,106,0,0.972,-1.057,-0.305,0.636,1.643,At Risk,0.279,0.495,Settled,0
14418,New Customers,United Kingdom,4,3,1937.25,645.75,30.5,114,104,-1.822,-0.199,0.536,1.222,2.041,Champions,0.374,0.343,Settled,0
14419,New Customers,United Kingdom,11,7,1260.91,180.13,62.3,118,372,-1.26,0.659,0.226,1.136,1.438,Champions,0.441,0.184,Borderline,1
14420,At Risk,United Kingdom,99,4,1639.17,409.79,75.0,85,592,0.1,0.077,0.415,0.36,1.248,New Customers,0.224,0.416,Settled,0
14421,At Risk,United Kingdom,57,6,2469.37,411.56,103.1,72,634,-0.249,0.494,0.712,0.727,1.4,New Customers,0.342,0.355,Settled,0
14422,Champions,United Kingdom,1,19,10271.52,540.61,28.9,317,721,-2.41,1.794,1.742,1.358,3.266,New Customers,0.294,0.487,Settled,0
14423,At Risk,United Kingdom,218,3,916.61,305.54,19.0,12,476,0.604,-0.199,-0.005,0.69,1.149,Hibernating,0.375,0.241,Borderline,1
14424,New Customers,United Kingdom,18,1,322.08,322.08,,1,0,-0.965,-1.057,-0.759,0.915,1.859,Hibernating,0.33,0.387,Settled,0
14425,Hibernating,United Kingdom,435,3,661.39,220.46,136.5,35,302,1.046,-0.199,-0.24,0.952,1.059,At Risk,0.473,0.091,Borderline,1
14426,Champions,United Kingdom,24,17,11727.94,689.88,34.2,452,621,-0.789,1.663,1.838,0.605,2.291,At Risk,0.209,0.484,Settled,0
14427,At Risk,United Kingdom,50,4,1263.52,315.88,175.3,43,581,-0.332,0.077,0.227,0.781,0.823,New Customers,0.487,0.05,Borderline,1
14428,New Customers,United Kingdom,7,5,1244.83,248.97,51.0,108,317,-1.521,0.303,0.217,0.991,1.725,Champions,0.365,0.345,Settled,0
14429,Hibernating,United Kingdom,404,1,516.28,516.28,,22,0,0.998,-1.057,-0.419,0.536,1.706,At Risk,0.239,0.544,Core,0
14430,At Risk,United Kingdom,512,3,1220.9,406.97,48.0,29,95,1.15,-0.199,0.203,0.932,1.317,Hibernating,0.414,0.2,Borderline,1
14431,At Risk,United Kingdom,303,4,2614.2,653.55,73.3,72,384,0.814,0.077,0.753,0.571,1.904,Hibernating,0.231,0.513,Core,0
14432,New Customers,United Kingdom,10,6,2255.51,375.92,4.8,256,79,-1.316,0.494,0.646,1.271,1.276,Champions,0.499,0.044,Borderline,1
14433,Hibernating,United Kingdom,466,1,289.6,289.6,,72,0,1.09,-1.057,-0.836,0.296,1.979,At Risk,0.13,0.653,Core,0
14434,New Customers,United Kingdom,22,6,1372.8,228.8,4.2,3,50,-0.843,0.494,0.287,0.961,1.259,At Risk,0.433,0.153,Borderline,1
14435,Hibernating,United Kingdom,502,1,90.42,90.42,,3,0,1.137,-1.057,-1.672,0.835,2.59,New Customers,0.244,0.615,Core,0
14436,Hibernating,United Kingdom,99,2,271.7,135.85,,11,454,0.1,-0.555,-0.882,0.835,1.203,New Customers,0.41,0.229,Borderline,1
14437,At Risk,United Kingdom,366,5,958.84,191.77,15.7,34,217,0.935,0.303,0.028,0.679,1.492,Hibernating,0.313,0.387,Settled,0
14438,Hibernating,United Kingdom,306,1,131.9,131.9,,9,0,0.82,-1.057,-1.402,0.539,2.196,New Customers,0.197,0.629,Core,0
14439,At Risk,Greece,320,5,9443.04,1888.61,50.9,105,367,0.849,0.303,1.681,1.329,2.358,Champions,0.36,0.392,Settled,0
14440,Champions,United Kingdom,8,13,6638.73,510.67,68.3,63,729,-1.445,1.352,1.426,0.37,2.342,At Risk,0.136,0.541,Core,0
14441,Champions,United Kingdom,1,11,4611.69,419.24,40.9,103,689,-2.41,1.161,1.163,1.346,2.539,New Customers,0.346,0.364,Settled,0
14442,At Risk,Channel Islands,205,7,5367.02,766.72,43.9,128,485,0.564,0.659,1.273,0.933,1.914,Champions,0.328,0.429,Settled,0
14443,At Risk,United Kingdom,54,5,2386.47,477.29,58.6,119,325,-0.283,0.303,0.687,0.72,1.266,New Customers,0.363,0.303,Settled,0
14444,Hibernating,United Kingdom,456,1,132.04,132.04,,11,0,1.076,-1.057,-1.401,0.571,2.377,At Risk,0.194,0.654,Core,0
14445,Hibernating,United Kingdom,456,1,221.65,221.65,,32,0,1.076,-1.057,-1.028,0.306,2.103,At Risk,0.127,0.669,Core,0
14446,New Customers,United Kingdom,1,5,1236.51,247.3,57.9,258,385,-2.41,0.303,0.212,1.702,2.114,Champions,0.446,0.191,Borderline,1
14447,New Customers,United Kingdom,19,6,1711.73,285.29,54.1,81,381,-0.933,0.494,0.447,1.057,1.339,At Risk,0.441,0.144,Borderline,1
14448,New Customers,United Kingdom,9,2,375.35,187.68,,20,354,-1.377,-0.555,-0.649,0.683,2.239,At Risk,0.234,0.533,Core,0
14449,Champions,United Kingdom,19,8,2482.8,310.35,62.9,301,417,-0.933,0.805,0.715,0.994,1.448,At Risk,0.407,0.178,Borderline,1
14450,At Risk,United Kingdom,181,7,1128.44,161.21,66.4,47,429,0.485,0.659,0.146,0.478,1.723,New Customers,0.217,0.517,Core,0
14451,Champions,United Kingdom,60,12,3308.77,275.73,53.6,245,631,-0.217,1.26,0.923,1.051,1.245,At Risk,0.458,0.021,Borderline,1
14452,New Customers,United Kingdom,11,4,665.59,166.4,94.7,108,510,-1.26,0.077,-0.236,0.534,1.794,At Risk,0.229,0.482,Settled,0
14453,Hibernating,United Kingdom,190,1,119.93,119.93,,22,0,0.516,-1.057,-1.47,0.7,2.01,New Customers,0.258,0.542,Core,0
14454,At Risk,United Kingdom,376,5,977.3,195.46,26.4,93,357,0.952,0.303,0.042,0.685,1.501,Hibernating,0.313,0.388,Settled,0
14455,At Risk,United Kingdom,432,4,628.21,157.05,10.4,65,63,1.041,0.077,-0.277,0.987,1.14,Hibernating,0.464,0.083,Borderline,1
14456,Champions,United Kingdom,5,9,3059.44,339.94,13.0,579,137,-1.705,0.935,0.866,0.965,1.855,New Customers,0.342,0.322,Settled,0
14457,Hibernating,United Kingdom,311,1,113.64,113.64,,4,0,0.831,-1.057,-1.508,0.638,2.262,New Customers,0.22,0.615,Core,0
14458,Hibernating,United Kingdom,381,1,228.62,228.62,,45,0,0.961,-1.057,-1.006,0.236,2.053,At Risk,0.103,0.668,Core,0
14459,At Risk,United Kingdom,155,2,5375.74,2687.87,,112,496,0.386,-0.555,1.274,1.192,1.997,New Customers,0.374,0.334,Settled,0
14460,At Risk,United Kingdom,110,9,1093.5,121.5,53.3,33,613,0.167,0.935,0.123,0.75,1.67,New Customers,0.31,0.419,Settled,0
14461,At Risk,United Kingdom,148,13,6713.11,516.39,34.8,514,542,0.356,1.352,1.434,1.46,1.503,Champions,0.493,0.088,Borderline,1
14462,At Risk,United Kingdom,66,12,2265.01,188.75,24.6,181,366,-0.157,1.26,0.649,1.135,1.237,Champions,0.478,0.13,Borderline,1
14463,At Risk,United Kingdom,98,4,786.57,196.64,114.4,7,401,0.094,0.077,-0.115,0.659,1.062,New Customers,0.383,0.245,Borderline,1
14464,Hibernating,United Kingdom,568,2,111.0,55.5,,4,59,1.216,-0.555,-1.525,0.772,2.288,At Risk,0.252,0.568,Core,0
14465,At Risk,United Kingdom,247,11,3946.03,358.73,33.6,128,454,0.683,1.161,1.05,1.107,1.881,Champions,0.37,0.364,Settled,0
14466,Champions,United Kingdom,29,13,4646.9,357.45,32.2,77,696,-0.672,1.352,1.169,0.531,1.673,At Risk,0.241,0.384,Settled,0
14467,Champions,United Kingdom,18,12,2220.99,185.08,69.5,144,720,-0.965,1.26,0.635,0.791,1.68,At Risk,0.32,0.325,Settled,0
14468,Hibernating,United Kingdom,734,1,204.24,204.24,,12,0,1.381,-1.057,-1.087,0.571,2.26,At Risk,0.202,0.636,Core,0
14469,At Risk,United Kingdom,416,4,2112.21,528.05,27.4,120,263,1.017,0.077,0.599,0.682,1.776,Hibernating,0.277,0.457,Settled,0
14470,New Customers,United Kingdom,12,3,712.04,237.35,66.5,56,418,-1.209,-0.199,-0.187,0.343,1.784,At Risk,0.161,0.518,Core,0
14471,Hibernating,United Kingdom,591,2,400.95,200.48,,38,141,1.242,-0.555,-0.601,0.564,1.584,At Risk,0.262,0.498,Settled,0
14472,At Risk,United Kingdom,104,9,2228.22,247.58,99.8,173,585,0.132,0.935,0.637,0.725,1.575,Champions,0.315,0.424,Settled,0
14473,Hibernating,United Kingdom,74,2,234.34,117.17,,7,208,-0.084,-0.555,-0.988,1.013,1.124,New Customers,0.474,0.091,Borderline,1
14474,New Customers,United Kingdom,46,2,1278.08,639.04,,122,533,-0.384,-0.555,0.236,0.739,1.164,At Risk,0.388,0.21,Borderline,1
14475,At Risk,United Kingdom,72,4,1151.15,287.79,6.0,40,337,-0.102,0.077,0.16,0.602,0.963,New Customers,0.385,0.221,Borderline,1
14476,Hibernating,United Kingdom,257,1,215.7,215.7,,17,0,0.709,-1.057,-1.048,0.296,1.939,New Customers,0.132,0.633,Core,0
14477,Champions,United Kingdom,20,7,1969.6,281.37,45.2,7,684,-0.901,0.659,0.548,1.217,1.248,New Customers,0.494,-0.018,Borderline,1
14478,At Risk,United Kingdom,382,4,1276.66,319.16,58.1,59,356,0.962,0.077,0.235,0.642,1.477,Hibernating,0.303,0.397,Settled,0
14479,At Risk,United Kingdom,254,4,1299.11,324.78,112.2,127,479,0.701,0.077,0.247,0.42,1.495,Hibernating,0.219,0.468,Settled,0
14480,New Customers,United Kingdom,11,4,1299.52,324.88,148.8,52,707,-1.26,0.077,0.248,0.726,1.675,At Risk,0.302,0.408,Settled,0
14481,At Risk,United Kingdom,165,5,2311.49,462.3,50.0,114,512,0.426,0.303,0.664,0.233,1.709,New Customers,0.12,0.556,Core,0
14482,Champions,United Kingdom,18,12,4357.91,363.16,49.7,185,451,-0.965,1.26,1.122,0.4,1.804,At Risk,0.182,0.448,Settled,0
14483,Hibernating,United Kingdom,282,2,257.1,128.55,,13,455,0.768,-0.555,-0.922,0.326,1.641,At Risk,0.166,0.56,Core,0
14484,New Customers,United Kingdom,50,4,1070.98,267.74,108.9,47,672,-0.332,0.077,0.108,0.761,0.821,At Risk,0.481,0.011,Borderline,1
14485,New Customers,United Kingdom,39,1,165.75,165.75,,44,0,-0.488,-1.057,-1.238,1.309,1.419,Hibernating,0.48,0.05,Borderline,1
14486,Hibernating,United Kingdom,512,2,175.5,87.75,,4,41,1.15,-0.555,-1.196,0.505,1.987,At Risk,0.202,0.59,Core,0
14487,New Customers,United Kingdom,27,7,1453.61,207.66,99.3,129,352,-0.717,0.659,0.329,1.135,1.172,At Risk,0.492,0.001,Borderline,1
14488,New Customers,United Kingdom,68,1,1064.28,1064.28,,46,0,-0.138,-1.057,0.103,1.117,1.442,Hibernating,0.436,0.139,Borderline,1
14489,At Risk,United Kingdom,207,4,1574.93,393.73,72.2,65,405,0.571,0.077,0.387,0.283,1.624,Hibernating,0.148,0.523,Core,0
14490,At Risk,United Kingdom,406,2,1273.47,636.74,,72,22,1.001,-0.555,0.233,1.062,1.183,Hibernating,0.473,0.038,Borderline,1
14491,Hibernating,United Kingdom,175,2,468.13,234.06,,17,197,0.463,-0.555,-0.49,0.66,1.254,At Risk,0.345,0.342,Settled,0
14492,At Risk,United Kingdom,430,7,1921.91,274.56,28.0,70,188,1.038,0.659,0.53,0.751,2.096,Hibernating,0.264,0.509,Core,0
14493,Champions,United Kingdom,7,10,5130.15,513.02,69.2,292,634,-1.521,1.053,1.24,0.632,2.109,New Customers,0.23,0.467,Settled,0
14494,New Customers,United Kingdom,26,3,401.46,133.82,23.0,17,705,-0.74,-0.199,-0.6,0.401,1.608,At Risk,0.199,0.468,Settled,0
14495,New Customers,United Kingdom,51,3,174.8,58.27,233.5,7,609,-0.319,-0.199,-1.199,1.117,1.399,Hibernating,0.444,0.122,Borderline,1
14496,At Risk,United Kingdom,312,7,2668.23,381.18,56.5,64,321,0.833,0.659,0.768,0.666,2.217,New Customers,0.231,0.561,Core,0
14497,Hibernating,United Kingdom,309,2,697.06,348.53,,40,364,0.827,-0.555,-0.202,0.766,1.144,At Risk,0.401,0.261,Settled,0
14498,Champions,United Kingdom,43,10,3911.27,391.13,44.9,276,507,-0.426,1.053,1.044,0.912,1.274,At Risk,0.417,0.112,Borderline,1
14499,At Risk,United Kingdom,26,7,2138.97,305.57,46.2,199,443,-0.74,0.659,0.608,1.202,1.22,Champions,0.496,0.063,Borderline,1
14500,New Customers,United Kingdom,88,3,356.85,118.95,26.5,6,101,0.026,-0.199,-0.685,1.02,1.101,Hibernating,0.481,0.013,Borderline,1
14501,Hibernating,United Kingdom,184,2,251.21,125.6,,9,136,0.495,-0.555,-0.938,0.491,1.568,New Customers,0.238,0.5,Core,0
14502,Champions,United Kingdom,20,11,2467.63,224.33,29.6,367,293,-0.901,1.161,0.711,0.783,1.583,At Risk,0.331,0.301,Settled,0
14503,Champions,United Kingdom,3,6,3543.26,590.54,40.6,113,175,-1.966,0.494,0.973,1.39,1.811,New Customers,0.434,0.142,Borderline,1
14504,New Customers,United Kingdom,47,4,673.26,168.32,84.2,85,231,-0.371,0.077,-0.227,0.644,1.031,At Risk,0.385,0.187,Borderline,1
14505,Champions,United Kingdom,17,19,11995.84,631.36,28.1,897,713,-1.0,1.794,1.854,0.575,2.493,At Risk,0.188,0.523,Core,0
14506,Champions,United Kingdom,17,7,3290.67,470.1,53.4,251,582,-1.0,0.659,0.919,0.991,1.515,New Customers,0.395,0.206,Borderline,1
14507,Champions,United Kingdom,24,11,3284.43,298.58,57.2,182,705,-0.789,1.161,0.918,0.673,1.544,At Risk,0.303,0.321,Settled,0
14508,New Customers,United Kingdom,22,5,874.94,174.99,108.0,142,518,-0.843,0.303,-0.038,0.644,1.321,At Risk,0.328,0.316,Settled,0
14509,Hibernating,United Kingdom,534,1,110.95,110.95,,25,0,1.177,-1.057,-1.526,0.718,2.504,At Risk,0.223,0.634,Core,0
14510,At Risk,United Kingdom,376,3,1007.28,335.76,30.5,67,60,0.952,-0.199,0.064,0.832,1.174,Hibernating,0.415,0.185,Borderline,1
14511,New Customers,United Kingdom,11,5,1314.81,262.96,7.0,53,122,-1.26,0.303,0.256,0.871,1.659,Champions,0.344,0.356,Settled,0
14512,At Risk,United Kingdom,188,7,1223.47,174.78,53.5,55,544,0.509,0.659,0.204,0.451,1.756,New Customers,0.204,0.53,Core,0
14513,At Risk,United Kingdom,101,6,788.01,131.34,47.0,15,467,0.113,0.494,-0.114,0.647,1.288,New Customers,0.334,0.338,Settled,0
14514,Champions,United Kingdom,61,9,4598.98,511.0,35.7,212,665,-0.206,0.935,1.161,1.123,1.141,At Risk,0.496,-0.071,Borderline,1
14515,Champions,United Kingdom,18,12,3749.26,312.44,61.0,109,532,-0.965,1.26,1.013,0.472,1.765,At Risk,0.211,0.429,Settled,0
14516,Hibernating,United Kingdom,516,1,163.92,163.92,,35,0,1.155,-1.057,-1.245,0.483,2.285,At Risk,0.174,0.662,Core,0
14517,New Customers,United Kingdom,33,2,330.45,165.22,,17,108,-0.592,-0.555,-0.741,0.63,1.509,Hibernating,0.294,0.382,Settled,0
14518,Hibernating,United Kingdom,64,1,174.37,174.37,,16,0,-0.176,-1.057,-1.201,1.112,1.41,New Customers,0.441,0.175,Borderline,1
14519,Hibernating,United Kingdom,684,2,206.09,103.04,,38,45,1.336,-0.555,-1.081,0.579,1.975,At Risk,0.227,0.57,Core,0
14520,New Customers,United Kingdom,2,2,270.6,135.3,,3,289,-2.15,-0.555,-0.885,1.437,2.985,At Risk,0.325,0.461,Settled,0
14521,Hibernating,United Kingdom,491,1,199.45,199.45,,17,0,1.123,-1.057,-1.104,0.373,2.172,At Risk,0.147,0.668,Core,0
14522,Champions,United Kingdom,24,8,1758.62,219.83,126.4,34,659,-0.789,0.805,0.466,1.203,1.288,At Risk,0.483,-0.007,Borderline,1
14523,Hibernating,United Kingdom,108,1,241.09,241.09,,12,0,0.156,-1.057,-0.968,0.75,1.476,New Customers,0.337,0.375,Settled,0
14524,Champions,United Kingdom,32,13,2933.71,225.67,35.1,250,385,-0.611,1.352,0.836,0.76,1.514,At Risk,0.334,0.271,Settled,0
14525,Champions,United Kingdom,20,17,8232.69,484.28,20.7,339,706,-0.901,1.663,1.582,0.347,2.207,At Risk,0.136,0.513,Core,0
14526,Hibernating,United Kingdom,389,1,262.4,262.4,,41,0,0.974,-1.057,-0.907,0.218,1.988,At Risk,0.099,0.662,Core,0
14527,Champions,United Kingdom,3,121,27736.52,229.23,3.0,605,735,-1.966,4.032,2.46,2.852,4.865,At Risk,0.37,0.388,Settled,0
14528,New Customers,United Kingdom,37,1,364.22,364.22,,18,0,-0.521,-1.057,-0.671,0.939,1.43,Hibernating,0.396,0.237,Borderline,1
14529,New Customers,United Kingdom,60,3,620.04,206.68,8.0,177,50,-0.217,-0.199,-0.287,0.681,1.062,At Risk,0.391,0.192,Borderline,1
14530,Champions,United Kingdom,26,16,6197.4,387.34,25.5,269,661,-0.74,1.592,1.377,0.398,1.966,At Risk,0.168,0.467,Settled,0
14531,Hibernating,United Kingdom,480,1,376.34,376.34,,29,0,1.109,-1.057,-0.647,0.396,1.871,At Risk,0.175,0.616,Core,0
14532,At Risk,United Kingdom,236,11,3859.18,350.83,20.6,209,462,0.654,1.161,1.034,1.09,1.855,Champions,0.37,0.364,Settled,0
14533,Champions,United Kingdom,25,11,3466.37,315.12,66.9,74,585,-0.764,1.161,0.957,0.662,1.538,At Risk,0.301,0.321,Settled,0
14534,Champions,United Kingdom,3,26,6266.51,241.02,22.8,436,631,-1.966,2.165,1.385,1.042,3.149,New Customers,0.249,0.54,Core,0
14535,Champions,United Kingdom,60,9,6019.39,668.82,43.0,588,593,-0.217,0.935,1.356,1.097,1.279,At Risk,0.462,0.016,Borderline,1
14536,Hibernating,United Kingdom,260,1,171.8,171.8,,18,0,0.716,-1.057,-1.212,0.4,2.019,New Customers,0.165,0.628,Core,0
14537,New Customers,United Kingdom,58,2,641.4,320.7,,23,565,-0.238,-0.555,-0.262,0.696,1.263,At Risk,0.355,0.285,Settled,0
14538,At Risk,United Kingdom,65,5,1370.84,274.17,94.4,45,618,-0.166,0.303,0.286,0.576,1.083,New Customers,0.347,0.289,Settled,0
14539,New Customers,United Kingdom,16,2,537.48,268.74,,31,28,-1.037,-0.555,-0.39,0.325,1.852,At Risk,0.149,0.536,Core,0
14540,Champions,United Kingdom,10,11,3795.34,345.03,65.7,197,722,-1.316,1.161,1.022,0.536,1.984,New Customers,0.213,0.472,Settled,0
14541,Champions,United Kingdom,59,14,2499.68,178.55,36.1,99,642,-0.227,1.437,0.72,1.111,1.334,At Risk,0.454,0.034,Borderline,1
14542,Hibernating,United Kingdom,186,1,103.25,103.25,,5,0,0.502,-1.057,-1.577,0.796,2.068,New Customers,0.278,0.523,Core,0
14543,Champions,United Kingdom,29,39,14867.12,381.21,15.8,104,709,-0.672,2.652,2.009,1.371,3.031,At Risk,0.311,0.44,Settled,0
14544,New Customers,United Kingdom,24,3,2982.43,994.14,114.0,148,445,-0.789,-0.199,0.848,1.101,1.343,At Risk,0.451,0.114,Borderline,1
14545,Hibernating,United Kingdom,674,1,349.25,349.25,,23,0,1.326,-1.057,-0.701,0.53,1.994,At Risk,0.21,0.605,Core,0
14546,Champions,United Kingdom,5,11,5197.9,472.54,36.8,410,727,-1.705,1.161,1.25,0.694,2.247,New Customers,0.236,0.477,Settled,0
14547,Champions,United Kingdom,4,8,4007.54,500.94,6.1,198,50,-1.822,0.805,1.062,1.049,1.952,New Customers,0.349,0.316,Settled,0
14548,At Risk,United Kingdom,151,9,2627.49,291.94,68.4,66,582,0.369,0.935,0.756,0.722,1.727,Champions,0.295,0.461,Settled,0
14549,At Risk,United Kingdom,311,4,916.55,229.14,26.2,117,425,0.831,0.077,-0.005,0.657,1.3,Hibernating,0.336,0.33,Settled,0
14550,New Customers,United Kingdom,11,4,1353.31,338.33,134.1,77,473,-1.26,0.077,0.277,0.746,1.672,At Risk,0.308,0.4,Settled,0
14551,New Customers,United Kingdom,18,7,880.04,125.72,86.1,69,663,-0.965,0.659,-0.034,0.991,1.481,At Risk,0.401,0.231,Borderline,1
14552,Hibernating,United Kingdom,152,3,511.28,170.43,8.5,124,440,0.373,-0.199,-0.426,0.959,0.989,At Risk,0.492,0.038,Borderline,1
14553,Champions,United Kingdom,19,9,1841.54,204.62,60.7,233,490,-0.933,0.935,0.5,1.067,1.447,New Customers,0.424,0.155,Borderline,1
14554,New Customers,United Kingdom,10,4,2381.04,595.26,10.6,147,42,-1.316,0.077,0.685,1.092,1.618,Champions,0.403,0.269,Settled,0
14555,At Risk,United Kingdom,57,6,2315.63,385.94,69.4,94,664,-0.249,0.494,0.665,0.71,1.369,New Customers,0.342,0.351,Settled,0
14556,At Risk,United Kingdom,596,3,835.34,278.45,11.0,158,92,1.247,-0.199,-0.072,1.108,1.126,Hibernating,0.496,-0.01,Borderline,1
14557,New Customers,United Kingdom,85,1,788.38,788.38,,16,0,0.004,-1.057,-0.113,1.173,1.193,Hibernating,0.496,-0.024,Borderline,1
14558,Hibernating,United Kingdom,654,3,655.5,218.5,12.5,13,77,1.307,-0.199,-0.247,1.027,1.242,At Risk,0.453,0.146,Borderline,1
14559,Hibernating,United Kingdom,390,1,75.6,75.6,,2,0,0.976,-1.057,-1.8,0.924,2.542,New Customers,0.267,0.58,Core,0
14560,Champions,United Kingdom,7,44,6114.03,138.96,17.2,60,730,-1.521,2.798,1.367,1.317,3.288,At Risk,0.286,0.492,Settled,0
14561,At Risk,United Kingdom,76,3,1080.76,360.25,32.5,67,108,-0.067,-0.199,0.114,0.742,0.902,New Customers,0.451,0.116,Borderline,1
14562,Champions,United Kingdom,4,26,6729.4,258.82,24.7,245,666,-1.822,2.165,1.436,0.935,3.069,At Risk,0.233,0.548,Core,0
14563,Hibernating,United Kingdom,510,2,664.32,332.16,,94,82,1.147,-0.555,-0.237,0.781,1.318,At Risk,0.372,0.33,Settled,0
14564,At Risk,Channel Islands,435,2,2605.62,1302.81,,107,300,1.046,-0.555,0.75,1.115,1.69,Hibernating,0.398,0.25,Settled,0
14565,At Risk,United Kingdom,96,5,3709.22,741.84,49.9,138,377,0.081,0.303,1.006,0.65,1.694,New Customers,0.277,0.456,Settled,0
14566,At Risk,Channel Islands,111,4,4092.0,1023.0,117.4,9,423,0.173,0.077,1.077,0.711,1.737,New Customers,0.291,0.44,Settled,0
14567,New Customers,United Kingdom,57,2,1530.36,765.18,,33,73,-0.249,-0.555,0.366,0.918,1.062,At Risk,0.463,0.067,Borderline,1
14568,Hibernating,Channel Islands,435,1,919.7,919.7,,47,0,1.046,-1.057,-0.002,0.937,1.56,At Risk,0.375,0.346,Settled,0
14569,New Customers,United Kingdom,1,4,598.98,149.74,179.2,31,602,-2.41,0.077,-0.312,1.571,2.559,Champions,0.38,0.35,Settled,0
14570,Hibernating,United Kingdom,281,3,512.4,170.8,81.5,63,162,0.766,-0.199,-0.424,0.825,1.057,At Risk,0.438,0.165,Borderline,1
14571,Hibernating,United Kingdom,425,1,161.65,161.65,,30,0,1.031,-1.057,-1.256,0.432,2.254,At Risk,0.161,0.667,Core,0
14572,Champions,United Kingdom,3,11,5609.28,509.93,40.9,335,618,-1.966,1.161,1.305,0.915,2.39,New Customers,0.277,0.449,Settled,0
14573,At Risk,United Kingdom,180,13,2621.42,201.65,57.4,183,520,0.481,1.352,0.755,1.113,1.733,Champions,0.391,0.321,Settled,0
14574,Hibernating,United Kingdom,733,1,143.7,143.7,,11,0,1.38,-1.057,-1.34,0.694,2.437,At Risk,0.222,0.63,Core,0
14575,Hibernating,United Kingdom,488,1,460.71,460.71,,71,0,1.119,-1.057,-0.501,0.508,1.794,At Risk,0.221,0.573,Core,0
14576,Hibernating,United Kingdom,372,1,70.8,70.8,,1,0,0.945,-1.057,-1.847,0.966,2.549,New Customers,0.275,0.567,Core,0
14577,New Customers,United Kingdom,13,7,1374.25,196.32,86.2,104,716,-1.161,0.659,0.288,1.135,1.384,Champions,0.451,0.161,Borderline,1
14578,New Customers,United Kingdom,3,1,168.63,168.63,,24,0,-1.966,-1.057,-1.225,1.64,2.868,Hibernating,0.364,0.381,Settled,0
14579,Hibernating,United Kingdom,432,1,105.56,105.56,,24,0,1.041,-1.057,-1.561,0.706,2.454,New Customers,0.223,0.631,Core,0
14580,Hibernating,United Kingdom,518,1,14.85,14.85,,1,0,1.157,-1.057,-2.939,2.065,3.466,New Customers,0.373,0.396,Settled,0
14581,New Customers,United Kingdom,17,2,433.8,216.9,,59,527,-1.0,-0.555,-0.545,0.407,1.899,At Risk,0.176,0.534,Core,0
14582,Hibernating,United Kingdom,41,1,114.11,114.11,,6,0,-0.456,-1.057,-1.505,1.476,1.531,New Customers,0.491,0.038,Borderline,1
14583,Champions,United Kingdom,6,8,1781.03,222.63,63.6,353,615,-1.606,0.805,0.475,1.24,1.506,New Customers,0.452,0.088,Borderline,1
14584,At Risk,United Kingdom,169,8,1747.91,218.49,74.1,127,491,0.441,0.805,0.462,0.518,1.87,New Customers,0.217,0.538,Core,0
14585,At Risk,United Kingdom,50,5,1143.27,228.65,139.0,88,366,-0.332,0.303,0.155,0.774,0.916,New Customers,0.458,0.111,Borderline,1
14586,Hibernating,United Kingdom,277,1,237.36,237.36,,19,0,0.757,-1.057,-0.979,0.242,1.952,New Customers,0.11,0.646,Core,0
14587,Champions,United Kingdom,19,9,1601.14,177.9,48.8,170,312,-0.933,0.935,0.398,1.149,1.398,New Customers,0.451,0.092,Borderline,1
14588,Hibernating,United Kingdom,578,1,135.39,135.39,,16,0,1.228,-1.057,-1.383,0.626,2.412,At Risk,0.206,0.646,Core,0
14589,Hibernating,United Kingdom,372,1,79.5,79.5,,3,0,0.945,-1.057,-1.764,0.886,2.497,New Customers,0.262,0.584,Core,0
14590,At Risk,United Kingdom,425,20,3006.62,150.33,13.2,124,307,1.031,1.854,0.854,1.741,2.244,Champions,0.437,0.227,Borderline,1
14591,New Customers,United Kingdom,15,4,1447.14,361.78,93.3,138,197,-1.076,0.077,0.325,0.711,1.486,At Risk,0.324,0.355,Settled,0
14592,New Customers,United Kingdom,35,3,570.46,190.15,6.5,132,28,-0.555,-0.199,-0.347,0.364,1.32,At Risk,0.216,0.402,Settled,0
14593,Champions,United Kingdom,22,12,3704.51,308.71,73.7,435,708,-0.843,1.26,1.005,0.534,1.67,At Risk,0.242,0.391,Settled,0
14594,New Customers,United Kingdom,7,2,634.83,317.42,,48,365,-1.521,-0.555,-0.27,0.681,2.205,At Risk,0.236,0.525,Core,0
14595,Champions,United Kingdom,20,8,2164.45,270.56,96.0,119,668,-0.901,0.805,0.616,1.067,1.403,At Risk,0.432,0.125,Borderline,1
14596,Hibernating,United Kingdom,627,1,229.47,229.47,,50,0,1.28,-1.057,-1.004,0.459,2.161,At Risk,0.175,0.65,Core,0
14597,New Customers,United Kingdom,11,6,2201.54,366.92,82.0,79,425,-1.26,0.494,0.629,1.241,1.279,Champions,0.492,0.061,Borderline,1
14598,New Customers,United Kingdom,44,2,384.04,192.02,,83,525,-0.412,-0.555,-0.632,0.663,1.352,Hibernating,0.329,0.319,Settled,0
14599,Hibernating,United Kingdom,390,2,474.54,237.27,,77,118,0.976,-0.555,-0.48,0.531,1.375,At Risk,0.279,0.454,Settled,0
14600,Hibernating,United Kingdom,306,2,865.17,432.58,,53,87,0.82,-0.555,-0.046,0.911,1.063,At Risk,0.462,0.136,Borderline,1
14601,New Customers,United Kingdom,11,1,213.96,213.96,,7,0,-1.26,-1.057,-1.054,1.166,2.152,Hibernating,0.351,0.376,Settled,0
14602,Hibernating,United Kingdom,656,1,205.36,205.36,,31,0,1.309,-1.057,-1.083,0.507,2.227,At Risk,0.185,0.649,Core,0
14603,Hibernating,United Kingdom,275,1,660.0,660.0,,2,0,0.752,-1.057,-0.242,0.701,1.55,At Risk,0.311,0.438,Settled,0
14604,Hibernating,United Kingdom,633,1,136.36,136.36,,19,0,1.286,-1.057,-1.378,0.656,2.429,At Risk,0.213,0.64,Core,0
14605,At Risk,United Kingdom,374,4,936.31,234.08,91.7,87,357,0.949,0.077,0.011,0.732,1.312,Hibernating,0.358,0.303,Settled,0
14606,Champions,United Kingdom,1,184,30558.44,166.08,2.2,1259,735,-2.41,4.548,2.53,3.474,5.511,At Risk,0.387,0.353,Settled,0
14607,Champions,United Kingdom,16,20,22589.63,1129.48,63.6,105,708,-1.037,1.854,2.312,1.011,2.83,At Risk,0.263,0.486,Settled,0
14608,Champions,United Kingdom,4,10,3342.94,334.29,84.0,14,729,-1.822,1.053,0.93,0.944,2.025,New Customers,0.318,0.371,Settled,0
14609,At Risk,United Kingdom,72,10,1486.2,148.62,31.1,6,596,-0.102,1.053,0.345,0.913,1.524,Champions,0.375,0.335,Settled,0
14610,Hibernating,United Kingdom,396,2,24.35,12.18,,10,118,0.985,-0.555,-2.6,1.728,3.02,New Customers,0.364,0.41,Settled,0
14611,Hibernating,United Kingdom,444,2,604.33,302.16,,37,154,1.059,-0.555,-0.305,0.696,1.307,At Risk,0.347,0.367,Settled,0
14612,Hibernating,United Kingdom,415,1,877.7,877.7,,14,0,1.015,-1.057,-0.036,0.899,1.558,At Risk,0.366,0.362,Settled,0
14613,Hibernating,United Kingdom,680,1,76.32,76.32,,1,0,1.332,-1.057,-1.793,1.019,2.768,At Risk,0.269,0.585,Core,0
14614,Hibernating,United Kingdom,386,1,295.13,295.13,,19,0,0.969,-1.057,-0.822,0.231,1.931,At Risk,0.107,0.652,Core,0
14615,At Risk,United Kingdom,394,5,951.76,190.35,19.7,40,153,0.982,0.303,0.023,0.72,1.491,Hibernating,0.326,0.371,Settled,0
14616,At Risk,United Kingdom,243,5,527.78,105.56,51.6,3,306,0.673,0.303,-0.403,0.883,1.284,Hibernating,0.408,0.212,Borderline,1
14617,Hibernating,United Kingdom,403,2,190.47,95.24,,7,13,0.997,-0.555,-1.138,0.404,1.884,At Risk,0.177,0.593,Core,0
14618,New Customers,United Kingdom,9,7,1342.32,191.76,114.7,40,537,-1.377,0.659,0.271,1.198,1.418,Champions,0.458,0.147,Borderline,1
14619,At Risk,United Kingdom,246,2,1291.24,645.62,,58,295,0.681,-0.555,0.243,0.914,1.202,Hibernating,0.432,0.135,Borderline,1
14620,Hibernating,United Kingdom,206,2,412.78,206.39,,26,78,0.567,-0.555,-0.58,0.542,1.332,At Risk,0.289,0.419,Settled,0
14621,Champions,United Kingdom,1,9,3000.57,333.4,65.8,134,682,-2.41,0.935,0.852,1.5,2.249,New Customers,0.4,0.245,Borderline,1
14622,Hibernating,United Kingdom,185,1,320.58,320.58,,21,0,0.499,-1.057,-0.763,0.448,1.66,New Customers,0.213,0.54,Core,0
14623,Champions,United Kingdom,32,10,2054.9,205.49,38.5,192,569,-0.611,1.053,0.579,1.055,1.268,At Risk,0.454,0.048,Borderline,1
14624,At Risk,United Kingdom,57,6,814.07,135.68,129.6,39,547,-0.249,0.494,-0.09,0.852,1.035,New Customers,0.451,0.132,Borderline,1
14625,At Risk,United Kingdom,196,11,4497.88,408.9,49.9,167,527,0.536,1.161,1.145,1.134,1.724,Champions,0.397,0.31,Settled,0
14626,Champions,United Kingdom,24,11,5410.92,491.9,38.3,181,705,-0.789,1.161,1.279,0.517,1.693,At Risk,0.234,0.393,Settled,0
14627,Hibernating,United Kingdom,379,1,462.75,462.75,,29,0,0.957,-1.057,-0.498,0.457,1.733,At Risk,0.209,0.571,Core,0
14628,At Risk,United Kingdom,91,5,1998.0,399.6,64.3,65,592,0.047,0.303,0.558,0.366,1.374,New Customers,0.21,0.455,Settled,0
14629,New Customers,United Kingdom,4,2,959.01,479.5,,133,43,-1.822,-0.555,0.028,1.005,2.403,At Risk,0.295,0.478,Settled,0
14630,Hibernating,United Kingdom,484,1,338.65,338.65,,21,0,1.114,-1.057,-0.723,0.356,1.917,At Risk,0.156,0.633,Core,0
14631,At Risk,United Kingdom,51,6,2025.69,337.62,52.5,65,436,-0.319,0.494,0.568,0.751,1.274,New Customers,0.371,0.299,Settled,0
14632,Hibernating,United Kingdom,263,1,114.56,114.56,,8,0,0.724,-1.057,-1.503,0.649,2.179,New Customers,0.23,0.594,Core,0
14633,Hibernating,United Kingdom,266,1,344.9,344.9,,20,0,0.731,-1.057,-0.71,0.311,1.8,At Risk,0.147,0.606,Core,0
14634,At Risk,United Kingdom,438,4,2124.46,531.12,25.7,105,104,1.05,0.077,0.603,0.713,1.783,Hibernating,0.286,0.449,Settled,0
14635,Hibernating,United Kingdom,454,1,215.22,215.22,,15,0,1.073,-1.057,-1.05,0.313,2.117,At Risk,0.129,0.67,Core,0
14636,New Customers,United Kingdom,36,2,609.85,304.92,,27,232,-0.538,-0.555,-0.299,0.434,1.454,At Risk,0.23,0.433,Settled,0
14637,Hibernating,United Kingdom,677,1,106.68,106.68,,7,0,1.329,-1.057,-1.554,0.816,2.578,At Risk,0.24,0.617,Core,0
14638,New Customers,United Kingdom,51,1,443.6,443.6,,16,0,-0.319,-1.057,-0.528,0.984,1.269,Hibernating,0.437,0.138,Borderline,1
14639,Champions,United Kingdom,52,9,4978.96,553.22,58.2,203,609,-0.307,0.935,1.218,1.032,1.232,At Risk,0.456,0.027,Borderline,1
14640,Champions,United Kingdom,24,10,3667.06,366.71,48.8,165,661,-0.789,1.053,0.997,0.695,1.514,At Risk,0.314,0.305,Settled,0
14641,New Customers,United Kingdom,22,1,110.46,110.46,,7,0,-0.843,-1.057,-1.529,1.489,1.841,Hibernating,0.447,0.155,Borderline,1
14642,Hibernating,United Kingdom,59,1,96.12,96.12,,2,0,-0.227,-1.057,-1.628,1.336,1.708,New Customers,0.439,0.192,Borderline,1
14643,At Risk,United Kingdom,170,5,1679.89,335.98,93.4,57,558,0.445,0.303,0.433,0.056,1.614,New Customers,0.033,0.556,Core,0
14644,At Risk,United Kingdom,68,7,2247.72,321.1,97.2,50,668,-0.138,0.659,0.644,0.678,1.507,Champions,0.31,0.412,Settled,0
14645,At Risk,United Kingdom,157,3,876.89,292.3,120.0,45,477,0.394,-0.199,-0.037,0.679,1.193,Hibernating,0.363,0.265,Settled,0
14646,Champions,Netherlands,2,145,526751.52,3632.77,7.1,960,735,-2.15,4.255,4.589,4.343,6.28,At Risk,0.409,0.298,Settled,0
14647,Hibernating,United Kingdom,201,2,519.97,259.98,,42,322,0.552,-0.555,-0.414,0.662,1.208,At Risk,0.354,0.328,Settled,0
14648,At Risk,United Kingdom,416,15,4543.6,302.91,20.6,285,312,1.017,1.517,1.152,1.554,2.16,Champions,0.418,0.273,Settled,0
14649,Champions,United Kingdom,5,9,3775.31,419.48,52.1,374,683,-1.705,0.935,1.018,0.897,1.95,New Customers,0.315,0.366,Settled,0
14650,Hibernating,United Kingdom,589,1,62.5,62.5,,4,0,1.24,-1.057,-1.936,1.112,2.82,New Customers,0.283,0.567,Core,0
14651,At Risk,United Kingdom,67,9,2034.12,226.01,61.2,216,564,-0.147,0.935,0.571,0.851,1.397,Champions,0.379,0.323,Settled,0
14652,Hibernating,United Kingdom,77,1,114.18,114.18,,29,0,-0.059,-1.057,-1.505,1.13,1.686,New Customers,0.401,0.28,Settled,0
14653,Champions,United Kingdom,1,11,3426.28,311.48,87.7,269,736,-2.41,1.161,0.948,1.393,2.427,New Customers,0.365,0.326,Settled,0
14654,Hibernating,United Kingdom,738,1,246.86,246.86,,27,0,1.384,-1.057,-0.951,0.546,2.172,At Risk,0.201,0.629,Core,0
14655,Champions,United Kingdom,8,7,3878.51,554.07,56.2,72,588,-1.445,0.659,1.038,0.986,1.698,New Customers,0.367,0.267,Settled,0
14656,At Risk,United Kingdom,169,5,814.65,162.93,16.1,148,434,0.441,0.303,-0.09,0.526,1.47,New Customers,0.264,0.433,Settled,0
14657,New Customers,United Kingdom,18,6,1460.87,243.48,50.6,143,417,-0.965,0.494,0.332,0.988,1.375,At Risk,0.418,0.197,Borderline,1
14658,New Customers,United Kingdom,5,2,247.15,123.58,,27,111,-1.705,-0.555,-0.95,1.109,2.601,Hibernating,0.299,0.482,Settled,0
14659,Champions,United Kingdom,9,9,2529.93,281.1,13.9,147,306,-1.377,0.935,0.729,0.904,1.651,New Customers,0.354,0.288,Settled,0
14660,Hibernating,United Kingdom,87,2,285.74,142.87,,24,14,0.018,-0.555,-0.846,0.914,1.116,New Customers,0.45,0.145,Borderline,1
14661,New Customers,United Kingdom,27,1,107.95,107.95,,4,0,-0.717,-1.057,-1.545,1.513,1.73,Hibernating,0.467,0.098,Borderline,1
14662,At Risk,United Kingdom,29,7,1416.33,202.33,67.6,199,707,-0.672,0.659,0.31,1.132,1.133,New Customers,0.5,0.022,Borderline,1
14663,Hibernating,United Kingdom,430,2,490.6,245.3,,60,0,1.038,-0.555,-0.456,0.565,1.387,At Risk,0.289,0.447,Settled,0
14664,New Customers,United Kingdom,20,2,637.89,318.94,,78,13,-0.901,-0.555,-0.266,0.251,1.695,At Risk,0.129,0.516,Core,0
14665,At Risk,United Kingdom,61,7,2749.65,392.81,79.2,94,531,-0.206,0.659,0.789,0.787,1.398,Champions,0.36,0.35,Settled,0
14666,New Customers,United Kingdom,24,1,179.95,179.95,,13,0,-0.789,-1.057,-1.178,1.203,1.7,Hibernating,0.414,0.229,Borderline,1
14667,Champions,United Kingdom,11,54,21891.39,405.4,10.1,577,726,-1.26,3.046,2.289,1.777,3.71,At Risk,0.324,0.456,Settled,0
14668,Hibernating,United Kingdom,445,1,111.63,111.63,,10,0,1.06,-1.057,-1.521,0.674,2.448,New Customers,0.216,0.639,Core,0
14669,At Risk,United Kingdom,242,7,3243.93,463.42,103.6,334,495,0.67,0.659,0.909,0.663,2.056,Champions,0.244,0.542,Core,0
14670,Hibernating,United Kingdom,280,3,602.0,200.67,226.0,159,452,0.764,-0.199,-0.308,0.898,0.964,At Risk,0.482,0.067,Borderline,1
14671,Hibernating,United Kingdom,549,2,1127.45,563.72,,48,18,1.195,-0.555,0.145,1.137,1.202,At Risk,0.486,0.074,Borderline,1
14672,At Risk,United Kingdom,235,4,1113.14,278.28,33.5,93,445,0.652,0.077,0.136,0.45,1.418,Hibernating,0.241,0.439,Settled,0
14673,Champions,United Kingdom,3,7,3410.81,487.26,117.5,86,406,-1.966,0.659,0.945,1.279,1.872,New Customers,0.406,0.209,Borderline,1
14674,Hibernating,United Kingdom,509,1,173.66,173.66,,14,0,1.146,-1.057,-1.204,0.449,2.251,At Risk,0.166,0.665,Core,0
14675,New Customers,United Kingdom,16,2,1066.9,533.45,,196,372,-1.037,-0.555,0.105,0.454,1.691,At Risk,0.212,0.472,Settled,0
14676,Champions,United Kingdom,31,12,8356.79,696.4,33.3,77,608,-0.631,1.26,1.593,0.621,1.824,At Risk,0.254,0.388,Settled,0
14677,Hibernating,United Kingdom,593,1,184.91,184.91,,14,0,1.244,-1.057,-1.159,0.488,2.254,At Risk,0.178,0.657,Core,0
14678,Hibernating,United Kingdom,579,1,403.39,403.39,,24,0,1.229,-1.057,-0.597,0.505,1.892,At Risk,0.211,0.594,Core,0
14679,At Risk,United Kingdom,382,3,1289.44,429.81,35.0,49,349,0.962,-0.199,0.242,0.776,1.325,Hibernating,0.369,0.28,Settled,0
14680,Champions,United Kingdom,25,58,57412.77,989.88,10.7,222,710,-0.764,3.133,2.986,2.31,3.991,At Risk,0.367,0.376,Settled,0
14681,At Risk,United Kingdom,71,6,875.15,145.86,99.0,19,582,-0.11,0.494,-0.038,0.718,1.134,New Customers,0.388,0.247,Borderline,1
14682,At Risk,United Kingdom,188,6,1514.81,252.47,72.6,79,484,0.509,0.494,0.358,0.247,1.719,New Customers,0.126,0.562,Core,0
14683,Hibernating,United Kingdom,588,1,146.56,146.56,,21,0,1.239,-1.057,-1.326,0.59,2.373,At Risk,0.199,0.65,Core,0
14684,New Customers,United Kingdom,26,6,1468.55,244.76,55.9,272,364,-0.74,0.494,0.336,0.999,1.153,At Risk,0.464,0.073,Borderline,1
14685,At Risk,United Kingdom,576,8,4619.79,577.47,19.9,109,150,1.225,0.805,1.164,1.223,2.478,Champions,0.33,0.455,Settled,0
14686,At Risk,United Kingdom,414,5,885.83,177.17,106.1,185,245,1.014,0.303,-0.029,0.776,1.462,Hibernating,0.347,0.338,Settled,0
14687,At Risk,United Kingdom,107,3,1402.06,467.35,71.5,34,445,0.15,-0.199,0.303,0.561,1.178,New Customers,0.323,0.33,Settled,0
14688,Champions,United Kingdom,8,28,7713.57,275.48,10.7,197,448,-1.445,2.254,1.535,0.8,2.905,At Risk,0.216,0.548,Core,0
14689,Hibernating,United Kingdom,209,1,112.8,112.8,,13,0,0.577,-1.057,-1.514,0.708,2.079,New Customers,0.254,0.555,Core,0
14690,New Customers,United Kingdom,44,4,794.33,198.58,91.7,69,366,-0.412,0.077,-0.108,0.626,0.992,At Risk,0.387,0.178,Borderline,1
14691,At Risk,United Kingdom,31,5,2114.33,422.87,43.2,50,182,-0.631,0.303,0.599,1.035,1.071,New Customers,0.491,0.043,Borderline,1
14692,At Risk,United Kingdom,137,12,1745.09,145.42,24.7,101,480,0.307,1.26,0.461,0.974,1.719,Champions,0.362,0.369,Settled,0
14693,At Risk,United Kingdom,265,7,1165.36,166.48,53.9,43,261,0.728,0.659,0.169,0.566,1.866,Hibernating,0.233,0.514,Core,0
14694,Hibernating,United Kingdom,617,1,244.31,244.31,,15,0,1.269,-1.057,-0.958,0.442,2.127,At Risk,0.172,0.649,Core,0
14695,At Risk,United Kingdom,519,3,1620.07,540.02,106.5,76,213,1.159,-0.199,0.407,0.911,1.494,Hibernating,0.379,0.282,Settled,0
14696,Champions,United Kingdom,4,8,2767.9,345.99,12.5,137,417,-1.822,0.805,0.794,1.153,1.784,New Customers,0.392,0.232,Borderline,1
14697,Hibernating,United Kingdom,218,2,188.61,94.3,,22,0,0.604,-0.555,-1.145,0.477,1.76,New Customers,0.213,0.547,Core,0
14698,New Customers,United Kingdom,2,5,1250.76,250.15,6.1,148,49,-2.15,0.303,0.22,1.476,1.963,Champions,0.429,0.231,Borderline,1
14699,At Risk,United Kingdom,214,4,702.6,175.65,83.6,45,311,0.592,0.077,-0.197,0.695,1.209,Hibernating,0.365,0.271,Settled,0
14700,At Risk,United Kingdom,32,5,3116.26,623.25,54.7,111,453,-0.611,0.303,0.88,1.097,1.307,New Customers,0.456,0.135,Borderline,1
14701,Champions,United Kingdom,11,15,4562.09,304.14,58.6,455,674,-1.26,1.517,1.155,0.239,2.18,At Risk,0.099,0.531,Core,0
14702,Champions,United Kingdom,1,29,6742.42,232.5,24.7,337,727,-2.41,2.296,1.438,1.487,3.451,New Customers,0.301,0.486,Settled,0
14703,New Customers,United Kingdom,15,1,318.17,318.17,,22,0,-1.076,-1.057,-0.768,0.935,1.967,Hibernating,0.322,0.407,Settled,0
14704,Champions,United Kingdom,20,9,1781.23,197.91,87.0,317,604,-0.901,0.935,0.475,1.092,1.435,New Customers,0.432,0.13,Borderline,1
14705,Hibernating,United Kingdom,199,1,179.0,179.0,,1,0,0.545,-1.057,-1.182,0.476,1.871,New Customers,0.203,0.577,Core,0
14706,Hibernating,United Kingdom,619,1,390.69,390.69,,25,0,1.272,-1.057,-0.62,0.523,1.924,At Risk,0.214,0.595,Core,0
14707,Hibernating,United Kingdom,436,2,139.2,69.6,,1,141,1.047,-0.555,-1.363,0.578,2.091,At Risk,0.217,0.587,Core,0
14708,New Customers,United Kingdom,3,5,2212.28,442.46,73.6,27,452,-1.966,0.303,0.632,1.516,1.656,Champions,0.478,0.104,Borderline,1
14709,Champions,United Kingdom,15,25,8886.33,355.45,14.7,105,719,-1.076,2.118,1.637,0.647,2.635,At Risk,0.197,0.534,Core,0
14710,Champions,United Kingdom,14,13,1922.59,147.89,84.2,310,721,-1.117,1.352,0.531,0.846,1.844,New Customers,0.315,0.352,Settled,0
14711,Champions,United Kingdom,10,11,2868.8,260.8,17.9,221,252,-1.316,1.161,0.82,0.681,1.862,New Customers,0.268,0.414,Settled,0
14712,New Customers,United Kingdom,29,4,1328.07,332.02,124.7,24,388,-0.672,0.077,0.263,0.671,1.097,At Risk,0.379,0.215,Borderline,1
14713,Champions,United Kingdom,9,21,5418.47,258.02,18.4,221,726,-1.377,1.912,1.28,0.452,2.544,At Risk,0.151,0.554,Core,0
14714,New Customers,United Kingdom,24,4,906.24,226.56,116.8,64,663,-0.789,0.077,-0.013,0.458,1.28,At Risk,0.264,0.365,Settled,0
14715,Champions,United Kingdom,25,8,1824.55,228.07,54.4,101,664,-0.764,0.805,0.493,1.191,1.266,At Risk,0.485,-0.014,Borderline,1
14716,New Customers,United Kingdom,43,3,565.45,188.48,95.5,85,401,-0.426,-0.199,-0.353,0.486,1.236,At Risk,0.282,0.341,Settled,0
14717,Hibernating,United Kingdom,733,1,81.3,81.3,,11,0,1.38,-1.057,-1.748,1.003,2.748,At Risk,0.267,0.586,Core,0
14718,Hibernating,United Kingdom,410,1,226.42,226.42,,11,0,1.008,-1.057,-1.013,0.26,2.071,At Risk,0.111,0.67,Core,0
14719,New Customers,United Kingdom,2,5,1602.13,320.43,39.6,177,247,-2.15,0.303,0.399,1.542,1.865,Champions,0.453,0.172,Borderline,1
14720,New Customers,United Kingdom,6,3,663.81,221.27,23.5,34,120,-1.606,-0.199,-0.238,0.726,2.163,At Risk,0.251,0.51,Core,0
14721,Hibernating,United Kingdom,379,1,115.77,115.77,,24,0,0.957,-1.057,-1.495,0.629,2.353,New Customers,0.211,0.635,Core,0
14722,Hibernating,United Kingdom,147,3,513.37,171.12,160.5,72,339,0.352,-0.199,-0.423,0.972,0.987,At Risk,0.496,0.029,Borderline,1
14723,Champions,United Kingdom,10,11,2089.66,189.97,92.6,286,725,-1.316,1.161,0.591,0.873,1.741,New Customers,0.334,0.323,Settled,0
14724,Hibernating,United Kingdom,590,1,345.25,345.25,,40,0,1.241,-1.057,-0.709,0.456,1.961,At Risk,0.189,0.619,Core,0
14725,New Customers,United Kingdom,25,4,1309.36,327.34,152.5,84,510,-0.764,0.077,0.253,0.639,1.188,At Risk,0.35,0.27,Settled,0
14726,Hibernating,United Kingdom,655,1,124.75,124.75,,15,0,1.308,-1.057,-1.442,0.717,2.485,At Risk,0.224,0.632,Core,0
14727,Hibernating,United Kingdom,274,3,465.23,155.08,136.0,42,272,0.75,-0.199,-0.494,0.789,1.109,At Risk,0.416,0.21,Borderline,1
14728,Hibernating,United Kingdom,413,1,190.58,190.58,,14,0,1.012,-1.057,-1.137,0.334,2.161,At Risk,0.134,0.671,Core,0
14729,At Risk,United Kingdom,374,3,907.38,302.46,126.0,126,251,0.949,-0.199,-0.012,0.866,1.113,Hibernating,0.438,0.133,Borderline,1
14730,Champions,United Kingdom,1,8,2005.06,250.63,23.9,317,275,-2.41,0.805,0.561,1.674,2.049,New Customers,0.45,0.117,Borderline,1
14731,New Customers,United Kingdom,47,3,380.02,126.67,75.5,38,165,-0.371,-0.199,-0.64,0.66,1.404,At Risk,0.32,0.339,Settled,0
14732,Champions,United Kingdom,8,19,5517.07,290.37,25.7,162,722,-1.445,1.794,1.293,0.408,2.524,At Risk,0.139,0.559,Core,0
14733,Champions,United Kingdom,16,15,16184.97,1079.0,24.2,140,385,-1.037,1.517,2.071,0.721,2.495,At Risk,0.224,0.491,Settled,0
14734,At Risk,United Kingdom,426,4,1056.42,264.1,14.4,48,125,1.032,0.077,0.098,0.755,1.381,Hibernating,0.353,0.32,Settled,0
14735,Champions,United Kingdom,4,55,12225.16,222.28,14.3,197,732,-1.822,3.068,1.868,1.754,3.831,At Risk,0.314,0.478,Settled,0
14736,Hibernating,United Kingdom,485,2,401.08,200.54,,70,0,1.115,-0.555,-0.601,0.491,1.52,At Risk,0.244,0.506,Core,0
14737,New Customers,United Kingdom,4,4,3554.17,888.54,72.9,28,396,-1.822,0.077,0.975,1.583,1.66,Champions,0.488,0.074,Borderline,1
14738,At Risk,United Kingdom,43,9,1821.9,202.43,75.8,58,689,-0.426,0.935,0.492,1.043,1.269,Champions,0.451,0.181,Borderline,1
14739,Champions,United Kingdom,4,25,12287.5,491.5,30.3,129,733,-1.822,2.118,1.872,1.038,3.211,At Risk,0.244,0.546,Core,0
14740,At Risk,United Kingdom,197,11,4161.06,378.28,38.1,173,455,0.539,1.161,1.089,1.1,1.735,Champions,0.388,0.327,Settled,0
14741,Champions,United Kingdom,12,7,1897.59,271.08,59.7,48,405,-1.209,0.659,0.521,1.215,1.273,New Customers,0.488,-0.011,Borderline,1
14742,Hibernating,United Kingdom,435,1,579.85,579.85,,34,0,1.046,-1.057,-0.335,0.623,1.684,At Risk,0.27,0.511,Core,0
14743,Hibernating,United Kingdom,593,1,50.48,50.48,,3,0,1.244,-1.057,-2.087,1.255,2.917,New Customers,0.301,0.539,Core,0
14744,Champions,United Kingdom,16,14,3885.08,277.51,66.0,57,553,-1.037,1.437,1.039,0.346,1.929,At Risk,0.152,0.479,Settled,0
14745,At Risk,United Kingdom,113,12,2571.81,214.32,60.3,74,524,0.185,1.26,0.741,1.038,1.481,Champions,0.412,0.272,Settled,0
14746,At Risk,United Kingdom,406,4,593.5,148.38,4.0,7,17,1.001,0.077,-0.318,0.992,1.113,Hibernating,0.471,0.064,Borderline,1
14747,Hibernating,United Kingdom,249,1,328.2,328.2,,18,0,0.689,-1.057,-0.746,0.314,1.815,At Risk,0.147,0.606,Core,0
14748,Champions,United Kingdom,29,10,3152.32,315.23,46.2,129,616,-0.672,1.053,0.888,0.817,1.385,At Risk,0.371,0.213,Borderline,1
14749,Hibernating,United Kingdom,480,1,310.15,310.15,,18,0,1.109,-1.057,-0.786,0.325,1.954,At Risk,0.142,0.645,Core,0
14750,Hibernating,United Kingdom,736,1,112.03,112.03,,32,0,1.383,-1.057,-1.519,0.82,2.571,At Risk,0.242,0.614,Core,0
14751,Hibernating,United Kingdom,684,2,126.45,63.22,,7,41,1.336,-0.555,-1.432,0.764,2.256,At Risk,0.253,0.565,Core,0
14752,New Customers,United Kingdom,44,1,389.64,389.64,,5,0,-0.412,-1.057,-0.622,0.967,1.334,Hibernating,0.42,0.181,Borderline,1
14753,New Customers,United Kingdom,87,2,869.51,434.76,,45,373,0.018,-0.555,-0.043,0.961,1.039,At Risk,0.481,0.033,Borderline,1
14754,At Risk,United Kingdom,45,6,1550.48,258.41,70.2,110,646,-0.398,0.494,0.375,0.817,1.124,New Customers,0.421,0.199,Borderline,1
14755,Champions,United Kingdom,10,25,9972.55,398.9,17.4,219,726,-1.316,2.118,1.721,0.709,2.813,At Risk,0.201,0.551,Core,0
14756,New Customers,United Kingdom,15,3,2603.76,867.92,162.5,101,409,-1.076,-0.199,0.75,1.017,1.578,At Risk,0.392,0.256,Settled,0
14757,Hibernating,United Kingdom,75,1,420.5,420.5,,19,0,-0.076,-1.057,-0.567,1.029,1.153,New Customers,0.472,0.097,Borderline,1
14758,At Risk,United Kingdom,145,7,2864.97,409.28,42.4,91,465,0.343,0.659,0.819,0.536,1.801,Champions,0.229,0.528,Core,0
14759,New Customers,United Kingdom,5,3,1625.97,541.99,6.0,92,228,-1.705,-0.199,0.41,1.052,2.06,Champions,0.338,0.406,Settled,0
14760,Hibernating,United Kingdom,297,1,89.2,89.2,,5,0,0.801,-1.057,-1.682,0.807,2.342,New Customers,0.256,0.579,Core,0
14761,New Customers,United Kingdom,59,3,447.92,149.31,83.0,21,385,-0.227,-0.199,-0.521,0.725,1.238,At Risk,0.369,0.252,Settled,0
14762,Hibernating,United Kingdom,264,2,417.57,208.78,,28,362,0.726,-0.555,-0.572,0.476,1.356,At Risk,0.26,0.456,Settled,0
14764,New Customers,United Kingdom,47,1,278.3,278.3,,6,0,-0.371,-1.057,-0.865,1.104,1.264,Hibernating,0.466,0.077,Borderline,1
14765,New Customers,United Kingdom,29,3,254.11,84.7,9.5,38,147,-0.672,-0.199,-0.93,0.727,1.685,Hibernating,0.301,0.391,Settled,0
14766,Champions,United Kingdom,8,11,6556.13,596.01,27.4,251,543,-1.445,1.161,1.417,0.493,2.257,At Risk,0.179,0.512,Core,0
14767,Hibernating,United Kingdom,474,1,382.81,382.81,,18,0,1.101,-1.057,-0.635,0.4,1.86,At Risk,0.177,0.614,Core,0
14768,New Customers,United Kingdom,17,2,192.6,96.3,,4,109,-1.0,-0.555,-1.13,0.927,1.916,Hibernating,0.326,0.392,Settled,0
14769,Champions,United Kingdom,3,17,15770.23,927.66,22.9,833,721,-1.966,1.663,2.052,1.092,3.171,At Risk,0.256,0.525,Core,0
14770,At Risk,United Kingdom,232,8,3637.64,454.7,40.1,152,419,0.643,0.805,0.992,0.8,1.956,Champions,0.29,0.484,Settled,0
14771,Hibernating,United Kingdom,621,2,594.62,297.31,,46,115,1.274,-0.555,-0.317,0.771,1.434,At Risk,0.35,0.375,Settled,0
14772,Hibernating,United Kingdom,112,1,139.26,139.26,,9,0,0.179,-1.057,-1.363,0.859,1.719,New Customers,0.333,0.408,Settled,0
14773,Hibernating,United Kingdom,593,1,140.55,140.55,,10,0,1.244,-1.057,-1.356,0.615,2.397,At Risk,0.204,0.647,Core,0
14774,Hibernating,United Kingdom,529,1,241.45,241.45,,13,0,1.171,-1.057,-0.967,0.359,2.094,At Risk,0.146,0.661,Core,0
14775,At Risk,United Kingdom,58,3,1418.46,472.82,78.0,57,313,-0.238,-0.199,0.311,0.806,0.861,New Customers,0.484,0.053,Borderline,1
14776,Champions,United Kingdom,51,15,3708.3,247.22,25.8,68,395,-0.319,1.517,1.005,0.887,1.529,At Risk,0.367,0.219,Borderline,1
14777,Hibernating,United Kingdom,404,1,307.56,307.56,,16,0,0.998,-1.057,-0.793,0.255,1.92,At Risk,0.117,0.648,Core,0
14778,Hibernating,United Kingdom,127,2,730.86,365.43,,34,181,0.259,-0.555,-0.168,1.008,1.046,At Risk,0.491,0.054,Borderline,1
14779,Hibernating,United Kingdom,281,3,386.15,128.72,20.5,40,43,0.766,-0.199,-0.628,0.726,1.228,At Risk,0.371,0.294,Settled,0
14780,New Customers,United Kingdom,55,2,447.68,223.84,,26,24,-0.272,-0.555,-0.522,0.721,1.249,Hibernating,0.366,0.255,Settled,0
14782,Hibernating,United Kingdom,320,1,200.1,200.1,,6,0,0.849,-1.057,-1.102,0.281,2.078,New Customers,0.119,0.663,Core,0
14783,Hibernating,United Kingdom,659,1,307.3,307.3,,17,0,1.312,-1.057,-0.793,0.489,2.042,At Risk,0.193,0.624,Core,0
14784,New Customers,United Kingdom,26,3,449.93,149.98,115.5,25,363,-0.74,-0.199,-0.518,0.33,1.557,At Risk,0.175,0.47,Settled,0
14785,New Customers,United Kingdom,10,2,77.4,38.7,,2,4,-1.316,-0.555,-1.783,1.617,2.383,Hibernating,0.404,0.272,Settled,0
14786,Hibernating,United Kingdom,550,1,90.96,90.96,,7,0,1.196,-1.057,-1.668,0.852,2.623,At Risk,0.245,0.613,Core,0
14787,Hibernating,United Kingdom,471,1,110.65,110.65,,14,0,1.097,-1.057,-1.528,0.69,2.48,New Customers,0.218,0.638,Core,0
14788,New Customers,United Kingdom,7,3,1156.32,385.44,275.5,53,588,-1.521,-0.199,0.163,0.76,1.991,At Risk,0.276,0.469,Settled,0
14789,New Customers,United Kingdom,29,1,197.64,197.64,,6,0,-0.672,-1.057,-1.111,1.168,1.576,Hibernating,0.426,0.196,Borderline,1
14790,Champions,United Kingdom,17,10,2526.62,252.66,44.5,65,711,-1.0,1.053,0.728,0.805,1.614,At Risk,0.333,0.309,Settled,0
14791,Hibernating,United Kingdom,607,1,303.63,303.63,,19,0,1.259,-1.057,-0.802,0.441,2.024,At Risk,0.179,0.633,Core,0
14792,Hibernating,United Kingdom,64,1,6.2,6.2,,2,0,-0.176,-1.057,-3.51,2.818,3.426,New Customers,0.451,0.178,Borderline,1
14793,New Customers,United Kingdom,21,2,625.9,312.95,,39,513,-0.871,-0.555,-0.28,0.253,1.678,At Risk,0.131,0.513,Core,0
14794,Champions,United Kingdom,3,10,1953.9,195.39,47.6,85,484,-1.966,1.053,0.542,1.261,1.904,New Customers,0.398,0.229,Borderline,1
14795,Hibernating,United Kingdom,166,1,131.45,131.45,,6,0,0.43,-1.057,-1.404,0.7,1.91,New Customers,0.268,0.518,Core,0
14796,Champions,United Kingdom,1,27,10888.08,403.26,28.2,486,724,-2.41,2.21,1.784,1.505,3.572,New Customers,0.296,0.499,Settled,0
14797,Hibernating,United Kingdom,507,1,300.31,300.31,,16,0,1.144,-1.057,-0.81,0.343,1.982,At Risk,0.148,0.646,Core,0
14798,At Risk,United Kingdom,53,8,724.31,90.54,53.9,30,596,-0.295,0.805,-0.175,1.051,1.261,New Customers,0.455,0.138,Borderline,1
14799,New Customers,United Kingdom,51,2,338.15,169.08,,20,686,-0.319,-0.555,-0.724,0.785,1.248,Hibernating,0.386,0.224,Borderline,1
14800,Champions,United Kingdom,48,17,7763.07,456.65,18.0,336,387,-0.357,1.663,1.54,0.807,1.915,At Risk,0.296,0.361,Settled,0
14801,Hibernating,United Kingdom,61,1,193.14,193.14,,56,0,-0.206,-1.057,-1.128,1.124,1.346,New Customers,0.455,0.138,Borderline,1
14803,At Risk,United Kingdom,162,3,845.55,281.85,48.0,35,130,0.414,-0.199,-0.063,0.697,1.166,Hibernating,0.374,0.244,Borderline,1
14804,New Customers,United Kingdom,9,1,353.27,353.27,,12,0,-1.377,-1.057,-0.693,1.003,2.273,Hibernating,0.306,0.451,Settled,0
14805,New Customers,United Kingdom,15,7,1104.64,157.81,81.1,88,606,-1.076,0.659,0.13,1.052,1.51,Champions,0.411,0.234,Borderline,1
14806,Hibernating,United Kingdom,75,2,303.43,151.72,,17,363,-0.076,-0.555,-0.802,1.006,1.017,New Customers,0.497,0.035,Borderline,1
14807,Hibernating,United Kingdom,391,2,519.29,259.64,,37,259,0.977,-0.555,-0.415,0.585,1.334,At Risk,0.305,0.422,Settled,0
14808,At Risk,United Kingdom,40,8,2741.17,342.65,23.6,176,132,-0.472,0.805,0.787,1.065,1.14,Champions,0.483,0.111,Borderline,1
14809,Hibernating,United Kingdom,621,2,686.76,343.38,,18,0,1.274,-0.555,-0.213,0.852,1.383,At Risk,0.381,0.318,Settled,0
14810,Champions,United Kingdom,41,13,2537.02,195.16,16.7,125,388,-0.456,1.352,0.731,0.94,1.391,At Risk,0.403,0.148,Borderline,1
14811,Hibernating,United Kingdom,387,1,170.5,170.5,,28,0,0.971,-1.057,-1.217,0.382,2.208,At Risk,0.147,0.668,Core,0
14812,Hibernating,United Kingdom,599,1,185.8,185.8,,36,0,1.251,-1.057,-1.155,0.491,2.254,At Risk,0.179,0.657,Core,0
14813,At Risk,United Kingdom,370,4,1090.87,272.72,102.5,110,241,0.942,0.077,0.121,0.668,1.391,Hibernating,0.325,0.359,Settled,0
14814,Hibernating,United Kingdom,581,1,159.21,159.21,,27,0,1.231,-1.057,-1.266,0.544,2.326,At Risk,0.189,0.655,Core,0
14815,New Customers,United Kingdom,37,2,778.5,389.25,,53,31,-0.521,-0.555,-0.122,0.46,1.362,At Risk,0.253,0.395,Settled,0
14816,Hibernating,United Kingdom,197,1,271.85,271.85,,4,0,0.539,-1.057,-0.881,0.391,1.734,New Customers,0.184,0.57,Core,0
14817,At Risk,United Kingdom,200,7,3609.86,515.69,33.9,141,427,0.549,0.659,0.986,0.683,1.934,Champions,0.261,0.513,Core,0
14818,At Risk,United Kingdom,74,6,1170.41,195.07,49.2,87,573,-0.084,0.494,0.172,0.579,1.208,New Customers,0.324,0.337,Settled,0
14819,New Customers,United Kingdom,64,4,470.16,117.54,71.2,52,653,-0.176,0.077,-0.486,0.844,1.102,At Risk,0.434,0.12,Borderline,1
14820,Champions,United Kingdom,21,9,1274.76,141.64,67.9,51,656,-0.871,0.935,0.234,1.301,1.33,New Customers,0.494,-0.021,Borderline,1
14821,At Risk,United Kingdom,367,7,1286.45,183.78,83.4,65,309,0.937,0.659,0.24,0.687,1.903,Hibernating,0.265,0.488,Settled,0
14822,Hibernating,United Kingdom,485,1,157.7,157.7,,9,0,1.115,-1.057,-1.273,0.482,2.292,At Risk,0.174,0.663,Core,0
14823,Hibernating,United Kingdom,180,3,321.43,107.14,7.0,56,14,0.481,-0.199,-0.761,0.785,1.294,At Risk,0.378,0.285,Settled,0
14824,Champions,United Kingdom,10,10,4022.91,402.29,85.3,84,627,-1.316,1.053,1.064,0.595,1.934,New Customers,0.235,0.449,Settled,0
14825,Champions,United Kingdom,4,24,4925.08,205.21,17.6,187,608,-1.822,2.07,1.211,0.882,2.938,New Customers,0.231,0.541,Core,0
14826,Hibernating,United Kingdom,582,2,385.2,192.6,,10,113,1.232,-0.555,-0.63,0.542,1.598,At Risk,0.253,0.508,Core,0
14828,At Risk,United Kingdom,197,13,9839.46,756.88,18.4,72,535,0.539,1.352,1.711,1.668,1.72,Champions,0.492,0.08,Borderline,1
14829,At Risk,United Kingdom,29,7,1692.84,241.83,70.9,77,407,-0.672,0.659,0.439,1.125,1.201,New Customers,0.484,0.066,Borderline,1
14830,Hibernating,United Kingdom,53,1,196.28,196.28,,38,0,-0.295,-1.057,-1.116,1.207,1.295,New Customers,0.482,0.064,Borderline,1
14831,At Risk,United Kingdom,680,3,1676.57,558.86,28.5,67,57,1.332,-0.199,0.432,1.061,1.558,Hibernating,0.405,0.235,Borderline,1
14833,Hibernating,United Kingdom,499,1,94.8,94.8,,7,0,1.133,-1.057,-1.638,0.803,2.568,New Customers,0.238,0.621,Core,0
14834,Champions,United Kingdom,18,7,2206.16,315.17,58.9,55,389,-0.965,0.659,0.63,1.153,1.304,New Customers,0.469,0.046,Borderline,1
14835,Hibernating,United Kingdom,529,2,297.0,148.5,,1,88,1.171,-0.555,-0.818,0.433,1.7,At Risk,0.203,0.559,Core,0
14836,New Customers,United Kingdom,10,3,102.45,34.15,8.0,5,20,-1.316,-0.199,-1.583,1.41,2.39,Hibernating,0.371,0.34,Settled,0
14837,At Risk,United Kingdom,90,9,3460.32,384.48,70.1,171,595,0.04,0.935,0.955,0.901,1.379,Champions,0.395,0.296,Settled,0
14838,Hibernating,United Kingdom,423,2,773.67,386.84,,69,313,1.028,-0.555,-0.127,0.848,1.198,At Risk,0.414,0.245,Borderline,1
14839,At Risk,United Kingdom,418,3,915.28,305.09,18.0,61,285,1.02,-0.199,-0.006,0.91,1.124,Hibernating,0.447,0.114,Borderline,1
14840,Hibernating,United Kingdom,268,2,362.71,181.36,,20,271,0.736,-0.555,-0.674,0.408,1.435,At Risk,0.221,0.497,Settled,0
14841,Champions,United Kingdom,53,14,7163.0,511.64,40.5,196,683,-0.295,1.437,1.481,0.854,1.698,At Risk,0.334,0.287,Settled,0
14842,At Risk,United Kingdom,44,4,2824.69,706.17,27.1,128,264,-0.412,0.077,0.809,0.911,1.217,New Customers,0.428,0.185,Borderline,1
14843,Hibernating,United Kingdom,437,1,211.8,211.8,,9,0,1.049,-1.057,-1.061,0.304,2.117,At Risk,0.126,0.671,Core,0
14844,Champions,United Kingdom,64,10,6702.43,670.24,54.5,158,542,-0.176,1.053,1.433,1.076,1.379,At Risk,0.438,0.075,Borderline,1
14845,Hibernating,United Kingdom,600,1,150.0,150.0,,1,0,1.252,-1.057,-1.309,0.586,2.365,At Risk,0.199,0.65,Core,0
14846,Hibernating,United Kingdom,427,1,437.4,437.4,,12,0,1.034,-1.057,-0.539,0.442,1.782,At Risk,0.199,0.587,Core,0
14847,At Risk,United Kingdom,149,3,1348.95,449.65,51.0,56,415,0.361,-0.199,0.275,0.515,1.356,New Customers,0.275,0.415,Settled,0
14848,Hibernating,United Kingdom,405,1,310.56,310.56,,11,0,1.0,-1.057,-0.786,0.259,1.917,At Risk,0.119,0.647,Core,0
14849,Champions,United Kingdom,22,43,15763.45,366.59,18.2,279,676,-0.843,2.77,2.052,1.444,3.208,At Risk,0.31,0.453,Settled,0
14850,At Risk,United Kingdom,312,7,1794.01,256.29,61.5,129,256,0.833,0.659,0.481,0.578,2.056,Hibernating,0.219,0.549,Core,0
14851,New Customers,United Kingdom,23,3,829.41,276.47,70.5,38,607,-0.815,-0.199,-0.077,0.211,1.398,At Risk,0.131,0.452,Settled,0
14852,Champions,United Kingdom,58,18,6147.18,341.51,41.1,152,585,-0.238,1.73,1.371,0.915,1.83,At Risk,0.334,0.304,Settled,0
14853,New Customers,United Kingdom,24,5,1376.87,275.37,58.7,26,581,-0.789,0.303,0.289,0.815,1.189,At Risk,0.407,0.192,Borderline,1
14854,Champions,United Kingdom,78,11,4322.86,392.99,38.8,170,608,-0.051,1.161,1.116,1.171,1.191,At Risk,0.496,-0.071,Borderline,1
14855,At Risk,United Kingdom,119,7,6520.3,931.47,120.7,168,491,0.218,0.659,1.413,1.061,1.613,Champions,0.397,0.299,Settled,0
14856,New Customers,United Kingdom,36,3,1311.38,437.13,10.0,65,20,-0.538,-0.199,0.254,0.618,1.065,At Risk,0.367,0.22,Borderline,1
14857,At Risk,United Kingdom,60,7,3651.85,521.69,98.6,169,574,-0.217,0.659,0.994,0.905,1.321,Champions,0.407,0.27,Settled,0
14858,Hibernating,United Kingdom,506,1,180.75,180.75,,11,0,1.142,-1.057,-1.175,0.428,2.229,At Risk,0.161,0.666,Core,0
14859,New Customers,United Kingdom,13,5,1705.64,341.13,131.4,51,542,-1.161,0.303,0.444,0.958,1.536,Champions,0.384,0.285,Settled,0
14860,New Customers,United Kingdom,19,1,170.32,170.32,,11,0,-0.933,-1.057,-1.218,1.231,1.847,Hibernating,0.4,0.268,Settled,0
14861,At Risk,United Kingdom,52,10,1380.73,138.07,101.8,62,679,-0.307,1.053,0.291,1.044,1.432,Champions,0.422,0.246,Borderline,1
14862,New Customers,United Kingdom,26,2,841.2,420.6,,47,122,-0.74,-0.555,-0.067,0.34,1.498,At Risk,0.185,0.456,Settled,0
14863,New Customers,United Kingdom,29,1,266.76,266.76,,11,0,-0.672,-1.057,-0.895,1.018,1.562,Hibernating,0.395,0.256,Settled,0
14865,New Customers,United Kingdom,7,4,129.72,32.43,170.9,4,731,-1.521,0.077,-1.414,1.384,2.625,Hibernating,0.345,0.399,Settled,0
14866,Champions,United Kingdom,11,17,20803.72,1223.75,52.3,38,433,-1.26,1.663,2.252,0.914,2.814,At Risk,0.245,0.503,Core,0
14867,At Risk,United Kingdom,186,16,2952.06,184.5,38.9,67,548,0.502,1.592,0.841,1.369,1.716,Champions,0.444,0.211,Borderline,1
14868,Champions,United Kingdom,3,12,4184.01,348.67,40.3,132,416,-1.966,1.26,1.093,0.916,2.324,New Customers,0.283,0.44,Settled,0
14869,Champions,United Kingdom,9,6,2804.24,467.37,83.3,187,715,-1.377,0.494,0.803,1.207,1.406,New Customers,0.462,0.058,Borderline,1
14870,At Risk,United Kingdom,262,6,1838.95,306.49,58.1,43,422,0.721,0.494,0.499,0.394,1.944,New Customers,0.168,0.571,Core,0
14871,Champions,United Kingdom,3,9,1258.97,139.89,46.1,123,735,-1.966,0.935,0.225,1.529,1.709,New Customers,0.472,0.043,Borderline,1
14872,At Risk,United Kingdom,484,3,816.6,272.2,26.0,34,149,1.114,-0.199,-0.088,1.017,1.077,Hibernating,0.486,0.017,Borderline,1
14873,Hibernating,United Kingdom,210,2,854.13,427.06,,48,423,0.58,-0.555,-0.056,0.949,0.995,At Risk,0.488,0.069,Borderline,1
14874,Hibernating,United Kingdom,535,1,116.18,116.18,,6,0,1.178,-1.057,-1.493,0.69,2.479,At Risk,0.218,0.638,Core,0
14875,At Risk,United Kingdom,108,3,2862.4,954.13,12.0,88,334,0.156,-0.199,0.818,0.665,1.493,New Customers,0.308,0.386,Settled,0
14876,Hibernating,United Kingdom,521,2,256.7,128.35,,12,40,1.161,-0.555,-0.923,0.418,1.774,At Risk,0.191,0.576,Core,0
14877,Hibernating,United Kingdom,418,2,437.0,218.5,,57,224,1.02,-0.555,-0.539,0.496,1.434,At Risk,0.257,0.483,Settled,0
14878,Champions,United Kingdom,13,25,4105.24,164.21,21.5,159,644,-1.161,2.118,1.079,0.643,2.484,At Risk,0.206,0.508,Core,0
14879,Hibernating,United Kingdom,685,1,185.06,185.06,,27,0,1.336,-1.057,-1.158,0.561,2.29,At Risk,0.197,0.644,Core,0
14880,New Customers,United Kingdom,77,3,706.19,235.4,2.5,45,211,-0.059,-0.199,-0.193,0.837,0.913,At Risk,0.478,0.024,Borderline,1
14881,New Customers,United Kingdom,20,1,255.4,255.4,,17,0,-0.901,-1.057,-0.926,1.015,1.789,Hibernating,0.362,0.333,Settled,0
14882,Champions,United Kingdom,27,14,3628.15,259.15,95.0,32,592,-0.717,1.437,0.99,0.564,1.689,At Risk,0.25,0.38,Settled,0
14883,New Customers,United Kingdom,19,6,761.59,126.93,30.2,39,193,-0.933,0.494,-0.138,0.808,1.456,At Risk,0.357,0.298,Settled,0
14884,Hibernating,United Kingdom,669,1,120.6,120.6,,8,0,1.321,-1.057,-1.466,0.743,2.508,At Risk,0.229,0.627,Core,0
14885,At Risk,United Kingdom,132,3,1598.12,532.71,129.0,24,334,0.284,-0.199,0.397,0.502,1.34,New Customers,0.273,0.407,Settled,0
14886,Hibernating,United Kingdom,253,1,364.8,364.8,,18,0,0.699,-1.057,-0.669,0.353,1.768,At Risk,0.166,0.591,Core,0
14887,New Customers,United Kingdom,79,1,1862.0,1862.0,,6,0,-0.043,-1.057,0.508,1.358,1.417,At Risk,0.489,0.018,Borderline,1
14888,Hibernating,United Kingdom,207,1,369.2,369.2,,20,0,0.571,-1.057,-0.661,0.437,1.693,New Customers,0.205,0.555,Core,0
14889,Hibernating,United Kingdom,336,1,135.9,135.9,,10,0,0.88,-1.057,-1.38,0.516,2.232,New Customers,0.188,0.642,Core,0
14890,At Risk,United Kingdom,254,3,817.25,272.42,162.0,55,406,0.701,-0.199,-0.087,0.779,1.065,Hibernating,0.422,0.153,Borderline,1
14891,At Risk,United Kingdom,148,4,1106.73,276.68,94.4,55,288,0.356,0.077,0.132,0.371,1.355,New Customers,0.215,0.458,Settled,0
14892,Hibernating,United Kingdom,691,1,202.35,202.35,,13,0,1.342,-1.057,-1.094,0.539,2.248,At Risk,0.193,0.643,Core,0
14893,New Customers,United Kingdom,10,3,1809.61,603.2,302.0,98,608,-1.316,-0.199,0.487,0.854,1.776,At Risk,0.325,0.385,Settled,0
14894,At Risk,United Kingdom,85,3,1492.81,497.6,32.0,39,652,0.004,-0.199,0.348,0.63,1.075,New Customers,0.369,0.255,Settled,0
14895,Champions,United Kingdom,8,38,25119.54,661.04,23.4,441,721,-1.445,2.62,2.389,1.528,3.553,At Risk,0.301,0.489,Settled,0
14896,At Risk,United Kingdom,205,8,2092.42,261.55,61.6,150,528,0.564,0.805,0.592,0.566,2.001,Champions,0.22,0.553,Core,0
14897,Champions,United Kingdom,8,8,3140.54,392.57,63.4,94,716,-1.445,0.805,0.885,0.926,1.679,New Customers,0.355,0.287,Settled,0
14898,Champions,United Kingdom,23,14,3507.81,250.56,32.4,185,712,-0.815,1.437,0.965,0.514,1.748,At Risk,0.227,0.408,Settled,0
14899,Hibernating,United Kingdom,395,1,1384.88,1384.88,,126,0,0.984,-1.057,0.294,1.217,1.479,At Risk,0.451,0.174,Borderline,1
14900,Hibernating,United Kingdom,522,1,13.92,13.92,,1,0,1.162,-1.057,-2.983,2.109,3.503,New Customers,0.376,0.39,Settled,0
14901,Champions,United Kingdom,11,12,2289.65,190.8,63.1,103,487,-1.26,1.26,0.657,0.763,1.845,New Customers,0.293,0.384,Settled,0
14902,New Customers,United Kingdom,26,3,1035.62,345.21,106.0,51,527,-0.74,-0.199,0.084,0.375,1.281,At Risk,0.226,0.387,Settled,0
14903,New Customers,United Kingdom,21,5,2810.63,562.13,27.4,227,257,-0.871,0.303,0.805,1.213,1.316,At Risk,0.48,0.044,Borderline,1
14904,New Customers,United Kingdom,2,4,1640.64,410.16,170.7,127,425,-2.15,0.077,0.416,1.475,2.013,Champions,0.423,0.247,Borderline,1
14905,At Risk,United Kingdom,158,8,1971.39,246.42,30.0,45,578,0.398,0.805,0.549,0.528,1.875,New Customers,0.22,0.538,Core,0
14907,Champions,United Kingdom,3,16,6165.79,385.36,64.4,153,599,-1.966,1.592,1.373,0.834,2.716,New Customers,0.235,0.522,Core,0
14908,New Customers,United Kingdom,74,2,381.9,190.95,,14,388,-0.084,-0.555,-0.636,0.929,1.044,Hibernating,0.471,0.04,Borderline,1
14909,At Risk,United Kingdom,437,3,1404.68,468.23,14.0,61,226,1.049,-0.199,0.304,0.83,1.387,Hibernating,0.374,0.28,Settled,0
14910,New Customers,United Kingdom,3,4,434.35,108.59,8.0,25,51,-1.966,0.077,-0.544,1.182,2.537,Champions,0.318,0.457,Settled,0
14911,Champions,EIRE,1,373,276654.61,741.7,2.9,2546,737,-2.41,5.419,4.123,4.934,6.911,At Risk,0.417,0.279,Settled,0
14912,New Customers,Italy,17,5,1849.58,369.92,87.0,43,573,-1.0,0.303,0.503,0.97,1.393,At Risk,0.41,0.213,Borderline,1
14913,Champions,United Kingdom,36,8,4073.13,509.14,42.2,176,449,-0.538,0.805,1.073,0.986,1.239,At Risk,0.443,0.063,Borderline,1
14915,At Risk,United Kingdom,91,11,1811.25,164.66,50.4,65,645,0.047,1.161,0.488,0.938,1.513,Champions,0.383,0.323,Settled,0
14916,At Risk,United Kingdom,71,8,3042.95,380.37,60.9,113,546,-0.11,0.805,0.863,0.837,1.352,Champions,0.382,0.314,Settled,0
14917,Hibernating,United Kingdom,597,2,1123.75,561.88,,29,0,1.248,-0.555,0.143,1.151,1.239,At Risk,0.482,0.086,Borderline,1
14918,At Risk,United Kingdom,116,9,5955.81,661.76,73.2,79,495,0.201,0.935,1.348,1.135,1.465,Champions,0.437,0.221,Borderline,1
14919,Hibernating,United Kingdom,539,1,359.35,359.35,,13,0,1.183,-1.057,-0.68,0.426,1.919,At Risk,0.181,0.619,Core,0
14920,At Risk,United Kingdom,213,3,1607.17,535.72,176.5,90,352,0.589,-0.199,0.401,0.529,1.491,Hibernating,0.262,0.425,Settled,0
14921,New Customers,United Kingdom,30,2,1316.07,658.04,,78,171,-0.651,-0.555,0.257,0.607,1.353,At Risk,0.31,0.334,Settled,0
14922,Hibernating,United Kingdom,394,2,843.74,421.87,,49,114,0.982,-0.555,-0.064,0.899,1.146,At Risk,0.44,0.19,Borderline,1
14923,New Customers,United Kingdom,51,1,749.1,749.1,,44,0,-0.319,-1.057,-0.15,0.947,1.427,Hibernating,0.399,0.22,Borderline,1
14924,At Risk,United Kingdom,246,3,931.01,310.34,168.0,30,393,0.681,-0.199,0.007,0.711,1.142,Hibernating,0.384,0.229,Borderline,1
14926,Hibernating,United Kingdom,382,2,359.4,179.7,,2,216,0.962,-0.555,-0.68,0.388,1.511,At Risk,0.204,0.529,Core,0
14927,Hibernating,United Kingdom,397,1,308.2,308.2,,20,0,0.987,-1.057,-0.791,0.251,1.916,At Risk,0.116,0.648,Core,0
14928,Hibernating,United Kingdom,628,1,223.91,223.91,,21,0,1.281,-1.057,-1.021,0.464,2.174,At Risk,0.176,0.651,Core,0
14929,New Customers,United Kingdom,32,2,836.69,418.34,,34,389,-0.611,-0.555,-0.07,0.411,1.404,At Risk,0.226,0.417,Settled,0
14930,At Risk,Channel Islands,109,6,5246.63,874.44,73.3,213,497,0.162,0.494,1.256,0.878,1.667,Champions,0.345,0.385,Settled,0
14931,New Customers,Channel Islands,5,4,864.68,216.17,63.3,28,236,-1.705,0.077,-0.047,0.924,2.105,Champions,0.305,0.457,Settled,0
14932,Hibernating,Channel Islands,366,2,879.66,439.83,,28,20,0.935,-0.555,-0.034,0.923,1.109,At Risk,0.454,0.156,Borderline,1
14933,At Risk,Channel Islands,444,4,1770.0,442.5,0.5,1,0,1.059,0.077,0.471,0.702,1.674,Hibernating,0.295,0.427,Settled,0
14934,At Risk,Channel Islands,82,5,3403.5,680.7,72.8,114,359,-0.019,0.303,0.943,0.654,1.592,New Customers,0.291,0.43,Settled,0
14935,At Risk,Channel Islands,297,2,2849.83,1424.92,,25,322,0.801,-0.555,0.815,1.014,1.747,Hibernating,0.367,0.311,Settled,0
14936,Champions,Channel Islands,34,12,12410.81,1034.23,48.0,267,549,-0.573,1.26,1.879,0.815,1.99,At Risk,0.291,0.371,Settled,0
14937,At Risk,Channel Islands,57,3,1621.88,540.63,37.0,33,73,-0.249,-0.199,0.408,0.806,0.919,New Customers,0.467,0.086,Borderline,1
14938,At Risk,Channel Islands,562,2,2322.43,1161.21,,71,0,1.21,-0.555,0.667,1.2,1.634,Hibernating,0.423,0.191,Borderline,1
14940,Hibernating,United Kingdom,418,2,531.49,265.74,,32,315,1.02,-0.555,-0.398,0.607,1.343,At Risk,0.312,0.416,Settled,0
14941,Hibernating,United Kingdom,579,1,182.1,182.1,,7,0,1.229,-1.057,-1.17,0.483,2.256,At Risk,0.176,0.659,Core,0
14942,At Risk,United Kingdom,402,4,746.56,186.64,60.6,12,328,0.995,0.077,-0.153,0.869,1.207,Hibernating,0.418,0.188,Borderline,1
14943,Hibernating,United Kingdom,663,1,107.62,107.62,,5,0,1.316,-1.057,-1.547,0.804,2.568,At Risk,0.238,0.619,Core,0
14944,Champions,United Kingdom,30,19,9684.67,509.72,36.1,183,631,-0.651,1.794,1.699,0.644,2.224,At Risk,0.225,0.465,Settled,0
14945,Hibernating,United Kingdom,414,1,179.4,179.4,,11,0,1.014,-1.057,-1.181,0.366,2.193,At Risk,0.143,0.67,Core,0
14946,New Customers,United Kingdom,14,1,100.9,100.9,,3,0,-1.117,-1.057,-1.594,1.562,2.12,Hibernating,0.424,0.223,Borderline,1
14947,At Risk,United Kingdom,72,6,1049.79,174.96,83.4,47,552,-0.102,0.494,0.093,0.632,1.171,New Customers,0.351,0.301,Settled,0
14948,New Customers,United Kingdom,23,6,1101.97,183.66,24.4,56,196,-0.815,0.494,0.129,0.885,1.261,At Risk,0.412,0.189,Borderline,1
14949,Hibernating,United Kingdom,469,4,515.0,128.75,67.3,16,252,1.094,0.077,-0.421,1.077,1.127,At Risk,0.489,0.042,Borderline,1
14950,New Customers,United Kingdom,19,1,371.2,371.2,,19,0,-0.933,-1.057,-0.657,0.859,1.837,Hibernating,0.319,0.398,Settled,0
14951,Hibernating,United Kingdom,79,1,311.69,311.69,,20,0,-0.043,-1.057,-0.783,0.948,1.253,New Customers,0.431,0.191,Borderline,1
14952,Champions,United Kingdom,60,32,17629.35,550.92,26.4,240,676,-0.217,2.414,2.133,1.486,2.786,At Risk,0.348,0.364,Settled,0
14953,New Customers,United Kingdom,25,4,1011.27,252.82,181.4,201,410,-0.764,0.077,0.066,0.508,1.23,At Risk,0.292,0.334,Settled,0
14954,New Customers,United Kingdom,12,2,503.44,251.72,,111,690,-1.209,-0.555,-0.437,0.45,2.008,At Risk,0.183,0.541,Core,0
14955,Hibernating,United Kingdom,733,1,163.77,163.77,,30,0,1.38,-1.057,-1.246,0.639,2.37,At Risk,0.212,0.635,Core,0
14956,Hibernating,United Kingdom,421,1,1325.0,1325.0,,4,0,1.025,-1.057,0.262,1.19,1.499,At Risk,0.443,0.197,Borderline,1
14957,Hibernating,United Kingdom,253,2,333.29,166.64,,27,391,0.699,-0.555,-0.735,0.392,1.475,At Risk,0.21,0.508,Core,0
14958,At Risk,United Kingdom,147,6,957.94,159.66,119.3,52,588,0.352,0.494,0.027,0.456,1.5,New Customers,0.233,0.469,Settled,0
14959,New Customers,United Kingdom,64,4,695.42,173.86,25.0,37,232,-0.176,0.077,-0.204,0.809,0.879,At Risk,0.479,0.015,Borderline,1
14960,New Customers,United Kingdom,8,2,221.27,110.64,,23,162,-1.445,-0.555,-1.03,0.995,2.346,Hibernating,0.298,0.467,Settled,0
14961,Champions,United Kingdom,11,22,16410.15,745.92,31.2,328,724,-1.26,1.967,2.081,0.851,2.872,At Risk,0.229,0.53,Core,0
14962,Hibernating,United Kingdom,271,4,366.91,91.73,116.5,14,313,0.743,0.077,-0.665,0.978,1.174,At Risk,0.454,0.125,Borderline,1
14963,Champions,United Kingdom,10,12,3164.48,263.71,58.8,304,515,-1.316,1.26,0.891,0.572,1.981,New Customers,0.224,0.463,Settled,0
14964,Hibernating,United Kingdom,247,1,206.21,206.21,,13,0,0.683,-1.057,-1.08,0.328,1.932,New Customers,0.145,0.625,Core,0
14965,New Customers,United Kingdom,96,2,599.0,299.5,,80,0,0.081,-0.555,-0.312,1.003,1.038,Hibernating,0.491,-0.019,Borderline,1
14966,New Customers,United Kingdom,15,6,1115.84,185.97,168.3,125,709,-1.076,0.494,0.138,0.906,1.51,At Risk,0.375,0.288,Settled,0
14967,At Risk,United Kingdom,50,6,1982.61,330.44,150.1,22,686,-0.332,0.494,0.553,0.76,1.258,New Customers,0.377,0.288,Settled,0
14968,New Customers,United Kingdom,30,2,501.24,250.62,,82,428,-0.651,-0.555,-0.44,0.396,1.601,At Risk,0.198,0.479,Settled,0
14969,Hibernating,United Kingdom,704,1,906.23,906.23,,13,0,1.354,-1.057,-0.013,1.028,1.715,At Risk,0.375,0.354,Settled,0
14970,Champions,United Kingdom,68,12,4919.35,409.95,41.0,71,595,-0.138,1.26,1.21,1.044,1.35,At Risk,0.436,0.076,Borderline,1
14971,New Customers,United Kingdom,35,3,1116.57,372.19,4.0,144,8,-0.555,-0.199,0.138,0.518,1.105,At Risk,0.319,0.28,Settled,0
14972,Hibernating,United Kingdom,128,2,145.07,72.54,,20,252,0.264,-0.555,-1.333,0.81,1.605,New Customers,0.335,0.389,Settled,0
14973,At Risk,United Kingdom,107,3,1314.45,438.15,32.0,29,118,0.15,-0.199,0.256,0.574,1.157,New Customers,0.331,0.318,Settled,0
14974,New Customers,United Kingdom,37,1,114.39,114.39,,17,0,-0.521,-1.057,-1.504,1.512,1.534,Hibernating,0.496,0.001,Borderline,1
14975,New Customers,United Kingdom,57,2,472.39,236.2,,25,363,-0.249,-0.555,-0.483,0.726,1.24,Hibernating,0.369,0.249,Borderline,1
14976,At Risk,United Kingdom,57,6,774.86,129.14,32.5,45,269,-0.249,0.494,-0.126,0.874,1.03,New Customers,0.459,0.118,Borderline,1
14977,Hibernating,United Kingdom,726,1,31.93,31.93,,4,0,1.374,-1.057,-2.41,1.599,3.221,New Customers,0.332,0.485,Settled,0
14978,At Risk,United Kingdom,72,10,3142.14,314.21,47.3,175,518,-0.102,1.053,0.886,1.015,1.233,Champions,0.451,0.188,Borderline,1
14979,Hibernating,United Kingdom,735,1,439.46,439.46,,42,0,1.382,-1.057,-0.535,0.654,1.933,At Risk,0.253,0.555,Core,0
14980,Hibernating,United Kingdom,737,1,150.68,150.68,,24,0,1.383,-1.057,-1.306,0.676,2.414,At Risk,0.219,0.631,Core,0
14981,Hibernating,United Kingdom,246,2,372.92,186.46,,20,177,0.681,-0.555,-0.654,0.441,1.408,At Risk,0.239,0.478,Settled,0
14982,Hibernating,United Kingdom,572,1,234.88,234.88,,38,0,1.221,-1.057,-0.987,0.404,2.127,At Risk,0.16,0.657,Core,0
14983,Hibernating,United Kingdom,689,1,183.2,183.2,,30,0,1.34,-1.057,-1.166,0.567,2.297,At Risk,0.198,0.644,Core,0
14984,New Customers,United Kingdom,19,6,1271.41,211.9,70.9,48,678,-0.933,0.494,0.232,0.931,1.354,At Risk,0.408,0.213,Borderline,1
14985,Hibernating,United Kingdom,198,2,296.75,148.38,,78,159,0.542,-0.555,-0.818,0.462,1.518,At Risk,0.233,0.493,Settled,0
14986,Hibernating,United Kingdom,376,2,566.9,283.45,,87,307,0.952,-0.555,-0.351,0.635,1.283,At Risk,0.331,0.384,Settled,0
14987,Champions,United Kingdom,16,8,1713.85,214.23,149.3,4,721,-1.037,0.805,0.448,1.172,1.317,New Customers,0.471,0.04,Borderline,1
14988,At Risk,United Kingdom,212,7,2066.6,295.23,66.5,171,390,0.586,0.659,0.583,0.443,1.946,New Customers,0.186,0.569,Core,0
14989,Hibernating,United Kingdom,662,1,342.4,342.4,,18,0,1.315,-1.057,-0.715,0.515,1.997,At Risk,0.205,0.61,Core,0
14990,Hibernating,United Kingdom,612,2,305.42,152.71,,41,118,1.264,-0.555,-0.798,0.505,1.73,At Risk,0.226,0.546,Core,0
14991,Hibernating,United Kingdom,430,1,314.67,314.67,,21,0,1.038,-1.057,-0.776,0.283,1.923,At Risk,0.128,0.646,Core,0
14992,Hibernating,United Kingdom,442,1,210.5,210.5,,27,0,1.056,-1.057,-1.066,0.311,2.123,At Risk,0.128,0.671,Core,0
14993,Hibernating,United Kingdom,564,1,36.13,36.13,,9,0,1.212,-1.057,-2.324,1.473,3.05,New Customers,0.326,0.495,Settled,0
14994,At Risk,United Kingdom,382,5,956.68,191.34,52.0,232,240,0.962,0.303,0.026,0.702,1.492,Hibernating,0.32,0.379,Settled,0
14995,New Customers,United Kingdom,39,2,233.23,116.62,,53,241,-0.488,-0.555,-0.992,0.884,1.402,Hibernating,0.387,0.243,Borderline,1
14996,Hibernating,United Kingdom,481,2,442.29,221.14,,37,0,1.11,-0.555,-0.531,0.535,1.47,At Risk,0.267,0.48,Settled,0
14997,New Customers,United Kingdom,46,4,776.6,194.15,194.7,36,609,-0.384,0.077,-0.124,0.644,0.978,At Risk,0.397,0.162,Borderline,1
14998,At Risk,United Kingdom,170,4,770.73,192.68,52.5,111,435,0.445,0.077,-0.13,0.605,1.291,Hibernating,0.319,0.341,Settled,0
14999,Hibernating,United Kingdom,593,1,129.48,129.48,,9,0,1.244,-1.057,-1.415,0.66,2.441,At Risk,0.213,0.642,Core,0
15000,New Customers,United Kingdom,48,1,490.52,490.52,,76,0,-0.357,-1.057,-0.456,0.944,1.327,Hibernating,0.416,0.185,Borderline,1
15001,Hibernating,United Kingdom,394,2,228.86,114.43,,43,0,0.982,-0.555,-1.005,0.34,1.771,At Risk,0.161,0.588,Core,0
15002,At Risk,United Kingdom,116,9,4817.28,535.25,61.3,220,580,0.201,0.935,1.195,1.015,1.473,Champions,0.408,0.278,Settled,0
15003,At Risk,United Kingdom,473,6,1060.7,176.78,56.0,253,209,1.099,0.494,0.101,0.809,1.701,Hibernating,0.322,0.398,Settled,0
15004,Hibernating,United Kingdom,147,1,1245.93,1245.93,,153,0,0.352,-1.057,0.217,1.252,1.365,At Risk,0.478,0.094,Borderline,1
15005,Champions,United Kingdom,16,56,14104.2,251.86,6.1,590,722,-1.037,3.09,1.971,1.672,3.499,At Risk,0.323,0.445,Settled,0
15006,New Customers,United Kingdom,51,2,820.19,410.1,,164,402,-0.319,-0.555,-0.085,0.641,1.22,At Risk,0.345,0.286,Settled,0
15007,Hibernating,United Kingdom,159,1,156.91,156.91,,12,0,0.402,-1.057,-1.277,0.636,1.816,New Customers,0.259,0.516,Core,0
15008,Hibernating,United Kingdom,480,2,360.0,180.0,,6,157,1.109,-0.555,-0.679,0.444,1.571,At Risk,0.22,0.531,Core,0
15009,New Customers,United Kingdom,12,3,1261.78,420.59,0.5,148,12,-1.209,-0.199,0.226,0.579,1.686,At Risk,0.256,0.447,Settled,0
15010,New Customers,United Kingdom,36,1,308.94,308.94,,20,0,-0.538,-1.057,-0.789,0.992,1.433,Hibernating,0.409,0.215,Borderline,1
15011,Hibernating,United Kingdom,396,2,416.6,208.3,,17,20,0.985,-0.555,-0.574,0.462,1.443,At Risk,0.243,0.495,Settled,0
15012,New Customers,United Kingdom,54,3,860.62,286.87,58.5,165,523,-0.283,-0.199,-0.05,0.644,0.963,At Risk,0.401,0.161,Borderline,1
15013,At Risk,United Kingdom,488,10,1641.3,164.13,9.3,177,189,1.119,1.053,0.416,1.055,2.338,Hibernating,0.311,0.463,Settled,0
15014,New Customers,United Kingdom,43,2,260.17,130.08,,29,133,-0.426,-0.555,-0.913,0.85,1.339,Hibernating,0.388,0.233,Borderline,1
15015,At Risk,United Kingdom,501,13,2354.52,181.12,10.9,157,223,1.136,1.352,0.677,1.32,2.376,Champions,0.357,0.405,Settled,0
15016,At Risk,United Kingdom,173,5,630.3,126.06,86.5,93,370,0.456,0.303,-0.275,0.712,1.388,Hibernating,0.339,0.332,Settled,0
15017,New Customers,United Kingdom,34,1,125.58,125.58,,20,0,-0.573,-1.057,-1.437,1.445,1.558,Hibernating,0.481,0.05,Borderline,1
15018,New Customers,United Kingdom,39,3,607.46,202.49,49.5,30,329,-0.488,-0.199,-0.302,0.418,1.246,At Risk,0.251,0.365,Settled,0
15019,Hibernating,United Kingdom,267,1,266.0,266.0,,64,0,0.733,-1.057,-0.897,0.243,1.903,New Customers,0.113,0.637,Core,0
15020,Hibernating,United Kingdom,379,1,203.42,203.42,,27,0,0.957,-1.057,-1.09,0.283,2.112,At Risk,0.118,0.67,Core,0
15021,Champions,United Kingdom,9,12,2783.83,231.99,35.2,355,489,-1.377,1.26,0.798,0.67,1.944,New Customers,0.256,0.431,Settled,0
15022,New Customers,United Kingdom,12,5,1186.09,237.22,267.7,115,665,-1.209,0.303,0.182,0.809,1.62,At Risk,0.333,0.365,Settled,0
15023,Champions,United Kingdom,3,20,12147.53,607.38,19.5,485,671,-1.966,1.854,1.863,1.024,3.169,At Risk,0.244,0.542,Core,0
15024,Champions,United Kingdom,10,16,4075.51,254.72,42.5,168,414,-1.316,1.592,1.074,0.341,2.24,At Risk,0.132,0.53,Core,0
15025,New Customers,United Kingdom,33,2,1005.14,502.57,,131,535,-0.592,-0.555,0.062,0.493,1.348,At Risk,0.268,0.375,Settled,0
15026,At Risk,United Kingdom,80,5,1056.81,211.36,44.8,108,368,-0.035,0.303,0.098,0.542,1.103,New Customers,0.33,0.309,Settled,0
15027,Champions,United Kingdom,31,10,3195.6,319.56,63.4,69,593,-0.631,1.053,0.898,0.835,1.357,At Risk,0.381,0.192,Borderline,1
15028,New Customers,United Kingdom,8,6,1157.71,192.95,124.9,65,385,-1.445,0.494,0.164,1.056,1.615,Champions,0.395,0.285,Settled,0
15029,Hibernating,United Kingdom,620,1,365.1,365.1,,10,0,1.273,-1.057,-0.669,0.499,1.952,At Risk,0.204,0.607,Core,0
15030,At Risk,United Kingdom,72,8,1979.91,247.49,62.3,25,573,-0.102,0.805,0.552,0.722,1.5,Champions,0.325,0.406,Settled,0
15031,Champions,United Kingdom,4,14,3156.58,225.47,52.8,237,727,-1.822,1.437,0.889,0.839,2.279,New Customers,0.269,0.45,Settled,0
15032,At Risk,United Kingdom,256,8,13780.65,1722.58,46.4,39,472,0.706,0.805,1.954,1.636,2.069,Champions,0.442,0.212,Borderline,1
15033,Champions,United Kingdom,5,10,2583.37,258.34,20.4,314,324,-1.705,1.053,0.744,0.968,1.869,New Customers,0.341,0.324,Settled,0
15034,Champions,United Kingdom,16,14,8313.4,593.81,40.9,416,561,-1.037,1.437,1.589,0.272,2.165,At Risk,0.111,0.516,Core,0
15035,Hibernating,United Kingdom,90,1,252.73,252.73,,26,0,0.04,-1.057,-0.934,0.86,1.379,New Customers,0.384,0.289,Settled,0
15036,New Customers,United Kingdom,72,3,465.55,155.18,51.5,107,107,-0.102,-0.199,-0.494,0.832,1.158,At Risk,0.418,0.164,Borderline,1
15037,Hibernating,United Kingdom,376,2,402.51,201.26,,40,0,0.952,-0.555,-0.599,0.438,1.448,At Risk,0.232,0.502,Core,0
15038,At Risk,United Kingdom,59,9,1309.86,145.54,44.6,190,366,-0.227,0.935,0.253,0.912,1.491,New Customers,0.379,0.306,Settled,0
15039,Champions,United Kingdom,10,93,40031.43,430.45,4.8,562,719,-1.316,3.71,2.725,2.573,4.456,At Risk,0.366,0.39,Settled,0
15040,Hibernating,United Kingdom,542,1,7.49,7.49,,1,0,1.186,-1.057,-3.39,2.514,3.843,New Customers,0.396,0.342,Settled,0
15041,Hibernating,United Kingdom,170,2,293.6,146.8,,97,274,0.445,-0.555,-0.826,0.535,1.476,New Customers,0.266,0.463,Settled,0
15042,Hibernating,United Kingdom,199,2,315.45,157.73,,9,396,0.545,-0.555,-0.774,0.47,1.483,At Risk,0.241,0.482,Settled,0
15043,At Risk,United Kingdom,31,6,2858.8,476.47,165.9,38,501,-0.631,0.494,0.817,1.11,1.278,Champions,0.465,0.145,Borderline,1
15044,Champions,United Kingdom,19,32,15949.19,498.41,20.2,343,703,-0.933,2.414,2.06,1.141,2.984,At Risk,0.277,0.488,Settled,0
15045,Hibernating,United Kingdom,152,2,735.66,367.83,,11,105,0.373,-0.555,-0.163,0.946,1.035,At Risk,0.477,0.089,Borderline,1
15046,Champions,United Kingdom,9,25,7793.44,311.74,19.9,247,685,-1.377,2.118,1.542,0.656,2.775,At Risk,0.191,0.555,Core,0
15047,Hibernating,United Kingdom,270,1,343.62,343.62,,22,0,0.74,-1.057,-0.713,0.305,1.803,At Risk,0.145,0.608,Core,0
15048,New Customers,United Kingdom,65,4,482.75,120.69,39.7,86,303,-0.166,0.077,-0.467,0.847,1.081,At Risk,0.439,0.108,Borderline,1
15049,Hibernating,United Kingdom,274,1,121.17,121.17,,3,0,0.75,-1.057,-1.462,0.606,2.175,New Customers,0.218,0.606,Core,0
15050,Champions,United Kingdom,25,5,4193.79,838.76,138.1,116,455,-0.764,0.303,1.094,1.316,1.331,At Risk,0.497,-0.048,Borderline,1
15051,Champions,United Kingdom,23,9,3935.16,437.24,61.4,226,715,-0.815,0.935,1.048,0.748,1.5,At Risk,0.333,0.282,Settled,0
15052,Hibernating,United Kingdom,319,1,215.78,215.78,,27,0,0.847,-1.057,-1.048,0.245,2.054,At Risk,0.107,0.662,Core,0
15053,New Customers,United Kingdom,5,3,697.79,232.6,13.5,49,277,-1.705,-0.199,-0.201,0.825,2.244,At Risk,0.269,0.5,Core,0
15054,New Customers,United Kingdom,12,2,302.1,151.05,,105,28,-1.209,-0.555,-0.805,0.693,2.111,Hibernating,0.247,0.505,Core,0
15055,Hibernating,United Kingdom,475,3,560.07,186.69,5.5,77,248,1.102,-0.199,-0.36,0.885,1.173,At Risk,0.43,0.193,Borderline,1
15056,Hibernating,United Kingdom,520,1,133.45,133.45,,6,0,1.16,-1.057,-1.393,0.599,2.397,At Risk,0.2,0.651,Core,0
15057,At Risk,United Kingdom,275,5,3255.96,651.19,50.8,62,458,0.752,0.303,0.911,0.599,2.096,New Customers,0.222,0.555,Core,0
15058,Champions,United Kingdom,25,16,3410.03,213.13,33.8,232,628,-0.764,1.592,0.945,0.555,1.814,At Risk,0.234,0.408,Settled,0
15059,Champions,United Kingdom,41,19,3522.77,185.41,25.6,307,692,-0.456,1.794,0.968,0.821,1.807,At Risk,0.312,0.325,Settled,0
15060,New Customers,United Kingdom,8,4,301.84,75.46,0.5,80,0,-1.445,0.077,-0.806,0.879,2.225,At Risk,0.283,0.471,Settled,0
15061,Champions,United Kingdom,4,127,137817.07,1085.17,8.8,130,734,-1.822,4.092,3.619,3.481,5.431,At Risk,0.391,0.343,Settled,0
15062,At Risk,United Kingdom,71,8,2585.62,323.2,33.1,98,539,-0.11,0.805,0.745,0.783,1.399,Champions,0.359,0.353,Settled,0
15063,Hibernating,United Kingdom,213,1,370.8,370.8,,5,0,0.589,-1.057,-0.658,0.426,1.708,New Customers,0.2,0.562,Core,0
15064,At Risk,United Kingdom,410,4,1154.41,288.6,28.1,74,306,1.008,0.077,0.162,0.707,1.426,Hibernating,0.331,0.356,Settled,0
15065,At Risk,United Kingdom,38,5,3326.86,665.37,29.9,156,373,-0.504,0.303,0.927,1.022,1.374,New Customers,0.426,0.205,Borderline,1
15066,New Customers,United Kingdom,53,1,893.59,893.59,,42,0,-0.295,-1.057,-0.023,0.982,1.479,Hibernating,0.399,0.223,Borderline,1
15067,At Risk,United Kingdom,78,5,3877.88,775.58,81.3,170,528,-0.051,0.303,1.038,0.748,1.647,New Customers,0.312,0.412,Settled,0
15068,New Customers,United Kingdom,46,4,1176.85,294.21,21.2,178,575,-0.384,0.077,0.176,0.759,0.844,At Risk,0.474,0.027,Borderline,1
15069,Hibernating,United Kingdom,179,1,1109.53,1109.53,,70,0,0.478,-1.057,0.133,1.128,1.383,At Risk,0.449,0.172,Borderline,1
15070,At Risk,United Kingdom,373,3,843.25,281.08,43.0,26,351,0.947,-0.199,-0.065,0.893,1.071,Hibernating,0.455,0.092,Borderline,1
15071,At Risk,United Kingdom,94,4,1455.56,363.89,34.0,41,476,0.068,0.077,0.33,0.401,1.178,New Customers,0.254,0.384,Settled,0
15072,Hibernating,United Kingdom,479,1,187.52,187.52,,13,0,1.107,-1.057,-1.149,0.39,2.198,At Risk,0.151,0.669,Core,0
15073,Champions,United Kingdom,10,8,2788.02,348.5,82.4,115,672,-1.316,0.805,0.799,0.939,1.583,New Customers,0.372,0.254,Settled,0
15074,At Risk,United Kingdom,105,3,1566.33,522.11,143.0,63,362,0.138,-0.199,0.383,0.553,1.207,New Customers,0.314,0.341,Settled,0
15075,New Customers,United Kingdom,78,1,773.03,773.03,,27,0,-0.051,-1.057,-0.128,1.131,1.225,Hibernating,0.48,0.021,Borderline,1
15076,At Risk,United Kingdom,173,3,1447.74,482.58,145.0,68,349,0.456,-0.199,0.326,0.505,1.458,Hibernating,0.257,0.424,Settled,0
15077,At Risk,United Kingdom,495,2,2428.08,1214.04,,28,235,1.128,-0.555,0.699,1.153,1.65,Hibernating,0.411,0.219,Borderline,1
15078,Champions,United Kingdom,7,52,17751.88,341.38,13.9,117,728,-1.521,3.0,2.138,1.702,3.728,At Risk,0.313,0.476,Settled,0
15079,At Risk,United Kingdom,213,11,3767.35,342.49,42.0,119,519,0.589,1.161,1.017,1.067,1.795,Champions,0.373,0.357,Settled,0
15080,Hibernating,United Kingdom,428,2,546.25,273.12,,31,74,1.035,-0.555,-0.378,0.628,1.338,At Risk,0.319,0.407,Settled,0
15081,Champions,United Kingdom,22,12,1965.72,163.81,46.0,75,513,-0.843,1.26,0.547,0.904,1.573,At Risk,0.365,0.247,Borderline,1
15082,Hibernating,United Kingdom,669,1,93.35,93.35,,6,0,1.321,-1.057,-1.649,0.89,2.65,At Risk,0.252,0.605,Core,0
15083,Hibernating,United Kingdom,257,1,88.2,88.2,,5,0,0.709,-1.057,-1.69,0.828,2.282,New Customers,0.266,0.559,Core,0
15084,Hibernating,United Kingdom,380,2,965.2,482.6,,31,266,0.959,-0.555,0.033,0.988,1.095,At Risk,0.474,0.108,Borderline,1
15085,Hibernating,United Kingdom,730,1,347.54,347.54,,9,0,1.377,-1.057,-0.704,0.572,2.021,At Risk,0.221,0.597,Core,0
15086,Hibernating,United Kingdom,565,2,218.53,109.26,,10,60,1.213,-0.555,-1.039,0.475,1.887,At Risk,0.201,0.582,Core,0
15087,Hibernating,United Kingdom,282,1,306.94,306.94,,15,0,0.768,-1.057,-0.794,0.249,1.861,At Risk,0.118,0.629,Core,0
15088,New Customers,United Kingdom,21,2,1160.07,580.04,,53,45,-0.871,-0.555,0.166,0.48,1.543,At Risk,0.237,0.429,Settled,0
15089,Champions,United Kingdom,10,6,2420.84,403.47,13.7,139,118,-1.316,0.494,0.697,1.249,1.307,New Customers,0.489,-0.012,Borderline,1
15090,Hibernating,United Kingdom,308,1,381.32,381.32,,23,0,0.825,-1.057,-0.638,0.334,1.775,At Risk,0.158,0.602,Core,0
15091,At Risk,United Kingdom,68,3,1046.61,348.87,303.5,55,607,-0.138,-0.199,0.091,0.797,0.829,New Customers,0.49,0.041,Borderline,1
15092,At Risk,United Kingdom,215,3,776.46,258.82,55.5,39,247,0.595,-0.199,-0.124,0.77,1.061,Hibernating,0.421,0.155,Borderline,1
15093,Champions,United Kingdom,18,23,14326.11,622.87,28.0,104,713,-0.965,2.019,1.982,0.807,2.689,At Risk,0.231,0.511,Core,0
15094,Hibernating,United Kingdom,463,2,83.0,41.5,,4,181,1.086,-0.555,-1.733,0.909,2.428,At Risk,0.273,0.551,Core,0
15095,At Risk,United Kingdom,104,10,3141.64,314.16,63.4,90,584,0.132,1.053,0.886,0.924,1.434,Champions,0.392,0.306,Settled,0
15096,New Customers,United Kingdom,43,1,219.39,219.39,,11,0,-0.426,-1.057,-1.036,1.185,1.325,Hibernating,0.472,0.066,Borderline,1
15097,New Customers,United Kingdom,4,3,908.35,302.78,289.5,59,578,-1.822,-0.199,-0.011,0.969,2.31,At Risk,0.295,0.476,Settled,0
15098,At Risk,United Kingdom,182,3,39916.5,13305.5,0.0,1,0,0.488,-0.199,2.723,2.343,2.742,Champions,0.461,0.157,Borderline,1
15099,Hibernating,United Kingdom,84,1,410.48,410.48,,23,0,-0.004,-1.057,-0.584,0.957,1.209,New Customers,0.442,0.168,Borderline,1
15100,At Risk,United Kingdom,334,7,2894.7,413.53,110.7,11,367,0.876,0.659,0.826,0.725,2.257,Champions,0.243,0.553,Core,0
15101,New Customers,United Kingdom,9,6,1477.94,246.32,128.3,52,581,-1.377,0.494,0.341,1.105,1.477,Champions,0.428,0.216,Borderline,1
15102,Hibernating,United Kingdom,531,2,554.67,277.33,,26,16,1.173,-0.555,-0.367,0.684,1.403,At Risk,0.328,0.404,Settled,0
15103,New Customers,United Kingdom,31,2,703.36,351.68,,35,55,-0.631,-0.555,-0.196,0.361,1.468,At Risk,0.198,0.449,Settled,0
15104,At Risk,United Kingdom,197,2,1027.44,513.72,,66,85,0.539,-0.555,0.078,0.929,1.082,Hibernating,0.462,0.058,Borderline,1
15105,Champions,United Kingdom,18,9,3094.91,343.88,102.7,129,608,-0.965,0.935,0.875,0.79,1.565,At Risk,0.335,0.299,Settled,0
15106,New Customers,United Kingdom,18,5,1422.52,284.5,10.8,90,251,-0.965,0.303,0.313,0.829,1.362,At Risk,0.378,0.266,Settled,0
15107,At Risk,United Kingdom,311,9,940.35,104.48,16.4,32,140,0.831,0.935,0.014,0.887,2.018,Hibernating,0.305,0.447,Settled,0
15108,At Risk,European Community,142,3,1159.25,386.42,3.0,49,85,0.33,-0.199,0.165,0.561,1.289,New Customers,0.303,0.38,Settled,0
15109,At Risk,United Kingdom,246,3,983.1,327.7,89.0,46,489,0.681,-0.199,0.046,0.688,1.174,Hibernating,0.37,0.255,Settled,0
15110,New Customers,United Kingdom,24,6,1505.85,250.98,55.3,23,461,-0.789,0.494,0.354,1.003,1.2,At Risk,0.455,0.098,Borderline,1
15111,At Risk,United Kingdom,29,5,2730.87,546.17,108.0,109,563,-0.672,0.303,0.784,1.119,1.214,New Customers,0.48,0.073,Borderline,1
15112,Hibernating,United Kingdom,611,1,209.4,209.4,,7,0,1.263,-1.057,-1.069,0.464,2.199,At Risk,0.174,0.655,Core,0
15113,New Customers,United Kingdom,10,3,3608.94,1202.98,6.5,76,44,-1.316,-0.199,0.986,1.306,1.786,Champions,0.422,0.234,Borderline,1
15114,Champions,United Kingdom,30,12,3400.12,283.34,19.2,151,390,-0.651,1.26,0.943,0.693,1.512,At Risk,0.314,0.297,Settled,0
15115,New Customers,United Kingdom,18,2,531.85,265.92,,35,714,-0.965,-0.555,-0.398,0.303,1.801,At Risk,0.144,0.531,Core,0
15116,New Customers,United Kingdom,18,4,1352.75,338.19,16.0,37,187,-0.965,0.077,0.277,0.651,1.382,At Risk,0.32,0.342,Settled,0
15117,Champions,United Kingdom,15,8,2485.97,310.75,83.7,89,619,-1.076,0.805,0.716,0.975,1.48,New Customers,0.397,0.208,Borderline,1
15118,Hibernating,United Kingdom,134,1,244.8,244.8,,1,0,0.293,-1.057,-0.957,0.618,1.571,New Customers,0.282,0.457,Settled,0
15119,Hibernating,United Kingdom,246,1,266.4,266.4,,14,0,0.681,-1.057,-0.896,0.277,1.858,New Customers,0.13,0.622,Core,0
15120,Hibernating,United Kingdom,134,1,358.82,358.82,,21,0,0.293,-1.057,-0.681,0.655,1.467,New Customers,0.309,0.416,Settled,0
15121,New Customers,United Kingdom,50,2,457.72,228.86,,28,238,-0.332,-0.555,-0.506,0.664,1.309,Hibernating,0.336,0.303,Settled,0
15122,At Risk,United Kingdom,114,11,4497.47,408.86,37.8,155,505,0.19,1.161,1.145,1.142,1.392,Champions,0.451,0.193,Borderline,1
15123,Champions,United Kingdom,7,5,4656.17,931.23,80.9,149,626,-1.521,0.303,1.17,1.308,1.664,New Customers,0.44,0.118,Borderline,1
15124,New Customers,United Kingdom,23,4,450.82,112.7,53.3,30,628,-0.815,0.077,-0.517,0.476,1.55,At Risk,0.235,0.428,Settled,0
15125,Champions,United Kingdom,25,24,17024.87,709.37,42.9,151,593,-0.764,2.07,2.107,0.991,2.702,At Risk,0.268,0.473,Settled,0
15126,Hibernating,United Kingdom,537,2,449.49,224.74,,25,150,1.181,-0.555,-0.519,0.577,1.499,At Risk,0.278,0.473,Settled,0
15127,New Customers,United Kingdom,66,2,711.5,355.75,,27,454,-0.157,-0.555,-0.187,0.775,1.183,At Risk,0.396,0.214,Borderline,1
15128,At Risk,United Kingdom,60,5,1783.68,356.74,69.0,87,369,-0.217,0.303,0.476,0.609,1.158,New Customers,0.345,0.308,Settled,0
15129,Champions,United Kingdom,50,23,6860.18,298.27,21.1,86,559,-0.332,2.019,1.45,0.939,2.132,At Risk,0.306,0.373,Settled,0
15130,Hibernating,United Kingdom,170,1,330.11,330.11,,22,0,0.445,-1.057,-0.742,0.501,1.609,New Customers,0.238,0.511,Core,0
15131,Hibernating,United Kingdom,395,1,80.28,80.28,,7,0,0.984,-1.057,-1.757,0.883,2.522,New Customers,0.259,0.589,Core,0
15132,New Customers,United Kingdom,18,5,977.93,195.59,21.0,49,244,-0.965,0.303,0.042,0.677,1.412,At Risk,0.324,0.341,Settled,0
15133,At Risk,United Kingdom,128,5,1806.9,361.38,38.2,45,392,0.264,0.303,0.486,0.138,1.493,New Customers,0.084,0.522,Core,0
15134,Champions,United Kingdom,15,10,1596.29,159.63,36.2,47,407,-1.076,1.053,0.396,1.077,1.514,New Customers,0.416,0.171,Borderline,1
15135,Hibernating,United Kingdom,239,2,305.68,152.84,,17,317,0.662,-0.555,-0.797,0.389,1.518,At Risk,0.204,0.517,Core,0
15136,New Customers,United Kingdom,3,4,1286.7,321.68,31.3,61,93,-1.966,0.077,0.24,1.242,2.018,Champions,0.381,0.334,Settled,0
15137,Hibernating,United Kingdom,521,2,823.4,411.7,,34,159,1.161,-0.555,-0.082,0.921,1.255,At Risk,0.423,0.23,Borderline,1
15138,Hibernating,United Kingdom,394,1,502.52,502.52,,31,0,0.982,-1.057,-0.438,0.515,1.711,At Risk,0.231,0.551,Core,0
15139,Hibernating,United Kingdom,240,2,178.96,89.48,,13,96,0.665,-0.555,-1.182,0.466,1.832,New Customers,0.203,0.563,Core,0
15140,At Risk,United Kingdom,52,8,3243.69,405.46,54.9,103,390,-0.307,0.805,0.909,0.989,1.192,Champions,0.453,0.179,Borderline,1
15141,At Risk,United Kingdom,458,7,1388.47,198.35,20.5,44,163,1.079,0.659,0.295,0.793,1.947,Hibernating,0.289,0.465,Settled,0
15142,At Risk,United Kingdom,46,6,2619.92,436.65,137.6,115,454,-0.384,0.494,0.754,0.863,1.375,New Customers,0.386,0.288,Settled,0
15143,Hibernating,United Kingdom,226,2,563.63,281.82,,27,206,0.627,-0.555,-0.356,0.675,1.18,At Risk,0.364,0.314,Settled,0
15144,Champions,United Kingdom,8,29,12160.31,419.32,24.1,199,718,-1.445,2.296,1.864,0.963,3.072,At Risk,0.239,0.541,Core,0
15145,New Customers,United Kingdom,4,4,1194.73,298.68,73.0,54,244,-1.822,0.077,0.187,1.098,1.994,Champions,0.355,0.378,Settled,0
15146,At Risk,United Kingdom,165,2,1327.16,663.58,,90,126,0.426,-0.555,0.263,0.863,1.287,Hibernating,0.401,0.204,Borderline,1
15147,Hibernating,United Kingdom,240,1,623.5,623.5,,28,0,0.665,-1.057,-0.283,0.684,1.55,At Risk,0.306,0.442,Settled,0
15148,New Customers,United Kingdom,11,1,301.29,301.29,,20,0,-1.26,-1.057,-0.807,1.01,2.149,Hibernating,0.32,0.424,Settled,0
15149,At Risk,United Kingdom,134,4,1524.61,381.15,194.6,61,515,0.293,0.077,0.363,0.245,1.382,New Customers,0.15,0.483,Settled,0
15150,Champions,United Kingdom,17,13,9001.08,692.39,51.2,495,526,-1.0,1.352,1.646,0.37,2.129,At Risk,0.148,0.497,Settled,0
15151,At Risk,United Kingdom,423,2,2085.61,1042.8,,56,86,1.028,-0.555,0.589,1.07,1.531,Hibernating,0.411,0.21,Borderline,1
15152,Champions,United Kingdom,10,14,5263.83,375.99,133.5,214,691,-1.316,1.437,1.259,0.231,2.216,At Risk,0.094,0.538,Core,0
15153,New Customers,United Kingdom,31,1,329.25,329.25,,22,0,-0.631,-1.057,-0.743,0.938,1.529,Hibernating,0.38,0.276,Settled,0
15154,At Risk,United Kingdom,75,3,1388.41,462.8,201.5,166,402,-0.076,-0.199,0.295,0.69,0.981,New Customers,0.413,0.183,Borderline,1
15155,Hibernating,United Kingdom,383,1,383.97,383.97,,24,0,0.964,-1.057,-0.633,0.345,1.811,At Risk,0.16,0.613,Core,0
15156,New Customers,United Kingdom,1,3,961.49,320.5,13.0,51,32,-2.41,-0.199,0.03,1.551,2.532,Champions,0.38,0.352,Settled,0
15157,New Customers,United Kingdom,4,5,2654.11,530.82,26.3,152,725,-1.822,0.303,0.764,1.503,1.534,Champions,0.495,0.056,Borderline,1
15158,New Customers,United Kingdom,45,2,606.02,303.01,,11,356,-0.398,-0.555,-0.303,0.553,1.371,At Risk,0.287,0.376,Settled,0
15159,Champions,United Kingdom,2,34,22116.73,650.49,12.5,413,430,-2.15,2.486,2.296,1.678,3.841,At Risk,0.304,0.496,Settled,0
15160,At Risk,United Kingdom,357,4,589.27,147.32,3.7,17,63,0.919,0.077,-0.324,0.948,1.104,Hibernating,0.462,0.085,Borderline,1
15161,Hibernating,United Kingdom,388,1,119.92,119.92,,33,0,0.972,-1.057,-1.47,0.607,2.351,New Customers,0.205,0.64,Core,0
15162,Hibernating,United Kingdom,731,1,312.9,312.9,,12,0,1.378,-1.057,-0.78,0.552,2.065,At Risk,0.211,0.611,Core,0
15163,New Customers,United Kingdom,18,2,304.47,152.24,,29,173,-0.965,-0.555,-0.8,0.614,1.871,Hibernating,0.247,0.477,Settled,0
15164,At Risk,United Kingdom,69,9,2068.92,229.88,36.9,243,621,-0.128,0.935,0.584,0.842,1.404,Champions,0.375,0.329,Settled,0
15165,Hibernating,United Kingdom,373,1,975.5,975.5,,27,0,0.947,-1.057,0.04,0.966,1.51,At Risk,0.39,0.314,Settled,0
15166,Hibernating,United Kingdom,468,1,167.16,167.16,,12,0,1.092,-1.057,-1.231,0.439,2.254,At Risk,0.163,0.667,Core,0
15167,At Risk,United Kingdom,321,5,1659.67,331.93,86.4,262,352,0.851,0.303,0.424,0.461,1.766,Hibernating,0.207,0.521,Core,0
15168,New Customers,United Kingdom,26,1,106.56,106.56,,5,0,-0.74,-1.057,-1.555,1.518,1.754,Hibernating,0.464,0.106,Borderline,1
15169,Hibernating,United Kingdom,382,2,569.22,284.61,,58,344,0.962,-0.555,-0.349,0.639,1.286,At Risk,0.332,0.383,Settled,0
15170,Hibernating,United Kingdom,407,1,81.15,81.15,,4,0,1.003,-1.057,-1.749,0.878,2.531,New Customers,0.258,0.592,Core,0
15171,Hibernating,United Kingdom,331,1,1289.5,1289.5,,5,0,0.871,-1.057,0.242,1.161,1.443,At Risk,0.446,0.187,Borderline,1
15172,New Customers,United Kingdom,9,5,1624.05,324.81,9.9,106,227,-1.377,0.303,0.409,1.018,1.576,Champions,0.392,0.289,Settled,0
15173,At Risk,United Kingdom,381,7,1494.6,213.51,35.6,68,236,0.961,0.659,0.349,0.684,1.971,Hibernating,0.258,0.504,Core,0
15174,Hibernating,United Kingdom,323,2,481.46,240.73,,34,87,0.855,-0.555,-0.469,0.531,1.321,At Risk,0.287,0.433,Settled,0
15175,Hibernating,United Kingdom,72,1,224.14,224.14,,23,0,-0.102,-1.057,-1.02,1.005,1.337,New Customers,0.429,0.198,Borderline,1
15176,Hibernating,United Kingdom,668,1,988.04,988.04,,52,0,1.32,-1.057,0.05,1.068,1.681,At Risk,0.389,0.325,Settled,0
15177,Hibernating,United Kingdom,426,1,948.93,948.93,,26,0,1.032,-1.057,0.021,0.956,1.548,At Risk,0.382,0.333,Settled,0
15178,Hibernating,United Kingdom,260,1,40.5,40.5,,3,0,0.716,-1.057,-2.243,1.364,2.671,New Customers,0.338,0.46,Settled,0
15179,Champions,United Kingdom,18,13,7491.92,576.3,42.4,225,718,-0.965,1.352,1.514,0.296,2.033,At Risk,0.127,0.493,Settled,0
15180,At Risk,United Kingdom,367,3,904.43,301.48,61.0,46,221,0.937,-0.199,-0.014,0.859,1.11,Hibernating,0.436,0.136,Borderline,1
15181,At Risk,United Kingdom,66,5,1200.2,240.04,86.1,15,664,-0.157,0.303,0.19,0.599,1.046,New Customers,0.364,0.263,Settled,0
15182,At Risk,United Kingdom,154,11,2998.95,272.63,45.6,77,502,0.382,1.161,0.852,0.966,1.641,Champions,0.371,0.352,Settled,0
15183,Hibernating,United Kingdom,548,3,639.93,213.31,1.5,33,36,1.193,-0.199,-0.264,0.973,1.171,At Risk,0.454,0.141,Borderline,1
15184,New Customers,United Kingdom,29,4,689.95,172.49,75.5,72,694,-0.672,0.077,-0.21,0.441,1.261,At Risk,0.259,0.358,Settled,0
15185,Hibernating,United Kingdom,70,1,310.62,310.62,,21,0,-0.119,-1.057,-0.785,1.022,1.204,New Customers,0.459,0.125,Borderline,1
15186,New Customers,United Kingdom,14,5,1403.2,280.64,80.4,29,682,-1.117,0.303,0.303,0.85,1.514,At Risk,0.36,0.316,Settled,0
15187,Champions,United Kingdom,2,15,4762.18,317.48,12.7,60,210,-2.15,1.517,1.186,1.031,2.639,New Customers,0.281,0.467,Settled,0
15188,Hibernating,United Kingdom,725,1,310.43,310.43,,23,0,1.373,-1.057,-0.786,0.545,2.066,At Risk,0.209,0.613,Core,0
15189,Champions,United Kingdom,1,46,17524.38,380.96,12.6,90,507,-2.41,2.851,2.128,1.988,4.157,At Risk,0.323,0.473,Settled,0
15190,Hibernating,United Kingdom,434,1,834.44,834.44,,40,0,1.044,-1.057,-0.072,0.869,1.581,At Risk,0.355,0.384,Settled,0
15191,Hibernating,United Kingdom,463,3,588.05,196.02,112.5,33,225,1.086,-0.199,-0.325,0.903,1.139,At Risk,0.442,0.166,Borderline,1
15192,At Risk,United Kingdom,120,5,1981.39,396.28,54.7,56,560,0.223,0.303,0.552,0.206,1.496,New Customers,0.121,0.514,Core,0
15193,New Customers,United Kingdom,61,1,499.32,499.32,,19,0,-0.206,-1.057,-0.443,1.034,1.193,Hibernating,0.464,0.069,Borderline,1
15194,Champions,United Kingdom,3,28,12427.69,443.85,27.3,274,733,-1.966,2.254,1.88,1.216,3.391,At Risk,0.264,0.536,Core,0
15195,New Customers,United Kingdom,3,1,3861.0,3861.0,,1,0,-1.966,-1.057,1.035,1.833,2.745,Champions,0.4,0.298,Settled,0
15196,Hibernating,United Kingdom,433,2,316.25,158.12,,34,293,1.043,-0.555,-0.772,0.372,1.611,At Risk,0.188,0.555,Core,0
15197,New Customers,United Kingdom,11,6,1877.51,312.92,103.9,44,717,-1.26,0.494,0.514,1.163,1.348,Champions,0.463,0.134,Borderline,1
15198,At Risk,United Kingdom,92,5,571.35,114.27,101.8,28,597,0.054,0.303,-0.346,0.849,1.126,New Customers,0.43,0.18,Borderline,1
15199,At Risk,United Kingdom,59,10,3122.4,312.24,33.1,17,516,-0.227,1.053,0.881,1.079,1.132,Champions,0.488,0.107,Borderline,1
15200,Hibernating,United Kingdom,495,1,549.05,549.05,,30,0,1.128,-1.057,-0.375,0.617,1.736,At Risk,0.262,0.526,Core,0
15201,At Risk,United Kingdom,87,7,1842.95,263.28,70.9,44,524,0.018,0.659,0.5,0.528,1.519,New Customers,0.258,0.459,Settled,0
15203,Champions,United Kingdom,26,15,4400.18,293.35,25.6,150,705,-0.74,1.517,1.129,0.455,1.808,At Risk,0.201,0.429,Settled,0
15204,Hibernating,United Kingdom,357,1,316.58,316.58,,9,0,0.919,-1.057,-0.772,0.239,1.884,At Risk,0.113,0.641,Core,0
15205,New Customers,United Kingdom,85,2,653.24,326.62,,37,42,0.004,-0.555,-0.249,0.926,1.133,Hibernating,0.45,0.088,Borderline,1
15206,New Customers,United Kingdom,10,4,420.3,105.08,34.3,3,265,-1.316,0.077,-0.567,0.659,1.99,At Risk,0.249,0.485,Settled,0
15207,Hibernating,United Kingdom,416,3,683.92,227.97,61.5,19,130,1.017,-0.199,-0.216,0.964,1.026,At Risk,0.484,0.063,Borderline,1
15208,New Customers,United Kingdom,1,6,970.52,161.75,58.8,27,422,-2.41,0.494,0.037,1.742,2.113,Champions,0.452,0.174,Borderline,1
15209,Hibernating,United Kingdom,730,1,178.98,178.98,,13,0,1.377,-1.057,-1.182,0.605,2.324,At Risk,0.207,0.637,Core,0
15210,At Risk,United Kingdom,225,3,1176.19,392.06,22.0,66,350,0.624,-0.199,0.176,0.6,1.291,Hibernating,0.317,0.339,Settled,0
15211,New Customers,United Kingdom,60,2,1277.48,638.74,,52,304,-0.217,-0.555,0.235,0.862,1.06,At Risk,0.448,0.099,Borderline,1
15212,Hibernating,United Kingdom,241,2,208.28,104.14,,7,135,0.668,-0.555,-1.073,0.408,1.75,At Risk,0.189,0.559,Core,0
15213,Hibernating,United Kingdom,319,2,328.35,164.18,,22,11,0.847,-0.555,-0.745,0.346,1.521,At Risk,0.185,0.536,Core,0
15214,Champions,United Kingdom,2,8,1661.44,207.68,34.0,109,241,-2.15,0.805,0.425,1.562,1.809,New Customers,0.463,0.071,Borderline,1
15215,At Risk,United Kingdom,47,7,2422.43,346.06,100.0,85,566,-0.371,0.659,0.698,0.886,1.337,Champions,0.399,0.285,Settled,0
15216,New Customers,United Kingdom,88,2,486.09,243.04,,24,531,0.026,-0.555,-0.462,0.972,1.006,Hibernating,0.491,-0.015,Borderline,1
15217,Hibernating,United Kingdom,563,1,426.24,426.24,,28,0,1.211,-1.057,-0.557,0.519,1.863,At Risk,0.218,0.584,Core,0
15218,Champions,United Kingdom,11,22,11501.57,522.8,19.2,138,672,-1.26,1.967,1.824,0.647,2.733,At Risk,0.191,0.549,Core,0
15219,Hibernating,United Kingdom,176,2,685.45,342.72,,26,472,0.467,-0.555,-0.214,0.858,1.068,At Risk,0.445,0.162,Borderline,1
15220,At Risk,United Kingdom,52,6,1778.96,296.49,11.5,110,229,-0.307,0.494,0.475,0.728,1.222,New Customers,0.373,0.287,Settled,0
15221,At Risk,United Kingdom,366,4,2465.45,616.36,68.4,21,271,0.935,0.077,0.71,0.647,1.867,Hibernating,0.257,0.486,Settled,0
15222,At Risk,United Kingdom,319,11,3550.91,322.81,46.3,98,404,0.847,1.161,0.974,1.122,2.052,Champions,0.354,0.401,Settled,0
15223,At Risk,United Kingdom,226,5,1417.95,283.59,136.0,26,509,0.627,0.303,0.311,0.266,1.7,Hibernating,0.135,0.546,Core,0
15224,At Risk,United Kingdom,358,5,871.36,174.27,60.5,24,334,0.921,0.303,-0.041,0.712,1.449,Hibernating,0.329,0.36,Settled,0
15225,Hibernating,United Kingdom,234,1,409.4,409.4,,23,0,0.649,-1.057,-0.586,0.436,1.71,At Risk,0.203,0.558,Core,0
15226,Hibernating,United Kingdom,311,1,154.41,154.41,,8,0,0.831,-1.057,-1.288,0.435,2.147,New Customers,0.168,0.646,Core,0
15227,Champions,United Kingdom,37,9,2488.49,276.5,49.4,86,597,-0.521,0.935,0.717,1.071,1.152,At Risk,0.482,-0.027,Borderline,1
15228,At Risk,United Kingdom,66,6,5580.27,930.04,36.6,184,433,-0.157,0.494,1.301,1.045,1.431,Champions,0.422,0.243,Borderline,1
15229,Hibernating,United Kingdom,586,1,160.5,160.5,,9,0,1.236,-1.057,-1.261,0.544,2.324,At Risk,0.19,0.654,Core,0
15230,Hibernating,United Kingdom,239,2,429.6,214.8,,23,1,0.662,-0.555,-0.552,0.513,1.326,At Risk,0.279,0.432,Settled,0
15231,Hibernating,United Kingdom,621,1,250.26,250.26,,14,0,1.274,-1.057,-0.941,0.444,2.118,At Risk,0.173,0.647,Core,0
15232,Hibernating,United Kingdom,113,2,612.06,306.03,,26,27,0.185,-0.555,-0.296,0.97,1.102,New Customers,0.468,0.122,Borderline,1
15233,Hibernating,United Kingdom,401,1,59.4,59.4,,1,0,0.993,-1.057,-1.972,1.093,2.663,New Customers,0.291,0.547,Core,0
15234,Hibernating,United Kingdom,277,1,197.0,197.0,,14,0,0.757,-1.057,-1.113,0.312,2.006,New Customers,0.134,0.644,Core,0
15235,At Risk,United Kingdom,218,16,2937.81,183.61,10.6,161,170,0.604,1.592,0.837,1.38,1.814,Champions,0.432,0.238,Borderline,1
15236,Hibernating,United Kingdom,299,1,321.05,321.05,,15,0,0.806,-1.057,-0.762,0.252,1.848,At Risk,0.12,0.628,Core,0
15237,New Customers,United Kingdom,2,4,1412.32,353.08,41.2,94,225,-2.15,0.077,0.308,1.43,2.066,Champions,0.409,0.279,Settled,0
15238,New Customers,United Kingdom,29,3,1071.99,357.33,11.5,49,154,-0.672,-0.199,0.109,0.427,1.215,At Risk,0.26,0.351,Settled,0
15239,New Customers,United Kingdom,10,2,780.59,390.3,,48,68,-1.316,-0.555,-0.121,0.511,1.984,At Risk,0.205,0.522,Core,0
15240,Champions,United Kingdom,45,12,4459.98,371.66,37.0,134,689,-0.398,1.26,1.139,0.816,1.435,At Risk,0.362,0.218,Borderline,1
15241,At Risk,United Kingdom,67,11,3050.16,277.29,50.7,120,587,-0.147,1.161,0.864,1.111,1.165,Champions,0.488,0.109,Borderline,1
15242,Hibernating,United Kingdom,422,1,302.04,302.04,,4,0,1.026,-1.057,-0.806,0.264,1.938,At Risk,0.12,0.65,Core,0
15243,New Customers,United Kingdom,74,2,927.28,463.64,,56,360,-0.084,-0.555,0.004,0.877,1.061,At Risk,0.453,0.095,Borderline,1
15244,New Customers,United Kingdom,65,3,912.08,304.03,117.5,44,600,-0.166,-0.199,-0.008,0.767,0.863,At Risk,0.47,0.037,Borderline,1
15245,At Risk,United Kingdom,134,8,4610.84,576.36,38.0,72,461,0.293,0.805,1.163,0.898,1.616,Champions,0.357,0.368,Settled,0
15246,At Risk,United Kingdom,238,3,780.4,260.13,38.5,45,317,0.66,-0.199,-0.121,0.787,1.048,Hibernating,0.429,0.139,Borderline,1
15247,At Risk,United Kingdom,122,3,976.06,325.35,147.5,13,414,0.233,-0.199,0.041,0.647,1.162,New Customers,0.358,0.297,Settled,0
15248,At Risk,United Kingdom,411,3,1893.93,631.31,3.5,103,122,1.009,-0.199,0.52,0.793,1.575,Hibernating,0.335,0.358,Settled,0
15249,Champions,United Kingdom,32,18,9266.0,514.78,39.7,304,591,-0.611,1.73,1.667,0.637,2.145,At Risk,0.229,0.452,Settled,0
15250,Hibernating,United Kingdom,641,1,60.0,60.0,,3,0,1.294,-1.057,-1.965,1.157,2.879,New Customers,0.287,0.562,Core,0
15251,Champions,United Kingdom,9,21,20324.54,967.84,37.3,183,670,-1.377,1.912,2.235,0.986,3.0,At Risk,0.247,0.52,Core,0
15252,At Risk,United Kingdom,36,5,2103.41,420.68,72.2,106,575,-0.538,0.303,0.596,0.943,1.094,New Customers,0.463,0.112,Borderline,1
15253,Champions,United Kingdom,16,8,2055.09,256.89,74.0,102,570,-1.037,0.805,0.579,1.073,1.39,New Customers,0.436,0.126,Borderline,1
15254,At Risk,United Kingdom,127,3,1088.35,362.78,202.5,64,433,0.259,-0.199,0.12,0.596,1.208,New Customers,0.33,0.336,Settled,0
15255,At Risk,United Kingdom,67,9,3729.42,414.38,109.7,137,670,-0.147,0.935,1.01,1.018,1.207,Champions,0.458,0.173,Borderline,1
15256,Hibernating,United Kingdom,149,2,170.4,85.2,,6,413,0.361,-0.555,-1.218,0.678,1.603,New Customers,0.297,0.44,Settled,0
15257,Hibernating,United Kingdom,283,2,685.9,342.95,,11,130,0.77,-0.555,-0.214,0.761,1.131,At Risk,0.402,0.255,Settled,0
15258,Hibernating,United Kingdom,169,2,623.16,311.58,,32,48,0.441,-0.555,-0.283,0.817,1.11,At Risk,0.424,0.205,Borderline,1
15259,At Risk,United Kingdom,513,4,1182.38,295.59,40.3,50,169,1.151,0.077,0.179,0.83,1.459,Hibernating,0.363,0.314,Settled,0
15260,Champions,United Kingdom,100,25,9188.23,367.53,29.6,186,633,0.107,2.118,1.661,1.403,2.22,At Risk,0.387,0.252,Settled,0
15261,At Risk,United Kingdom,135,4,1508.0,377.0,103.8,87,299,0.298,0.077,0.355,0.245,1.383,New Customers,0.151,0.483,Settled,0
15262,Hibernating,United Kingdom,324,3,418.82,139.61,25.5,22,164,0.857,-0.199,-0.57,0.742,1.21,At Risk,0.38,0.282,Settled,0
15263,Hibernating,United Kingdom,107,1,156.51,156.51,,12,0,0.15,-1.057,-1.279,0.842,1.647,New Customers,0.338,0.392,Settled,0
15264,New Customers,United Kingdom,64,2,848.4,424.2,,52,466,-0.176,-0.555,-0.06,0.776,1.131,At Risk,0.407,0.187,Borderline,1
15265,At Risk,United Kingdom,151,4,3345.64,836.41,124.3,179,586,0.369,0.077,0.931,0.541,1.763,New Customers,0.235,0.498,Settled,0
15266,At Risk,United Kingdom,338,5,852.21,170.44,99.0,38,363,0.884,0.303,-0.057,0.696,1.439,Hibernating,0.326,0.362,Settled,0
15267,New Customers,United Kingdom,22,5,1717.36,343.47,33.1,8,160,-0.843,0.303,0.449,0.923,1.234,At Risk,0.428,0.16,Borderline,1
15268,At Risk,United Kingdom,479,3,961.9,320.63,63.5,21,126,1.107,-0.199,0.03,0.957,1.167,Hibernating,0.45,0.11,Borderline,1
15269,New Customers,United Kingdom,24,3,1225.36,408.45,173.5,33,366,-0.789,-0.199,0.205,0.472,1.298,At Risk,0.267,0.366,Settled,0
15270,Champions,United Kingdom,16,21,8524.86,405.95,49.8,66,706,-1.037,1.912,1.607,0.46,2.459,At Risk,0.158,0.537,Core,0
15271,Champions,United Kingdom,7,24,4709.54,196.23,18.9,369,483,-1.521,2.07,1.178,0.681,2.716,At Risk,0.201,0.542,Core,0
15272,At Risk,United Kingdom,57,6,2085.48,347.58,123.0,257,605,-0.249,0.494,0.589,0.689,1.32,New Customers,0.343,0.342,Settled,0
15273,Hibernating,United Kingdom,600,1,228.96,228.96,,1,0,1.252,-1.057,-1.005,0.435,2.151,At Risk,0.168,0.654,Core,0
15274,New Customers,United Kingdom,4,2,716.57,358.28,,44,14,-1.822,-0.555,-0.182,0.969,2.448,At Risk,0.284,0.496,Settled,0
15275,New Customers,United Kingdom,38,1,615.14,615.14,,41,0,-0.504,-1.057,-0.293,0.845,1.523,Hibernating,0.357,0.303,Settled,0
15276,New Customers,United Kingdom,66,4,649.53,162.38,146.1,160,368,-0.157,0.077,-0.253,0.826,0.904,At Risk,0.477,0.019,Borderline,1
15277,New Customers,United Kingdom,47,2,476.34,238.17,,23,378,-0.371,-0.555,-0.477,0.62,1.354,Hibernating,0.314,0.337,Settled,0
15278,Hibernating,United Kingdom,562,4,496.16,124.04,49.0,29,103,1.21,0.077,-0.448,1.095,1.222,At Risk,0.473,0.086,Borderline,1
15279,At Risk,United Kingdom,355,5,1580.54,316.11,45.3,74,321,0.915,0.303,0.389,0.527,1.74,Hibernating,0.232,0.5,Core,0
15280,Hibernating,United Kingdom,172,3,406.22,135.41,116.5,48,399,0.452,-0.199,-0.592,0.846,1.138,At Risk,0.426,0.186,Borderline,1
15281,Champions,United Kingdom,59,16,8543.57,533.97,22.2,427,368,-0.227,1.592,1.609,0.942,1.86,At Risk,0.336,0.304,Settled,0
15282,Hibernating,United Kingdom,570,1,348.59,348.59,,27,0,1.219,-1.057,-0.702,0.442,1.947,At Risk,0.185,0.62,Core,0
15283,Hibernating,United Kingdom,390,3,148.33,49.44,33.0,9,127,0.976,-0.199,-1.317,0.788,1.91,At Risk,0.292,0.473,Settled,0
15284,Hibernating,United Kingdom,500,1,24.75,24.75,,1,0,1.135,-1.057,-2.588,1.716,3.186,New Customers,0.35,0.446,Settled,0
15285,Hibernating,United Kingdom,408,1,94.92,94.92,,6,0,1.005,-1.057,-1.637,0.771,2.467,New Customers,0.238,0.614,Core,0
15286,New Customers,United Kingdom,50,1,240.55,240.55,,3,0,-0.332,-1.057,-0.97,1.184,1.226,Hibernating,0.491,0.01,Borderline,1
15287,New Customers,United Kingdom,22,5,856.03,171.21,126.8,23,715,-0.843,0.303,-0.054,0.639,1.327,At Risk,0.325,0.32,Settled,0
15288,Champions,United Kingdom,43,10,3874.28,387.43,42.6,127,622,-0.426,1.053,1.037,0.915,1.271,At Risk,0.419,0.109,Borderline,1
15289,New Customers,United Kingdom,29,5,1593.09,318.62,41.4,67,592,-0.672,0.303,0.395,0.908,1.064,At Risk,0.461,0.074,Borderline,1
15290,Champions,United Kingdom,5,26,10496.28,403.7,16.6,106,649,-1.705,2.165,1.758,0.939,3.108,At Risk,0.232,0.552,Core,0
15291,Champions,United Kingdom,26,39,13801.56,353.89,20.2,115,710,-0.74,2.652,1.956,1.324,3.028,At Risk,0.304,0.451,Settled,0
15292,Hibernating,United Kingdom,201,1,180.94,180.94,,24,0,0.552,-1.057,-1.174,0.467,1.872,New Customers,0.2,0.579,Core,0
15293,Hibernating,United Kingdom,666,1,247.5,247.5,,19,0,1.318,-1.057,-0.949,0.485,2.142,At Risk,0.185,0.641,Core,0
15294,Hibernating,United Kingdom,411,1,233.35,233.35,,15,0,1.009,-1.057,-0.991,0.252,2.056,At Risk,0.109,0.669,Core,0
15295,Hibernating,United Kingdom,654,1,217.24,217.24,,50,0,1.307,-1.057,-1.043,0.492,2.199,At Risk,0.183,0.648,Core,0
15296,Champions,United Kingdom,51,12,10342.83,861.9,41.3,342,636,-0.319,1.26,1.747,0.945,1.78,At Risk,0.347,0.277,Settled,0
15297,New Customers,United Kingdom,10,3,641.94,213.98,7.5,30,53,-1.316,-0.199,-0.262,0.442,1.907,At Risk,0.188,0.523,Core,0
15298,Champions,United Kingdom,2,23,9459.37,411.28,19.2,199,729,-2.15,2.019,1.682,1.171,3.273,New Customers,0.264,0.53,Core,0
15299,Champions,United Kingdom,67,9,7391.54,821.28,94.8,8,629,-0.147,0.935,1.504,1.165,1.361,At Risk,0.461,0.022,Borderline,1
15300,New Customers,United Kingdom,64,1,496.44,496.44,,28,0,-0.176,-1.057,-0.447,1.055,1.164,Hibernating,0.475,0.039,Borderline,1
15301,Champions,United Kingdom,51,17,7603.44,447.26,23.4,231,399,-0.319,1.663,1.525,0.841,1.892,At Risk,0.308,0.345,Settled,0
15302,Hibernating,United Kingdom,730,1,308.0,308.0,,15,0,1.377,-1.057,-0.792,0.548,2.071,At Risk,0.209,0.613,Core,0
15303,At Risk,United Kingdom,290,3,1224.18,408.06,78.5,63,393,0.786,-0.199,0.204,0.669,1.294,Hibernating,0.341,0.314,Settled,0
15304,At Risk,United Kingdom,61,9,919.55,102.17,25.6,8,360,-0.206,0.935,-0.002,0.981,1.437,New Customers,0.406,0.25,Settled,0
15305,Hibernating,United Kingdom,555,1,93.6,93.6,,5,0,1.202,-1.057,-1.647,0.835,2.608,At Risk,0.243,0.616,Core,0
15306,At Risk,United Kingdom,64,9,3484.73,387.19,106.8,123,594,-0.176,0.935,0.96,1.008,1.199,Champions,0.457,0.175,Borderline,1
15307,Hibernating,United Kingdom,96,1,205.3,205.3,,12,0,0.081,-1.057,-1.084,0.84,1.486,New Customers,0.361,0.339,Settled,0
15308,Hibernating,United Kingdom,274,1,310.47,310.47,,19,0,0.75,-1.057,-0.786,0.261,1.852,At Risk,0.124,0.624,Core,0
15309,At Risk,United Kingdom,611,4,797.96,199.49,30.7,49,124,1.263,0.077,-0.105,1.047,1.291,Hibernating,0.448,0.131,Borderline,1
15310,Hibernating,United Kingdom,479,1,1634.64,1634.64,,45,0,1.107,-1.057,0.413,1.35,1.526,At Risk,0.469,0.125,Borderline,1
15311,Champions,United Kingdom,1,207,116476.16,562.69,2.9,863,738,-2.41,4.693,3.498,4.021,6.051,At Risk,0.399,0.325,Settled,0
15312,At Risk,United Kingdom,75,12,2930.19,244.18,45.5,118,648,-0.076,1.26,0.835,1.149,1.211,Champions,0.487,0.112,Borderline,1
15313,Hibernating,United Kingdom,110,1,52.0,52.0,,1,0,0.167,-1.057,-2.066,1.377,2.236,New Customers,0.381,0.352,Settled,0
15314,At Risk,United Kingdom,199,3,820.45,273.48,99.5,49,228,0.545,-0.199,-0.085,0.729,1.104,Hibernating,0.398,0.199,Borderline,1
15315,New Customers,United Kingdom,64,2,570.5,285.25,,35,51,-0.176,-0.555,-0.347,0.761,1.23,Hibernating,0.382,0.227,Borderline,1
15316,Hibernating,United Kingdom,327,1,165.0,165.0,,1,0,0.863,-1.057,-1.241,0.391,2.15,New Customers,0.154,0.656,Core,0
15317,Hibernating,United Kingdom,677,1,129.75,129.75,,5,0,1.329,-1.057,-1.413,0.709,2.471,At Risk,0.223,0.632,Core,0
15318,New Customers,United Kingdom,4,1,312.62,312.62,,33,0,-1.822,-1.057,-0.781,1.314,2.709,Hibernating,0.327,0.444,Settled,0
15319,Hibernating,United Kingdom,284,1,204.5,204.5,,16,0,0.773,-1.057,-1.086,0.288,2.008,New Customers,0.125,0.648,Core,0
15320,New Customers,United Kingdom,44,1,267.13,267.13,,36,0,-0.412,-1.057,-0.894,1.102,1.304,Hibernating,0.458,0.1,Borderline,1
15321,Champions,United Kingdom,71,12,6709.73,559.14,72.3,242,603,-0.11,1.26,1.434,1.063,1.481,At Risk,0.418,0.126,Borderline,1
15322,At Risk,United Kingdom,86,2,1390.86,695.43,,76,390,0.011,-0.555,0.297,0.937,1.078,New Customers,0.465,0.098,Borderline,1
15323,Hibernating,United Kingdom,563,3,434.6,144.87,0.5,29,99,1.211,-0.199,-0.543,0.824,1.366,At Risk,0.376,0.308,Settled,0
15324,Hibernating,United Kingdom,701,1,140.22,140.22,,8,0,1.351,-1.057,-1.358,0.686,2.439,At Risk,0.219,0.633,Core,0
15325,At Risk,United Kingdom,104,8,1602.01,200.25,91.4,164,557,0.132,0.805,0.399,0.577,1.639,New Customers,0.26,0.473,Settled,0
15326,At Risk,United Kingdom,334,5,1700.52,340.1,102.3,94,404,0.876,0.303,0.442,0.486,1.779,Hibernating,0.215,0.518,Core,0
15327,Hibernating,United Kingdom,53,1,208.75,208.75,,10,0,-0.295,-1.057,-1.072,1.2,1.266,New Customers,0.487,0.052,Borderline,1
15328,Hibernating,United Kingdom,408,1,107.24,107.24,,8,0,1.005,-1.057,-1.55,0.688,2.419,New Customers,0.221,0.63,Core,0
15329,Champions,United Kingdom,39,11,2984.33,271.3,54.0,98,686,-0.488,1.161,0.848,0.904,1.305,At Risk,0.409,0.132,Borderline,1
15330,New Customers,United Kingdom,32,2,714.96,357.48,,10,28,-0.611,-0.555,-0.184,0.377,1.449,At Risk,0.207,0.441,Settled,0
15331,Hibernating,United Kingdom,500,3,767.91,255.97,55.0,41,109,1.135,-0.199,-0.132,1.048,1.055,At Risk,0.498,0.026,Borderline,1
15332,At Risk,Lithuania,366,6,6553.74,1092.29,43.4,113,147,0.935,0.494,1.417,1.142,2.318,Champions,0.33,0.446,Settled,0
15333,Hibernating,United Kingdom,208,1,1028.56,1028.56,,16,0,0.574,-1.057,0.079,1.046,1.405,At Risk,0.427,0.226,Borderline,1
15334,Hibernating,United Kingdom,157,3,348.72,116.24,1.5,66,16,0.394,-0.199,-0.702,0.844,1.237,At Risk,0.406,0.231,Borderline,1
15335,Hibernating,United Kingdom,54,1,173.97,173.97,,34,0,-0.283,-1.057,-1.203,1.214,1.36,New Customers,0.472,0.094,Borderline,1
15336,Hibernating,United Kingdom,402,1,240.5,240.5,,15,0,0.995,-1.057,-0.97,0.238,2.037,At Risk,0.105,0.667,Core,0
15337,Hibernating,United Kingdom,411,1,373.02,373.02,,21,0,1.009,-1.057,-0.653,0.343,1.838,At Risk,0.157,0.62,Core,0
15338,Hibernating,United Kingdom,677,1,283.43,283.43,,56,0,1.329,-1.057,-0.851,0.495,2.085,At Risk,0.192,0.629,Core,0
15339,At Risk,United Kingdom,66,7,1827.84,261.12,86.1,162,602,-0.157,0.659,0.494,0.663,1.418,New Customers,0.319,0.387,Settled,0
15340,Hibernating,United Kingdom,562,1,105.5,105.5,,7,0,1.21,-1.057,-1.562,0.764,2.543,At Risk,0.231,0.627,Core,0
15341,At Risk,United Kingdom,81,2,2402.72,1201.36,,22,368,-0.027,-0.555,0.692,0.978,1.296,New Customers,0.43,0.18,Borderline,1
15342,Hibernating,United Kingdom,130,1,406.09,406.09,,24,0,0.274,-1.057,-0.592,0.706,1.427,New Customers,0.331,0.383,Settled,0
15343,Hibernating,United Kingdom,87,1,364.5,364.5,,21,0,0.018,-1.057,-0.67,0.911,1.252,New Customers,0.421,0.212,Borderline,1
15344,New Customers,United Kingdom,1,3,563.94,187.98,5.0,21,73,-2.41,-0.199,-0.355,1.53,2.753,Champions,0.357,0.402,Settled,0
15345,New Customers,United Kingdom,46,1,393.54,393.54,,20,0,-0.384,-1.057,-0.615,0.978,1.308,Hibernating,0.428,0.163,Borderline,1
15346,Hibernating,United Kingdom,333,3,596.12,198.71,43.5,36,98,0.875,-0.199,-0.315,0.886,1.017,At Risk,0.465,0.108,Borderline,1
15347,At Risk,United Kingdom,366,4,1363.6,340.9,10.3,29,71,0.935,0.077,0.282,0.604,1.513,Hibernating,0.285,0.42,Settled,0
15348,Hibernating,United Kingdom,72,1,158.04,158.04,,9,0,-0.102,-1.057,-1.272,1.064,1.497,New Customers,0.416,0.237,Borderline,1
15349,Hibernating,United Kingdom,158,2,473.81,236.9,,65,29,0.398,-0.555,-0.481,0.708,1.245,At Risk,0.362,0.316,Settled,0
15350,Hibernating,United Kingdom,373,2,663.25,331.62,,26,9,0.947,-0.555,-0.238,0.735,1.215,At Risk,0.377,0.311,Settled,0
15351,Champions,United Kingdom,12,10,3738.29,373.83,86.5,201,420,-1.209,1.053,1.011,0.6,1.864,At Risk,0.243,0.432,Settled,0
15352,Hibernating,United Kingdom,549,1,114.95,114.95,,34,0,1.195,-1.057,-1.5,0.704,2.49,At Risk,0.22,0.636,Core,0
15353,At Risk,United Kingdom,255,7,3175.95,453.71,59.2,274,483,0.704,0.659,0.893,0.667,2.089,Champions,0.242,0.547,Core,0
15355,New Customers,United Kingdom,29,2,277.05,138.52,,9,23,-0.672,-0.555,-0.868,0.706,1.58,Hibernating,0.309,0.376,Settled,0
15356,Champions,United Kingdom,31,13,3464.95,266.53,16.5,290,390,-0.631,1.352,0.956,0.669,1.563,At Risk,0.3,0.318,Settled,0
15358,Champions,United Kingdom,5,42,17050.41,405.96,14.9,359,727,-1.705,2.741,2.108,1.53,3.634,At Risk,0.296,0.501,Core,0
15359,Hibernating,United Kingdom,663,8,181.35,22.67,5.6,10,30,1.316,0.805,-1.173,1.744,1.924,At Risk,0.476,0.081,Borderline,1
15360,New Customers,United Kingdom,40,1,427.93,427.93,,13,0,-0.472,-1.057,-0.554,0.913,1.407,Hibernating,0.394,0.237,Borderline,1
15361,At Risk,United Kingdom,362,4,689.07,172.27,73.8,10,181,0.928,0.077,-0.211,0.866,1.168,Hibernating,0.426,0.168,Borderline,1
15362,Hibernating,United Kingdom,449,2,613.08,306.54,,38,290,1.066,-0.555,-0.295,0.706,1.304,At Risk,0.351,0.361,Settled,0
15363,Hibernating,United Kingdom,373,2,1004.11,502.06,,32,120,0.947,-0.555,0.061,1.014,1.078,At Risk,0.485,0.081,Borderline,1
15364,At Risk,United Kingdom,96,2,913.19,456.6,,29,158,0.081,-0.555,-0.007,1.003,1.028,New Customers,0.494,0.031,Borderline,1
15365,Champions,United Kingdom,26,13,4557.13,350.55,74.4,126,647,-0.74,1.352,1.154,0.48,1.71,At Risk,0.219,0.406,Settled,0
15366,At Risk,United Kingdom,75,7,2389.08,341.3,86.9,86,576,-0.076,0.659,0.688,0.647,1.529,Champions,0.297,0.439,Settled,0
15367,Champions,United Kingdom,57,11,5081.33,461.94,62.6,214,671,-0.249,1.161,1.233,0.969,1.344,At Risk,0.419,0.111,Borderline,1
15368,New Customers,United Kingdom,21,2,722.74,361.37,,8,372,-0.871,-0.555,-0.176,0.259,1.637,At Risk,0.137,0.502,Core,0
15369,At Risk,United Kingdom,492,11,6251.26,568.3,28.5,44,239,1.124,1.161,1.383,1.483,2.289,Champions,0.393,0.33,Settled,0
15370,Champions,United Kingdom,41,8,3739.01,467.38,28.9,90,369,-0.456,0.805,1.011,1.056,1.147,At Risk,0.479,-0.026,Borderline,1
15371,Hibernating,United Kingdom,662,1,59.4,59.4,,1,0,1.315,-1.057,-1.972,1.171,2.899,New Customers,0.288,0.56,Core,0
15372,At Risk,United Kingdom,137,8,6017.06,752.13,111.3,45,526,0.307,0.805,1.355,1.059,1.617,Champions,0.396,0.303,Settled,0
15373,Champions,United Kingdom,8,17,3421.39,201.26,26.7,107,578,-1.445,1.663,0.947,0.529,2.349,At Risk,0.184,0.52,Core,0
15374,Hibernating,United Kingdom,129,2,307.32,153.66,,8,495,0.269,-0.555,-0.793,0.69,1.305,New Customers,0.346,0.345,Settled,0
15375,Hibernating,United Kingdom,690,1,60.96,60.96,,6,0,1.341,-1.057,-1.953,1.165,2.901,At Risk,0.287,0.561,Core,0
15376,New Customers,United Kingdom,40,3,1233.36,411.12,14.0,100,182,-0.472,-0.199,0.21,0.625,1.017,At Risk,0.381,0.195,Borderline,1
15377,At Risk,United Kingdom,383,4,1211.75,302.94,8.3,15,32,0.964,0.077,0.197,0.656,1.449,Hibernating,0.312,0.383,Settled,0
15378,Hibernating,United Kingdom,463,2,246.5,123.25,,8,39,1.086,-0.555,-0.952,0.374,1.766,At Risk,0.175,0.583,Core,0
15379,At Risk,United Kingdom,169,8,4877.84,609.73,18.3,177,231,0.441,0.805,1.204,0.928,1.744,Champions,0.347,0.391,Settled,0
15380,Champions,United Kingdom,9,11,3479.06,316.28,58.8,27,729,-1.377,1.161,0.959,0.6,1.959,New Customers,0.234,0.453,Settled,0
15381,At Risk,United Kingdom,214,5,1890.57,378.11,46.1,20,369,0.592,0.303,0.519,0.219,1.772,New Customers,0.11,0.576,Core,0
15382,Champions,United Kingdom,15,12,13733.55,1144.46,40.7,315,720,-1.076,1.26,1.952,0.66,2.323,At Risk,0.221,0.475,Settled,0
15384,At Risk,United Kingdom,170,4,2027.79,506.95,84.6,83,422,0.445,0.077,0.569,0.258,1.607,New Customers,0.138,0.532,Core,0
15385,New Customers,United Kingdom,40,3,942.08,314.03,33.5,18,637,-0.472,-0.199,0.015,0.502,1.076,At Risk,0.318,0.274,Settled,0
15386,Hibernating,United Kingdom,186,1,394.14,394.14,,31,0,0.502,-1.057,-0.614,0.512,1.623,New Customers,0.24,0.516,Core,0
15387,Hibernating,United Kingdom,492,1,468.65,468.65,,20,0,1.124,-1.057,-0.489,0.52,1.79,At Risk,0.225,0.569,Core,0
15388,Hibernating,Canada,270,1,140.54,140.54,,10,0,0.74,-1.057,-1.356,0.512,2.11,New Customers,0.195,0.619,Core,0
15389,At Risk,United Kingdom,172,5,2733.8,546.76,79.8,2,509,0.452,0.303,0.785,0.357,1.796,New Customers,0.166,0.552,Core,0
15390,At Risk,Canada,396,2,1216.66,608.33,,77,12,0.985,-0.555,0.2,1.06,1.15,Hibernating,0.48,0.019,Borderline,1
15391,Hibernating,United Kingdom,584,1,289.87,289.87,,12,0,1.234,-1.057,-0.835,0.413,2.034,At Risk,0.169,0.641,Core,0
15392,Champions,United Kingdom,5,7,2911.62,415.95,90.9,100,426,-1.705,0.659,0.831,1.173,1.659,New Customers,0.414,0.179,Borderline,1
15393,New Customers,United Kingdom,16,5,891.34,178.27,104.3,37,707,-1.037,0.303,-0.025,0.664,1.499,At Risk,0.307,0.373,Settled,0
15394,Champions,United Kingdom,10,11,5286.8,480.62,52.5,129,714,-1.316,1.161,1.262,0.43,2.088,At Risk,0.171,0.499,Settled,0
15395,Hibernating,United Kingdom,326,1,107.45,107.45,,7,0,0.861,-1.057,-1.549,0.675,2.308,New Customers,0.226,0.613,Core,0
15396,At Risk,United Kingdom,113,2,796.38,398.19,,16,471,0.185,-0.555,-0.106,1.024,1.099,Hibernating,0.482,0.017,Borderline,1
15397,Hibernating,United Kingdom,290,1,94.0,94.0,,6,0,0.786,-1.057,-1.644,0.772,2.308,New Customers,0.251,0.583,Core,0
15398,New Customers,United Kingdom,16,2,1345.53,672.77,,60,62,-1.037,-0.555,0.273,0.593,1.667,At Risk,0.262,0.429,Settled,0
15399,New Customers,United Kingdom,1,3,815.77,271.92,18.0,45,77,-2.41,-0.199,-0.089,1.534,2.596,Champions,0.371,0.37,Settled,0
15400,At Risk,United Kingdom,92,8,1302.3,162.79,40.2,16,468,0.054,0.805,0.249,0.642,1.538,New Customers,0.295,0.423,Settled,0
15401,Hibernating,United Kingdom,452,2,216.95,108.48,,14,116,1.07,-0.555,-1.044,0.389,1.833,At Risk,0.175,0.59,Core,0
15402,At Risk,United Kingdom,149,6,1830.12,305.02,53.5,78,443,0.361,0.494,0.495,0.215,1.657,New Customers,0.115,0.551,Core,0
15403,Hibernating,United Kingdom,492,2,170.88,85.44,,6,238,1.124,-0.555,-1.216,0.503,1.993,At Risk,0.201,0.591,Core,0
15404,Hibernating,United Kingdom,376,1,257.06,257.06,,16,0,0.952,-1.057,-0.922,0.21,1.992,At Risk,0.096,0.663,Core,0
15405,Hibernating,United Kingdom,189,2,659.84,329.92,,29,386,0.512,-0.555,-0.242,0.815,1.089,At Risk,0.428,0.198,Borderline,1
15406,New Customers,United Kingdom,31,4,975.87,243.97,110.5,108,422,-0.631,0.077,0.041,0.542,1.115,At Risk,0.327,0.274,Settled,0
15407,New Customers,United Kingdom,34,4,1056.44,264.11,45.6,142,271,-0.573,0.077,0.098,0.602,1.043,At Risk,0.366,0.218,Borderline,1
15408,Hibernating,United Kingdom,264,1,267.18,267.18,,34,0,0.726,-1.057,-0.894,0.247,1.895,New Customers,0.115,0.635,Core,0
15409,Hibernating,United Kingdom,721,1,131.25,131.25,,9,0,1.369,-1.057,-1.405,0.73,2.481,At Risk,0.227,0.627,Core,0
15410,At Risk,United Kingdom,84,10,4685.72,468.57,89.0,80,515,-0.004,1.053,1.175,1.135,1.243,Champions,0.477,0.132,Borderline,1
15411,New Customers,United Kingdom,26,4,1358.88,339.72,5.9,86,156,-0.74,0.077,0.28,0.665,1.161,At Risk,0.364,0.247,Borderline,1
15412,Hibernating,United Kingdom,171,1,190.53,190.53,,10,0,0.449,-1.057,-1.137,0.526,1.775,New Customers,0.229,0.54,Core,0
15413,At Risk,United Kingdom,692,5,6798.72,1359.74,8.2,20,47,1.343,0.303,1.444,1.388,2.661,Hibernating,0.343,0.416,Settled,0
15414,New Customers,United Kingdom,10,3,774.9,258.3,88.5,37,232,-1.316,-0.199,-0.126,0.457,1.862,At Risk,0.197,0.513,Core,0
15415,Hibernating,United Kingdom,313,1,572.81,572.81,,46,0,0.835,-1.057,-0.344,0.593,1.618,At Risk,0.268,0.499,Settled,0
15416,At Risk,United Kingdom,65,7,4572.82,653.26,73.5,189,611,-0.166,0.659,1.157,0.985,1.322,Champions,0.427,0.233,Borderline,1
15417,Hibernating,United Kingdom,85,1,508.8,508.8,,28,0,0.004,-1.057,-0.429,1.013,1.181,New Customers,0.462,0.125,Borderline,1
15418,Hibernating,United Kingdom,425,2,452.32,226.16,,64,161,1.031,-0.555,-0.514,0.518,1.422,At Risk,0.267,0.473,Settled,0
15419,New Customers,United Kingdom,25,1,135.86,135.86,,8,0,-0.764,-1.057,-1.38,1.368,1.721,Hibernating,0.443,0.162,Borderline,1
15420,At Risk,United Kingdom,434,6,743.0,123.83,40.4,52,300,1.044,0.494,-0.156,0.904,1.556,Hibernating,0.367,0.313,Settled,0
15421,Champions,United Kingdom,59,10,3805.34,380.53,41.9,170,673,-0.227,1.053,1.024,1.08,1.146,At Risk,0.485,-0.047,Borderline,1
15422,At Risk,United Kingdom,323,7,1619.97,231.42,43.4,80,347,0.855,0.659,0.407,0.594,2.007,Hibernating,0.228,0.536,Core,0
15423,New Customers,United Kingdom,38,3,266.89,88.96,251.5,13,583,-0.504,-0.199,-0.895,0.763,1.532,Hibernating,0.333,0.332,Settled,0
15424,Hibernating,United Kingdom,254,3,597.78,199.26,104.5,33,208,0.701,-0.199,-0.313,0.904,0.945,At Risk,0.489,0.051,Borderline,1
15425,At Risk,United Kingdom,400,4,1944.57,486.14,39.0,114,263,0.992,0.077,0.539,0.646,1.724,Hibernating,0.273,0.457,Settled,0
15426,Champions,United Kingdom,19,9,2615.39,290.6,69.6,327,567,-0.933,0.935,0.753,0.876,1.506,At Risk,0.368,0.248,Borderline,1
15427,New Customers,United Kingdom,33,3,1483.14,494.38,7.0,233,13,-0.592,-0.199,0.343,0.666,1.101,At Risk,0.377,0.215,Borderline,1
15428,New Customers,United Kingdom,15,4,762.75,190.69,117.6,39,706,-1.076,0.077,-0.137,0.44,1.588,At Risk,0.217,0.458,Settled,0
15429,New Customers,United Kingdom,27,2,397.35,198.68,,77,48,-0.717,-0.555,-0.608,0.473,1.65,Hibernating,0.223,0.465,Settled,0
15430,Hibernating,United Kingdom,468,2,954.75,477.38,,36,60,1.092,-0.555,0.025,1.0,1.172,At Risk,0.46,0.143,Borderline,1
15431,Hibernating,United Kingdom,503,1,153.24,153.24,,2,0,1.139,-1.057,-1.294,0.51,2.315,At Risk,0.18,0.66,Core,0
15432,New Customers,United Kingdom,23,2,320.76,160.38,,16,518,-0.815,-0.555,-0.762,0.58,1.726,Hibernating,0.251,0.454,Settled,0
15433,Hibernating,United Kingdom,214,2,533.3,266.65,,40,53,0.592,-0.555,-0.396,0.658,1.201,At Risk,0.354,0.329,Settled,0
15434,Champions,United Kingdom,8,11,2567.06,233.37,79.2,82,675,-1.445,1.161,0.74,0.787,1.852,New Customers,0.298,0.379,Settled,0
15435,New Customers,United Kingdom,22,1,149.29,149.29,,29,0,-0.843,-1.057,-1.313,1.307,1.779,Hibernating,0.424,0.212,Borderline,1
15436,New Customers,United Kingdom,12,3,1122.53,374.18,76.0,243,221,-1.209,-0.199,0.142,0.513,1.698,At Risk,0.232,0.467,Settled,0
15437,Hibernating,United Kingdom,262,2,393.45,196.73,,56,378,0.721,-0.555,-0.615,0.448,1.387,At Risk,0.244,0.473,Settled,0
15438,Hibernating,United Kingdom,131,1,156.58,156.58,,25,0,0.279,-1.057,-1.278,0.733,1.731,New Customers,0.298,0.46,Settled,0
15439,At Risk,United Kingdom,405,4,1269.05,317.26,103.6,49,248,1.0,0.077,0.23,0.676,1.477,Hibernating,0.314,0.384,Settled,0
15440,New Customers,United Kingdom,55,3,383.68,127.89,5.0,50,154,-0.272,-0.199,-0.633,0.737,1.348,At Risk,0.353,0.284,Settled,0
15441,At Risk,United Kingdom,396,3,1254.21,418.07,139.0,45,334,0.985,-0.199,0.222,0.799,1.31,Hibernating,0.379,0.264,Settled,0
15442,Hibernating,United Kingdom,249,1,594.0,594.0,,2,0,0.689,-1.057,-0.318,0.645,1.571,At Risk,0.291,0.463,Settled,0
15443,Champions,United Kingdom,2,14,5175.93,369.71,59.5,408,640,-2.15,1.437,1.246,1.028,2.618,New Customers,0.282,0.464,Settled,0
15444,New Customers,United Kingdom,9,2,1418.26,709.13,,191,31,-1.377,-0.555,0.311,0.781,1.964,At Risk,0.284,0.447,Settled,0
15445,Hibernating,United Kingdom,264,2,284.5,142.25,,12,326,0.726,-0.555,-0.849,0.346,1.572,At Risk,0.18,0.541,Core,0
15446,Hibernating,United Kingdom,377,3,403.95,134.65,77.0,89,349,0.954,-0.199,-0.596,0.734,1.272,At Risk,0.366,0.312,Settled,0
15447,At Risk,United Kingdom,331,5,492.88,98.58,75.5,27,294,0.871,0.303,-0.452,1.008,1.249,Hibernating,0.447,0.13,Borderline,1
15448,Hibernating,United Kingdom,313,2,788.81,394.4,,49,361,0.835,-0.555,-0.113,0.848,1.1,At Risk,0.435,0.194,Borderline,1
15449,New Customers,United Kingdom,26,3,974.52,324.84,41.5,47,235,-0.74,-0.199,0.04,0.337,1.293,At Risk,0.207,0.4,Settled,0
15450,New Customers,United Kingdom,30,1,429.84,429.84,,30,0,-0.651,-1.057,-0.551,0.846,1.581,Hibernating,0.349,0.328,Settled,0
15451,Hibernating,United Kingdom,434,2,233.21,116.6,,56,164,1.044,-0.555,-0.992,0.36,1.782,At Risk,0.168,0.587,Core,0
15452,At Risk,United Kingdom,30,6,1799.11,299.85,57.7,158,481,-0.651,0.494,0.483,1.063,1.106,New Customers,0.49,0.048,Borderline,1
15453,New Customers,United Kingdom,2,7,1388.37,198.34,8.3,169,185,-2.15,0.659,0.295,1.678,1.712,Champions,0.495,0.053,Borderline,1
15454,Hibernating,United Kingdom,362,2,305.59,152.8,,34,256,0.928,-0.555,-0.797,0.328,1.587,At Risk,0.171,0.556,Core,0
15455,Hibernating,United Kingdom,598,1,38.25,38.25,,2,0,1.249,-1.057,-2.283,1.443,3.049,New Customers,0.321,0.504,Core,0
15456,At Risk,United Kingdom,283,10,2119.27,211.93,31.1,128,448,0.77,1.053,0.601,0.869,2.105,Champions,0.292,0.494,Settled,0
15457,Hibernating,United Kingdom,262,1,237.07,237.07,,56,0,0.721,-1.057,-0.98,0.262,1.923,New Customers,0.12,0.637,Core,0
15458,New Customers,United Kingdom,25,2,370.44,185.22,,13,376,-0.764,-0.555,-0.658,0.5,1.687,Hibernating,0.228,0.467,Settled,0
15459,Hibernating,United Kingdom,417,2,202.83,101.42,,6,80,1.019,-0.555,-1.092,0.387,1.854,At Risk,0.173,0.593,Core,0
15460,Hibernating,United Kingdom,354,1,216.76,216.76,,53,0,0.914,-1.057,-1.045,0.244,2.067,At Risk,0.106,0.667,Core,0
15461,Hibernating,United Kingdom,461,2,429.7,214.85,,1,170,1.083,-0.555,-0.551,0.509,1.471,At Risk,0.257,0.489,Settled,0
15462,At Risk,United Kingdom,94,4,737.05,184.26,99.7,32,351,0.068,0.077,-0.162,0.71,1.033,New Customers,0.408,0.207,Borderline,1
15463,New Customers,United Kingdom,29,1,126.14,126.14,,7,0,-0.672,-1.057,-1.434,1.424,1.65,Hibernating,0.463,0.105,Borderline,1
15464,Hibernating,United Kingdom,338,1,1048.85,1048.85,,155,0,0.884,-1.057,0.093,1.015,1.475,At Risk,0.408,0.276,Settled,0
15465,Champions,United Kingdom,20,32,12655.65,395.49,21.9,94,710,-0.901,2.414,1.893,1.052,2.882,At Risk,0.267,0.491,Settled,0
15466,At Risk,United Kingdom,85,4,1571.01,392.75,71.0,211,651,0.004,0.077,0.385,0.444,1.156,New Customers,0.278,0.361,Settled,0
15467,New Customers,United Kingdom,9,3,524.88,174.96,64.5,41,142,-1.377,-0.199,-0.407,0.527,2.018,At Risk,0.207,0.526,Core,0
15468,New Customers,United Kingdom,51,3,1430.48,476.83,170.5,80,341,-0.319,-0.199,0.317,0.806,0.87,At Risk,0.481,0.018,Borderline,1
15469,New Customers,United Kingdom,50,3,874.25,291.42,124.0,38,388,-0.332,-0.199,-0.039,0.602,0.992,At Risk,0.378,0.195,Borderline,1
15470,Hibernating,United Kingdom,576,1,63.42,63.42,,4,0,1.225,-1.057,-1.925,1.098,2.803,New Customers,0.281,0.569,Core,0
15471,New Customers,United Kingdom,2,3,1316.56,438.85,104.0,122,548,-2.15,-0.199,0.257,1.362,2.294,Champions,0.373,0.359,Settled,0
15472,Hibernating,United Kingdom,113,1,371.56,371.56,,76,0,0.185,-1.057,-0.656,0.761,1.373,New Customers,0.357,0.338,Settled,0
15473,Champions,United Kingdom,14,8,2046.0,255.75,132.1,5,430,-1.117,0.805,0.576,1.071,1.399,New Customers,0.434,0.129,Borderline,1
15474,Hibernating,United Kingdom,596,1,163.1,163.1,,19,0,1.247,-1.057,-1.249,0.543,2.32,At Risk,0.19,0.654,Core,0
15475,Hibernating,United Kingdom,77,1,454.11,454.11,,29,0,-0.059,-1.057,-0.512,1.033,1.151,New Customers,0.473,0.095,Borderline,1
15476,At Risk,United Kingdom,380,4,2209.98,552.49,21.3,67,62,0.959,0.077,0.631,0.638,1.8,Hibernating,0.262,0.475,Settled,0
15477,Hibernating,United Kingdom,650,1,368.4,368.4,,2,0,1.303,-1.057,-0.662,0.526,1.962,At Risk,0.212,0.601,Core,0
15478,New Customers,United Kingdom,40,3,1982.48,660.83,251.5,52,534,-0.472,-0.199,0.553,0.905,0.999,At Risk,0.475,0.036,Borderline,1
15479,Hibernating,United Kingdom,733,1,147.4,147.4,,9,0,1.38,-1.057,-1.322,0.683,2.424,At Risk,0.22,0.631,Core,0
15480,At Risk,Malta,116,3,3592.25,1197.42,73.0,198,559,0.201,-0.199,0.982,0.759,1.644,New Customers,0.316,0.396,Settled,0
15481,Hibernating,Norway,401,1,1993.34,1993.34,,38,0,0.993,-1.057,0.557,1.477,1.481,At Risk,0.499,0.035,Borderline,1
15482,Champions,United Kingdom,16,18,14552.56,808.48,57.0,73,721,-1.037,1.73,1.994,0.673,2.558,At Risk,0.208,0.514,Core,0
15483,At Risk,United Kingdom,161,10,855.06,85.51,56.0,215,522,0.41,1.053,-0.055,0.906,1.889,New Customers,0.324,0.419,Settled,0
15484,Champions,United Kingdom,1,6,4656.0,776.0,170.8,180,732,-2.41,0.494,1.17,1.661,2.226,New Customers,0.427,0.177,Borderline,1
15485,Champions,United Kingdom,30,7,5771.51,824.5,121.2,80,707,-0.651,0.659,1.325,1.003,1.42,At Risk,0.414,0.136,Borderline,1
15486,Hibernating,United Kingdom,527,1,102.0,102.0,,1,0,1.168,-1.057,-1.586,0.768,2.549,At Risk,0.231,0.627,Core,0
15487,Hibernating,United Kingdom,680,1,231.32,231.32,,14,0,1.332,-1.057,-0.998,0.504,2.179,At Risk,0.188,0.642,Core,0
15488,At Risk,United Kingdom,93,5,431.92,86.38,143.1,10,490,0.061,0.303,-0.548,1.036,1.168,New Customers,0.47,0.102,Borderline,1
15489,Champions,United Kingdom,23,8,2419.61,302.45,51.0,75,670,-0.815,0.805,0.697,1.036,1.338,At Risk,0.437,0.105,Borderline,1
15490,Hibernating,United Kingdom,430,1,217.6,217.6,,22,0,1.038,-1.057,-1.042,0.289,2.1,At Risk,0.121,0.671,Core,0
15491,At Risk,United Kingdom,95,6,3100.09,516.68,28.8,108,140,0.074,0.494,0.876,0.581,1.667,Champions,0.258,0.48,Settled,0
15492,New Customers,United Kingdom,28,2,659.46,329.73,,32,46,-0.694,-0.555,-0.242,0.316,1.532,At Risk,0.171,0.474,Settled,0
15493,Champions,United Kingdom,33,9,4306.49,478.5,45.5,288,622,-0.592,0.935,1.114,0.846,1.358,At Risk,0.384,0.183,Borderline,1
15494,Champions,United Kingdom,21,5,3780.05,756.01,120.0,307,707,-0.871,0.303,1.019,1.307,1.391,At Risk,0.484,-0.008,Borderline,1
15495,Hibernating,United Kingdom,379,1,246.5,246.5,,20,0,0.957,-1.057,-0.952,0.217,2.014,At Risk,0.097,0.665,Core,0
15496,Hibernating,United Kingdom,631,1,146.14,146.14,,22,0,1.284,-1.057,-1.328,0.62,2.391,At Risk,0.206,0.644,Core,0
15497,Champions,United Kingdom,18,9,8657.39,961.93,86.0,66,703,-0.965,0.935,1.618,0.679,1.913,At Risk,0.262,0.396,Settled,0
15498,Champions,United Kingdom,3,44,26039.58,591.81,18.3,597,720,-1.966,2.798,2.415,1.843,3.97,At Risk,0.317,0.479,Settled,0
15499,Hibernating,United Kingdom,724,1,161.6,161.6,,40,0,1.372,-1.057,-1.256,0.638,2.373,At Risk,0.212,0.636,Core,0
15500,New Customers,United Kingdom,8,4,1131.56,282.89,21.7,64,73,-1.445,0.077,0.148,0.781,1.87,At Risk,0.295,0.44,Settled,0
15501,Hibernating,United Kingdom,405,2,402.5,201.25,,64,10,1.0,-0.555,-0.599,0.449,1.467,At Risk,0.234,0.505,Core,0
15502,Champions,United Kingdom,16,12,10532.52,877.71,51.2,230,539,-1.037,1.26,1.76,0.5,2.177,At Risk,0.187,0.483,Settled,0
15503,Hibernating,United Kingdom,363,2,267.15,133.57,,112,363,0.93,-0.555,-0.894,0.311,1.664,At Risk,0.157,0.573,Core,0
15504,New Customers,United Kingdom,81,4,412.6,103.15,173.1,41,584,-0.027,0.077,-0.581,1.001,1.118,At Risk,0.472,0.041,Borderline,1
15505,At Risk,United Kingdom,53,5,3610.96,722.19,7.5,90,102,-0.295,0.303,0.986,0.881,1.495,New Customers,0.371,0.316,Settled,0
15506,New Customers,United Kingdom,23,6,2040.03,340.0,79.6,180,454,-0.815,0.494,0.574,1.146,1.231,At Risk,0.482,0.033,Borderline,1
15507,Hibernating,United Kingdom,172,1,492.36,492.36,,41,0,0.452,-1.057,-0.453,0.649,1.551,New Customers,0.295,0.452,Settled,0
15508,At Risk,United Kingdom,189,6,1000.27,166.71,11.1,78,46,0.512,0.494,0.059,0.444,1.641,New Customers,0.213,0.51,Core,0
15509,Hibernating,United Kingdom,380,1,166.51,166.51,,26,0,0.959,-1.057,-1.234,0.393,2.218,At Risk,0.151,0.667,Core,0
15510,Hibernating,United Kingdom,331,1,250.0,250.0,,1,0,0.871,-1.057,-0.942,0.2,1.984,At Risk,0.091,0.659,Core,0
15511,New Customers,United Kingdom,12,5,909.23,181.85,9.2,117,73,-1.209,0.303,-0.01,0.727,1.66,At Risk,0.304,0.401,Settled,0
15512,Hibernating,United Kingdom,156,4,331.58,82.9,106.3,29,520,0.39,0.077,-0.738,1.07,1.191,At Risk,0.473,0.079,Borderline,1
15513,Champions,United Kingdom,33,35,27750.55,792.87,19.7,278,661,-0.592,2.521,2.461,1.574,3.17,At Risk,0.332,0.414,Settled,0
15514,Champions,United Kingdom,12,18,6594.77,366.38,54.1,170,722,-1.209,1.73,1.422,0.216,2.368,At Risk,0.084,0.553,Core,0
15515,Hibernating,United Kingdom,387,1,171.81,171.81,,7,0,0.971,-1.057,-1.212,0.377,2.204,At Risk,0.146,0.668,Core,0
15516,New Customers,United Kingdom,45,3,62.43,20.81,1.0,15,1,-0.398,-0.199,-1.936,1.765,1.77,Hibernating,0.499,-0.018,Borderline,1
15517,Hibernating,United Kingdom,233,1,267.03,267.03,,27,0,0.646,-1.057,-0.894,0.303,1.828,New Customers,0.142,0.611,Core,0
15518,Champions,United Kingdom,64,15,4218.94,281.26,38.8,250,655,-0.176,1.517,1.099,0.991,1.506,At Risk,0.397,0.166,Borderline,1
15519,Hibernating,United Kingdom,383,2,344.61,172.3,,34,63,0.964,-0.555,-0.711,0.372,1.534,At Risk,0.195,0.538,Core,0
15520,New Customers,United Kingdom,2,1,343.5,343.5,,18,0,-2.15,-1.057,-0.713,1.542,3.04,Hibernating,0.337,0.439,Settled,0
15521,Champions,United Kingdom,40,16,7096.09,443.51,39.2,185,663,-0.472,1.592,1.475,0.674,1.877,At Risk,0.264,0.388,Settled,0
15522,New Customers,United Kingdom,33,2,398.84,199.42,,47,54,-0.592,-0.555,-0.605,0.53,1.53,Hibernating,0.257,0.42,Settled,0
15523,Champions,United Kingdom,84,16,17359.99,1085.0,72.4,65,653,-0.004,1.592,2.121,1.365,2.168,At Risk,0.386,0.248,Borderline,1
15524,New Customers,United Kingdom,25,2,591.4,295.7,,9,582,-0.764,-0.555,-0.321,0.289,1.618,At Risk,0.152,0.498,Settled,0
15525,New Customers,United Kingdom,2,4,1293.2,323.3,162.2,151,380,-2.15,0.077,0.244,1.406,2.099,Champions,0.401,0.297,Settled,0
15526,New Customers,United Kingdom,33,2,148.44,74.22,,4,0,-0.592,-0.555,-1.317,1.141,1.557,Hibernating,0.423,0.188,Borderline,1
15527,Champions,United Kingdom,19,23,5574.79,242.38,25.1,225,705,-0.933,2.019,1.3,0.524,2.343,At Risk,0.183,0.508,Core,0
15528,Hibernating,United Kingdom,254,1,229.33,229.33,,26,0,0.701,-1.057,-1.004,0.282,1.915,New Customers,0.128,0.631,Core,0
15529,Champions,United Kingdom,23,12,5109.4,425.78,19.0,450,371,-0.815,1.26,1.237,0.439,1.744,At Risk,0.201,0.423,Settled,0
15530,New Customers,United Kingdom,22,5,1813.72,362.74,91.1,111,491,-0.843,0.303,0.489,0.953,1.235,At Risk,0.436,0.145,Borderline,1
15531,New Customers,United Kingdom,8,2,2007.44,1003.72,,196,22,-1.445,-0.555,0.562,1.011,2.025,At Risk,0.333,0.389,Settled,0
15532,Champions,United Kingdom,25,10,3750.25,375.02,54.5,416,523,-0.764,1.053,1.014,0.699,1.501,At Risk,0.318,0.298,Settled,0
15533,New Customers,United Kingdom,19,3,807.57,269.19,28.0,73,69,-0.933,-0.199,-0.096,0.188,1.507,At Risk,0.111,0.481,Settled,0
15534,Hibernating,United Kingdom,726,1,162.25,162.25,,8,0,1.374,-1.057,-1.253,0.638,2.372,At Risk,0.212,0.636,Core,0
15535,At Risk,United Kingdom,173,6,1087.82,181.3,31.5,88,275,0.456,0.494,0.119,0.38,1.605,New Customers,0.192,0.515,Core,0
15536,Hibernating,United Kingdom,409,1,259.09,259.09,,16,0,1.006,-1.057,-0.916,0.235,2.004,At Risk,0.105,0.664,Core,0
15537,Hibernating,United Kingdom,163,1,110.92,110.92,,24,0,0.418,-1.057,-1.526,0.798,1.978,New Customers,0.288,0.501,Core,0
15538,At Risk,United Kingdom,538,6,3358.4,559.73,22.5,3,125,1.182,0.494,0.934,0.958,2.303,Hibernating,0.294,0.483,Settled,0
15539,New Customers,United Kingdom,7,1,538.46,538.46,,41,0,-1.521,-1.057,-0.389,0.993,2.46,Hibernating,0.288,0.486,Settled,0
15540,New Customers,United Kingdom,11,2,460.68,230.34,,31,364,-1.26,-0.555,-0.501,0.517,2.077,At Risk,0.199,0.541,Core,0
15541,Hibernating,United Kingdom,114,1,85.13,85.13,,29,0,0.19,-1.057,-1.715,1.082,1.973,New Customers,0.354,0.393,Settled,0
15542,At Risk,United Kingdom,512,3,918.45,306.15,112.5,212,225,1.15,-0.199,-0.003,1.003,1.15,Hibernating,0.466,0.072,Borderline,1
15543,Hibernating,United Kingdom,288,2,242.84,121.42,,50,171,0.782,-0.555,-0.963,0.327,1.679,At Risk,0.163,0.567,Core,0
15544,Champions,United Kingdom,9,20,8162.43,408.12,26.7,175,671,-1.377,1.854,1.576,0.455,2.622,At Risk,0.148,0.564,Core,0
15545,New Customers,United Kingdom,54,2,428.05,214.02,,78,316,-0.283,-0.555,-0.554,0.724,1.25,Hibernating,0.367,0.254,Settled,0
15546,Hibernating,United Kingdom,607,2,1079.1,539.55,,6,0,1.259,-0.555,0.113,1.128,1.253,At Risk,0.474,0.108,Borderline,1
15547,Champions,United Kingdom,7,26,10099.99,388.46,21.7,651,725,-1.521,2.165,1.73,0.826,2.975,At Risk,0.217,0.554,Core,0
15548,Hibernating,United Kingdom,596,1,158.09,158.09,,23,0,1.247,-1.057,-1.272,0.558,2.336,At Risk,0.193,0.653,Core,0
15549,At Risk,United Kingdom,77,8,2342.21,292.78,42.7,138,620,-0.059,0.805,0.673,0.724,1.469,Champions,0.33,0.396,Settled,0
15550,Champions,United Kingdom,4,12,2218.8,184.9,57.0,166,732,-1.822,1.26,0.634,1.036,2.024,New Customers,0.339,0.34,Settled,0
15551,At Risk,United Kingdom,37,7,1710.08,244.3,127.2,117,513,-0.521,0.659,0.446,0.983,1.242,New Customers,0.442,0.17,Borderline,1
15552,Hibernating,United Kingdom,217,2,252.52,126.26,,29,405,0.601,-0.555,-0.935,0.414,1.622,At Risk,0.203,0.53,Core,0
15553,New Customers,United Kingdom,60,1,437.23,437.23,,51,0,-0.217,-1.057,-0.539,1.05,1.169,Hibernating,0.473,0.048,Borderline,1
15554,Hibernating,United Kingdom,278,1,217.2,217.2,,14,0,0.759,-1.057,-1.043,0.268,1.979,New Customers,0.119,0.646,Core,0
15555,Champions,United Kingdom,12,36,12102.22,336.17,24.7,666,721,-1.209,2.555,1.861,1.137,3.119,At Risk,0.267,0.51,Core,0
15556,New Customers,United Kingdom,24,1,279.77,279.77,,31,0,-0.789,-1.057,-0.861,0.977,1.678,Hibernating,0.368,0.313,Settled,0
15557,New Customers,United Kingdom,29,1,473.65,473.65,,16,0,-0.672,-1.057,-0.481,0.817,1.618,Hibernating,0.336,0.349,Settled,0
15558,Hibernating,United Kingdom,639,1,214.13,214.13,,23,0,1.292,-1.057,-1.053,0.483,2.2,At Risk,0.18,0.65,Core,0
15559,Hibernating,United Kingdom,568,1,1109.4,1109.4,,62,0,1.216,-1.057,0.133,1.108,1.609,At Risk,0.408,0.282,Settled,0
15560,Hibernating,United Kingdom,398,2,153.52,76.76,,10,0,0.989,-0.555,-1.293,0.508,2.013,At Risk,0.202,0.591,Core,0
15561,Champions,United Kingdom,12,8,1934.39,241.8,60.0,65,651,-1.209,0.805,0.535,1.104,1.394,New Customers,0.442,0.109,Borderline,1
15562,Hibernating,United Kingdom,352,3,673.38,224.46,114.5,32,374,0.91,-0.199,-0.227,0.947,0.973,At Risk,0.493,0.041,Borderline,1
15563,Champions,United Kingdom,22,6,2828.0,471.33,40.7,178,658,-0.843,0.494,0.81,1.214,1.306,At Risk,0.482,-0.002,Borderline,1
15564,Hibernating,United Kingdom,463,2,70.74,35.37,,4,212,1.086,-0.555,-1.847,1.015,2.53,At Risk,0.286,0.537,Core,0
15565,New Customers,United Kingdom,50,2,173.16,86.58,,8,20,-0.332,-0.555,-1.206,1.139,1.284,Hibernating,0.47,0.059,Borderline,1
15566,Hibernating,United Kingdom,393,2,227.87,113.94,,9,331,0.981,-0.555,-1.009,0.34,1.773,At Risk,0.161,0.588,Core,0
15567,New Customers,United Kingdom,19,1,186.01,186.01,,7,0,-0.933,-1.057,-1.155,1.182,1.838,Hibernating,0.391,0.285,Settled,0
15568,New Customers,United Kingdom,3,3,758.29,252.76,6.5,27,70,-1.966,-0.199,-0.141,1.088,2.44,Champions,0.308,0.473,Settled,0
15569,At Risk,United Kingdom,104,10,3586.35,358.64,62.0,123,545,0.132,1.053,0.981,0.974,1.406,Champions,0.409,0.274,Settled,0
15570,Champions,United Kingdom,7,25,9311.04,372.44,25.7,442,614,-1.521,2.118,1.671,0.765,2.92,At Risk,0.208,0.557,Core,0
15571,Champions,United Kingdom,12,14,4051.63,289.4,83.3,442,721,-1.209,1.437,1.069,0.313,2.069,At Risk,0.131,0.509,Core,0
15572,Champions,United Kingdom,5,10,4068.67,406.87,62.4,259,599,-1.705,1.053,1.072,0.802,2.061,New Customers,0.28,0.418,Settled,0
15573,New Customers,United Kingdom,32,5,1199.23,239.85,207.5,180,697,-0.611,0.303,0.19,0.797,1.031,At Risk,0.436,0.116,Borderline,1
15574,At Risk,United Kingdom,178,6,1518.7,253.12,64.4,191,286,0.474,0.494,0.36,0.232,1.691,New Customers,0.121,0.558,Core,0
15575,Hibernating,United Kingdom,620,1,30.1,30.1,,3,0,1.273,-1.057,-2.452,1.611,3.179,New Customers,0.336,0.476,Settled,0
15576,New Customers,United Kingdom,38,1,940.67,940.67,,43,0,-0.504,-1.057,0.014,0.882,1.669,Hibernating,0.346,0.331,Settled,0
15577,At Risk,United Kingdom,151,5,397.98,79.6,170.1,58,575,0.369,0.303,-0.607,1.041,1.305,Hibernating,0.444,0.139,Borderline,1
15578,Hibernating,United Kingdom,162,1,127.1,127.1,,13,0,0.414,-1.057,-1.428,0.727,1.914,New Customers,0.275,0.51,Core,0
15579,At Risk,United Kingdom,69,5,1302.5,260.5,91.9,140,363,-0.128,0.303,0.249,0.551,1.091,New Customers,0.336,0.303,Settled,0
15580,At Risk,United Kingdom,377,8,1381.19,172.65,15.8,150,293,0.954,0.805,0.292,0.776,2.052,Hibernating,0.274,0.492,Settled,0
15581,Champions,United Kingdom,156,34,4819.35,141.75,25.4,541,581,0.39,2.486,1.195,1.801,2.325,At Risk,0.437,0.143,Borderline,1
15582,New Customers,United Kingdom,25,3,682.91,227.64,22.0,39,195,-0.764,-0.199,-0.217,0.166,1.413,At Risk,0.105,0.46,Settled,0
15583,Hibernating,United Kingdom,376,1,107.86,107.86,,37,0,0.952,-1.057,-1.546,0.676,2.376,New Customers,0.222,0.625,Core,0
15584,New Customers,United Kingdom,24,6,1277.5,212.92,105.1,174,646,-0.789,0.494,0.235,0.937,1.214,At Risk,0.436,0.14,Borderline,1
15585,Hibernating,United Kingdom,177,1,455.3,455.3,,31,0,0.471,-1.057,-0.51,0.598,1.575,New Customers,0.275,0.477,Settled,0
15586,At Risk,United Kingdom,593,3,1139.1,379.7,13.0,30,108,1.244,-0.199,0.152,1.023,1.299,Hibernating,0.441,0.141,Borderline,1
15587,At Risk,United Kingdom,50,7,1522.08,217.44,63.6,3,441,-0.332,0.659,0.362,0.814,1.268,New Customers,0.391,0.267,Settled,0
15588,Hibernating,United Kingdom,678,1,579.6,579.6,,4,0,1.33,-1.057,-0.335,0.752,1.814,At Risk,0.293,0.495,Settled,0
15589,Hibernating,United Kingdom,256,3,478.53,159.51,27.5,28,54,0.706,-0.199,-0.474,0.808,1.078,At Risk,0.428,0.184,Borderline,1
15590,At Risk,United Kingdom,382,5,1496.6,299.32,64.2,75,224,0.962,0.303,0.35,0.578,1.712,Hibernating,0.252,0.48,Settled,0
15591,Hibernating,United Kingdom,583,3,217.9,72.63,12.5,6,91,1.233,-0.199,-1.041,0.765,1.767,At Risk,0.302,0.451,Settled,0
15592,New Customers,United Kingdom,47,1,388.58,388.58,,24,0,-0.371,-1.057,-0.624,0.988,1.293,Hibernating,0.433,0.151,Borderline,1
15593,Hibernating,United Kingdom,71,1,199.8,199.8,,5,0,-0.11,-1.057,-1.103,1.027,1.381,New Customers,0.426,0.206,Borderline,1
15594,New Customers,United Kingdom,16,5,1771.78,354.36,52.1,85,218,-1.037,0.303,0.472,0.951,1.428,At Risk,0.4,0.238,Borderline,1
15595,Hibernating,United Kingdom,488,1,357.6,357.6,,4,0,1.119,-1.057,-0.684,0.38,1.896,At Risk,0.167,0.625,Core,0
15596,At Risk,United Kingdom,101,9,3130.04,347.78,30.6,82,398,0.113,0.935,0.883,0.834,1.463,Champions,0.363,0.352,Settled,0
15597,New Customers,United Kingdom,35,2,563.37,281.68,,35,540,-0.555,-0.555,-0.356,0.431,1.494,At Risk,0.224,0.445,Settled,0
15598,New Customers,United Kingdom,53,2,548.02,274.01,,32,374,-0.295,-0.555,-0.376,0.657,1.321,Hibernating,0.332,0.311,Settled,0
15599,New Customers,United Kingdom,27,3,1250.06,416.69,31.5,77,419,-0.717,-0.199,0.22,0.505,1.229,At Risk,0.291,0.331,Settled,0
15600,At Risk,United Kingdom,428,4,1199.31,299.83,27.9,55,165,1.035,0.077,0.19,0.721,1.449,Hibernating,0.332,0.358,Settled,0
15601,Champions,United Kingdom,11,30,14960.12,498.67,17.1,310,727,-1.26,2.336,2.014,1.042,3.067,At Risk,0.253,0.523,Core,0
15602,Champions,United Kingdom,8,16,3230.51,201.91,41.9,62,729,-1.445,1.592,0.906,0.55,2.288,New Customers,0.194,0.511,Core,0
15603,Hibernating,United Kingdom,79,2,88.48,44.24,,4,569,-0.043,-0.555,-1.688,1.247,1.692,New Customers,0.424,0.228,Borderline,1
15604,Hibernating,United Kingdom,52,1,216.39,216.39,,17,0,-0.307,-1.057,-1.046,1.209,1.243,New Customers,0.493,0.034,Borderline,1
15605,At Risk,United Kingdom,36,9,1936.8,215.2,65.2,80,658,-0.538,0.935,0.536,1.135,1.179,Champions,0.49,0.089,Borderline,1
15606,Champions,United Kingdom,61,17,5230.99,307.71,20.9,84,586,-0.206,1.663,1.254,0.941,1.707,At Risk,0.355,0.258,Settled,0
15607,At Risk,United Kingdom,337,9,1708.97,189.89,64.0,95,364,0.882,0.935,0.446,0.811,2.247,Hibernating,0.265,0.521,Core,0
15608,New Customers,United Kingdom,28,5,1785.98,357.2,116.4,93,387,-0.694,0.303,0.477,0.963,1.086,At Risk,0.47,0.054,Borderline,1
15609,Hibernating,United Kingdom,184,1,298.48,298.48,,16,0,0.495,-1.057,-0.814,0.438,1.674,New Customers,0.207,0.545,Core,0
15610,Hibernating,United Kingdom,52,1,112.46,112.46,,6,0,-0.307,-1.057,-1.516,1.348,1.588,New Customers,0.459,0.134,Borderline,1
15611,Champions,United Kingdom,10,24,2976.28,124.01,18.6,42,673,-1.316,2.07,0.846,0.759,2.5,At Risk,0.233,0.489,Settled,0
15612,New Customers,United Kingdom,36,2,195.15,97.58,,4,25,-0.538,-0.555,-1.12,0.976,1.464,Hibernating,0.4,0.226,Borderline,1
15613,Hibernating,United Kingdom,610,1,433.72,433.72,,27,0,1.262,-1.057,-0.545,0.561,1.879,At Risk,0.23,0.575,Core,0
15614,At Risk,United Kingdom,438,4,3147.36,786.84,51.4,73,188,1.05,0.077,0.887,0.828,2.028,Hibernating,0.29,0.463,Settled,0
15615,Champions,United Kingdom,10,47,21373.97,454.77,12.9,292,726,-1.316,2.877,2.272,1.632,3.604,At Risk,0.312,0.473,Settled,0
15616,Hibernating,United Kingdom,438,1,317.11,317.11,,13,0,1.05,-1.057,-0.77,0.293,1.924,At Risk,0.132,0.644,Core,0
15617,At Risk,United Kingdom,396,3,828.55,276.18,36.5,41,111,0.985,-0.199,-0.077,0.924,1.064,Hibernating,0.465,0.069,Borderline,1
15618,New Customers,United Kingdom,33,4,776.85,194.21,25.4,38,103,-0.592,0.077,-0.124,0.499,1.15,At Risk,0.303,0.301,Settled,0
15619,New Customers,United Kingdom,11,1,336.4,336.4,,3,0,-1.26,-1.057,-0.728,0.968,2.154,Hibernating,0.31,0.438,Settled,0
15620,At Risk,United Kingdom,57,4,1942.36,485.59,48.3,114,353,-0.249,0.077,0.538,0.682,1.08,New Customers,0.387,0.236,Borderline,1
15621,New Customers,United Kingdom,4,4,1293.03,323.26,4.2,11,17,-1.822,0.077,0.244,1.121,1.961,Champions,0.364,0.362,Settled,0
15622,Champions,United Kingdom,43,17,7852.61,461.92,46.9,331,602,-0.426,1.663,1.548,0.743,1.948,At Risk,0.276,0.386,Settled,0
15623,At Risk,United Kingdom,141,8,2437.05,304.63,70.1,91,588,0.326,0.805,0.702,0.584,1.759,Champions,0.249,0.509,Core,0
15624,At Risk,United Kingdom,117,4,588.13,147.03,21.4,26,139,0.207,0.077,-0.325,0.809,1.163,New Customers,0.41,0.222,Borderline,1
15625,At Risk,United Kingdom,104,9,3236.4,359.6,42.4,106,438,0.132,0.935,0.907,0.841,1.472,Champions,0.364,0.351,Settled,0
15626,At Risk,United Kingdom,75,3,1067.52,355.84,81.5,73,346,-0.076,-0.199,0.106,0.751,0.891,New Customers,0.458,0.104,Borderline,1
15627,Hibernating,United Kingdom,457,2,566.9,283.45,,23,65,1.077,-0.555,-0.351,0.662,1.343,At Risk,0.33,0.394,Settled,0
15628,Champions,United Kingdom,5,17,5652.26,332.49,25.1,136,721,-1.705,1.663,1.31,0.587,2.638,New Customers,0.182,0.555,Core,0
15629,At Risk,United Kingdom,450,4,2240.9,560.22,19.9,39,82,1.067,0.077,0.641,0.739,1.817,Hibernating,0.289,0.448,Settled,0
15630,New Customers,United Kingdom,45,3,1481.4,493.8,140.5,76,599,-0.398,-0.199,0.342,0.771,0.933,At Risk,0.453,0.075,Borderline,1
15631,Hibernating,United Kingdom,642,1,596.67,596.67,,39,0,1.295,-1.057,-0.315,0.747,1.787,At Risk,0.295,0.491,Settled,0
15632,Champions,United Kingdom,16,8,3285.31,410.66,13.1,107,259,-1.037,0.805,0.918,0.86,1.593,At Risk,0.351,0.285,Settled,0
15633,At Risk,United Kingdom,509,13,4352.46,334.8,10.3,77,221,1.146,1.352,1.121,1.473,2.299,Champions,0.391,0.337,Settled,0
15634,New Customers,United Kingdom,17,2,554.65,277.33,,34,366,-1.0,-0.555,-0.367,0.3,1.814,At Risk,0.142,0.533,Core,0
15635,Hibernating,United Kingdom,396,1,100.35,100.35,,2,0,0.985,-1.057,-1.598,0.73,2.43,New Customers,0.231,0.619,Core,0
15636,At Risk,United Kingdom,90,4,1444.58,361.14,25.2,39,479,0.04,0.077,0.324,0.425,1.153,New Customers,0.269,0.368,Settled,0
15637,New Customers,United Kingdom,53,5,797.59,159.52,113.9,37,671,-0.295,0.303,-0.105,0.861,0.872,At Risk,0.497,-0.023,Borderline,1
15638,At Risk,United Kingdom,379,6,2265.2,377.53,57.9,20,231,0.957,0.494,0.649,0.639,2.062,Hibernating,0.237,0.532,Core,0
15639,At Risk,United Kingdom,134,3,1065.08,355.03,81.5,61,471,0.293,-0.199,0.104,0.598,1.236,New Customers,0.326,0.347,Settled,0
15640,Champions,United Kingdom,4,29,23922.78,824.92,19.5,302,720,-1.822,2.296,2.353,1.429,3.55,At Risk,0.287,0.509,Core,0
15641,At Risk,United Kingdom,105,12,5345.55,445.46,38.6,249,627,0.138,1.26,1.27,1.305,1.304,Champions,0.5,0.075,Borderline,1
15642,Hibernating,United Kingdom,730,1,105.78,105.78,,6,0,1.377,-1.057,-1.56,0.849,2.601,At Risk,0.246,0.61,Core,0
15643,At Risk,United Kingdom,192,3,664.0,221.33,45.5,31,90,0.523,-0.199,-0.237,0.841,1.004,Hibernating,0.456,0.081,Borderline,1
15644,At Risk,United Kingdom,166,4,813.0,203.25,41.3,166,94,0.43,0.077,-0.091,0.568,1.319,Hibernating,0.301,0.366,Settled,0
15645,New Customers,United Kingdom,19,3,1054.75,351.58,192.5,58,406,-0.933,-0.199,0.097,0.36,1.45,At Risk,0.199,0.44,Settled,0
15646,At Risk,United Kingdom,158,5,974.61,194.92,46.2,65,252,0.398,0.303,0.04,0.394,1.451,New Customers,0.214,0.477,Settled,0
15647,Hibernating,United Kingdom,415,1,169.0,169.0,,11,0,1.015,-1.057,-1.224,0.4,2.225,At Risk,0.152,0.668,Core,0
15648,Hibernating,United Kingdom,204,2,657.35,328.68,,23,62,0.561,-0.555,-0.245,0.792,1.097,At Risk,0.419,0.216,Borderline,1
15649,At Risk,United Kingdom,336,4,2170.35,542.59,10.0,8,50,0.88,0.077,0.618,0.565,1.787,Hibernating,0.24,0.493,Settled,0
15650,Hibernating,United Kingdom,522,2,553.88,276.94,,33,106,1.162,-0.555,-0.368,0.679,1.398,At Risk,0.327,0.405,Settled,0
15651,New Customers,United Kingdom,37,5,1259.06,251.81,84.2,52,559,-0.521,0.303,0.225,0.852,0.935,At Risk,0.477,0.027,Borderline,1
15652,At Risk,United Kingdom,91,5,1420.34,284.07,115.1,93,393,0.047,0.303,0.312,0.365,1.246,New Customers,0.227,0.418,Settled,0
15653,New Customers,United Kingdom,93,2,877.44,438.72,,4,23,0.061,-0.555,-0.036,1.003,1.022,At Risk,0.495,-0.005,Borderline,1
15654,New Customers,United Kingdom,9,2,922.53,461.26,,15,16,-1.377,-0.555,0.0,0.601,2.007,At Risk,0.23,0.506,Core,0
15655,Hibernating,United Kingdom,243,1,560.67,560.67,,34,0,0.673,-1.057,-0.359,0.612,1.589,At Risk,0.278,0.479,Settled,0
15656,New Customers,United Kingdom,45,4,748.5,187.12,38.8,46,238,-0.398,0.077,-0.151,0.629,1.005,At Risk,0.385,0.182,Borderline,1
15657,Hibernating,United Kingdom,23,1,30.0,30.0,,1,0,-0.815,-1.057,-2.454,2.304,2.336,New Customers,0.497,0.022,Borderline,1
15658,At Risk,United Kingdom,190,8,2423.47,302.93,67.7,79,546,0.516,0.805,0.698,0.592,1.921,Champions,0.236,0.538,Core,0
15659,New Customers,United Kingdom,44,3,532.49,177.5,38.0,14,609,-0.412,-0.199,-0.397,0.511,1.254,At Risk,0.29,0.34,Settled,0
15660,Champions,United Kingdom,25,15,2812.99,187.53,29.7,73,647,-0.764,1.517,0.806,0.663,1.726,At Risk,0.278,0.361,Settled,0
15661,At Risk,United Kingdom,317,8,1215.95,151.99,17.0,27,261,0.843,0.805,0.2,0.724,1.998,Hibernating,0.266,0.496,Settled,0
15662,Hibernating,United Kingdom,661,2,283.73,141.86,,12,77,1.314,-0.555,-0.851,0.536,1.793,At Risk,0.23,0.549,Core,0
15663,Hibernating,United Kingdom,106,1,138.14,138.14,,9,0,0.144,-1.057,-1.368,0.89,1.701,New Customers,0.344,0.389,Settled,0
15664,At Risk,United Kingdom,51,4,1231.53,307.88,143.4,53,598,-0.319,0.077,0.209,0.775,0.822,New Customers,0.485,0.053,Borderline,1
15665,At Risk,United Kingdom,168,5,4015.12,803.02,48.0,163,466,0.437,0.303,1.063,0.631,1.958,New Customers,0.244,0.517,Core,0
15666,Hibernating,United Kingdom,472,2,632.94,316.47,,62,23,1.098,-0.555,-0.272,0.735,1.309,At Risk,0.36,0.349,Settled,0
15667,New Customers,United Kingdom,40,1,301.32,301.32,,13,0,-0.472,-1.057,-0.807,1.027,1.366,Hibernating,0.429,0.169,Borderline,1
15668,Hibernating,United Kingdom,218,1,76.32,76.32,,1,0,0.604,-1.057,-1.793,0.952,2.278,New Customers,0.295,0.517,Core,0
15669,New Customers,United Kingdom,40,4,684.34,171.08,9.8,31,223,-0.472,0.077,-0.216,0.566,1.1,At Risk,0.34,0.253,Settled,0
15670,Hibernating,United Kingdom,297,2,325.2,162.6,,19,259,0.801,-0.555,-0.752,0.35,1.513,At Risk,0.188,0.531,Core,0
15671,Champions,United Kingdom,19,7,2657.13,379.59,39.6,52,252,-0.933,0.659,0.765,1.079,1.396,New Customers,0.436,0.125,Borderline,1
15672,Hibernating,United Kingdom,725,1,45.3,45.3,,3,0,1.373,-1.057,-2.164,1.369,3.06,New Customers,0.309,0.527,Core,0
15673,At Risk,United Kingdom,88,9,6414.79,712.75,29.0,177,567,0.026,0.935,1.402,1.219,1.307,Champions,0.483,0.117,Borderline,1
15674,Champions,United Kingdom,73,12,6613.52,551.13,48.5,261,657,-0.093,1.26,1.424,1.079,1.468,At Risk,0.424,0.113,Borderline,1
15675,At Risk,United Kingdom,81,4,542.04,135.51,23.8,32,322,-0.027,0.077,-0.384,0.942,0.953,New Customers,0.497,0.034,Borderline,1
15676,New Customers,United Kingdom,19,3,3435.76,1145.25,115.5,191,265,-0.933,-0.199,0.95,1.2,1.502,At Risk,0.444,0.14,Borderline,1
15677,New Customers,United Kingdom,49,3,1305.63,435.21,165.0,63,414,-0.344,-0.199,0.251,0.743,0.902,At Risk,0.452,0.074,Borderline,1
15678,At Risk,United Kingdom,53,3,1893.89,631.3,108.0,77,469,-0.295,-0.199,0.52,0.847,0.973,New Customers,0.465,0.092,Borderline,1
15679,New Customers,United Kingdom,24,4,781.28,195.32,51.2,98,158,-0.789,0.077,-0.12,0.414,1.321,At Risk,0.239,0.388,Settled,0
15680,Champions,United Kingdom,9,10,4507.58,450.76,89.7,155,728,-1.377,1.053,1.147,0.582,2.005,New Customers,0.225,0.463,Settled,0
15681,Champions,United Kingdom,25,14,2989.7,213.55,48.5,48,539,-0.764,1.437,0.85,0.635,1.68,At Risk,0.274,0.361,Settled,0
15682,Hibernating,United Kingdom,599,2,318.24,159.12,,25,88,1.251,-0.555,-0.768,0.501,1.702,At Risk,0.228,0.542,Core,0
15683,Hibernating,United Kingdom,117,2,524.54,262.27,,25,356,0.207,-0.555,-0.408,0.888,1.135,New Customers,0.439,0.184,Borderline,1
15684,Hibernating,United Kingdom,547,3,173.95,57.98,60.0,9,188,1.192,-0.199,-1.203,0.793,1.887,At Risk,0.296,0.469,Settled,0
15685,Hibernating,United Kingdom,450,1,55.98,55.98,,17,0,1.067,-1.057,-2.014,1.144,2.742,New Customers,0.294,0.545,Core,0
15686,Hibernating,United Kingdom,420,1,90.0,90.0,,1,0,1.023,-1.057,-1.675,0.81,2.503,New Customers,0.245,0.608,Core,0
15687,Champions,United Kingdom,9,9,2993.1,332.57,38.2,119,321,-1.377,0.935,0.851,0.824,1.726,New Customers,0.323,0.338,Settled,0
15688,Hibernating,United Kingdom,419,1,190.57,190.57,,26,0,1.022,-1.057,-1.137,0.338,2.164,At Risk,0.135,0.671,Core,0
15689,At Risk,United Kingdom,120,3,521.03,173.68,7.0,20,497,0.223,-0.199,-0.412,0.992,1.052,Hibernating,0.485,0.02,Borderline,1
15690,New Customers,United Kingdom,4,2,239.76,119.88,,19,96,-1.822,-0.555,-0.972,1.211,2.718,Hibernating,0.308,0.475,Settled,0
15691,At Risk,United Kingdom,252,4,571.3,142.82,24.5,12,480,0.696,0.077,-0.346,0.864,1.106,Hibernating,0.438,0.134,Borderline,1
15692,New Customers,United Kingdom,28,1,191.04,191.04,,12,0,-0.694,-1.057,-1.135,1.182,1.6,Hibernating,0.425,0.199,Borderline,1
15693,Hibernating,United Kingdom,659,1,37.5,37.5,,1,0,1.312,-1.057,-2.297,1.474,3.102,New Customers,0.322,0.503,Core,0
15694,Champions,United Kingdom,1,23,10795.81,469.38,34.2,54,731,-2.41,2.019,1.778,1.428,3.437,New Customers,0.294,0.496,Settled,0
15695,At Risk,United Kingdom,267,4,1131.04,282.76,140.5,55,414,0.733,0.077,0.147,0.495,1.416,Hibernating,0.259,0.426,Settled,0
15696,Champions,United Kingdom,33,13,3906.57,300.51,42.3,163,650,-0.592,1.352,1.043,0.653,1.57,At Risk,0.294,0.323,Settled,0
15697,Hibernating,United Kingdom,690,1,246.75,246.75,,14,0,1.341,-1.057,-0.951,0.506,2.153,At Risk,0.19,0.637,Core,0
15698,Hibernating,United Kingdom,624,1,46.2,46.2,,2,0,1.277,-1.057,-2.15,1.324,2.981,New Customers,0.308,0.528,Core,0
15699,New Customers,United Kingdom,18,1,309.65,309.65,,18,0,-0.965,-1.057,-0.788,0.931,1.857,Hibernating,0.334,0.381,Settled,0
15700,Hibernating,United Kingdom,172,2,696.68,348.34,,85,1,0.452,-0.555,-0.203,0.874,1.06,At Risk,0.452,0.148,Borderline,1
15701,New Customers,United Kingdom,2,4,1542.14,385.54,24.9,193,108,-2.15,0.077,0.371,1.455,2.035,Champions,0.417,0.26,Settled,0
15702,Hibernating,Nigeria,476,1,112.57,112.57,,29,0,1.103,-1.057,-1.515,0.682,2.474,At Risk,0.216,0.639,Core,0
15703,Hibernating,United Kingdom,265,1,211.5,211.5,,5,0,0.728,-1.057,-1.062,0.293,1.961,New Customers,0.13,0.638,Core,0
15704,At Risk,United Kingdom,140,6,3817.96,636.33,102.6,129,442,0.321,0.494,1.027,0.631,1.821,Champions,0.257,0.503,Core,0
15705,Hibernating,United Kingdom,201,1,143.1,143.1,,6,0,0.552,-1.057,-1.343,0.581,1.961,New Customers,0.229,0.567,Core,0
15706,At Risk,United Kingdom,64,4,1060.56,265.14,17.0,50,52,-0.176,0.077,0.101,0.691,0.879,New Customers,0.44,0.134,Borderline,1
15707,New Customers,United Kingdom,35,4,945.58,236.4,6.4,126,51,-0.555,0.077,0.018,0.571,1.055,At Risk,0.351,0.236,Borderline,1
15708,Champions,United Kingdom,41,9,4378.72,486.52,27.9,135,384,-0.456,0.935,1.126,0.936,1.27,At Risk,0.424,0.099,Borderline,1
15709,Hibernating,United Kingdom,284,2,327.85,163.92,,26,305,0.773,-0.555,-0.746,0.359,1.501,At Risk,0.193,0.525,Core,0
15710,Hibernating,United Kingdom,417,1,898.87,898.87,,110,0,1.019,-1.057,-0.019,0.916,1.554,At Risk,0.371,0.353,Settled,0
15711,Hibernating,United Kingdom,557,2,420.25,210.12,,25,128,1.204,-0.555,-0.567,0.56,1.542,At Risk,0.266,0.49,Settled,0
15712,Champions,United Kingdom,9,12,3472.41,289.37,31.0,86,729,-1.377,1.26,0.958,0.544,2.034,New Customers,0.211,0.477,Settled,0
15713,At Risk,United Kingdom,143,4,1010.79,252.7,64.3,48,580,0.335,0.077,0.066,0.429,1.318,New Customers,0.245,0.432,Settled,0
15714,New Customers,United Kingdom,12,5,784.81,156.96,142.3,45,543,-1.209,0.303,-0.117,0.7,1.692,At Risk,0.293,0.415,Settled,0
15715,At Risk,United Kingdom,556,5,658.02,131.6,17.2,33,63,1.203,0.303,-0.244,1.058,1.377,Hibernating,0.434,0.168,Borderline,1
15716,At Risk,United Kingdom,146,11,3054.29,277.66,29.8,187,586,0.348,1.161,0.865,0.973,1.605,Champions,0.377,0.339,Settled,0
15717,At Risk,United Kingdom,234,5,607.0,121.4,57.3,17,358,0.649,0.303,-0.302,0.78,1.33,Hibernating,0.37,0.282,Settled,0
15718,Hibernating,United Kingdom,540,1,293.79,293.79,,18,0,1.184,-1.057,-0.826,0.372,2.008,At Risk,0.156,0.645,Core,0
15719,Champions,United Kingdom,33,31,10221.41,329.72,9.0,448,705,-0.592,2.375,1.738,1.068,2.649,At Risk,0.287,0.446,Settled,0
15720,New Customers,United Kingdom,24,2,741.92,370.96,,152,525,-0.789,-0.555,-0.157,0.282,1.567,At Risk,0.152,0.484,Settled,0
15721,New Customers,United Kingdom,12,1,507.08,507.08,,80,0,-1.209,-1.057,-0.432,0.839,2.148,Hibernating,0.281,0.47,Settled,0
15722,Champions,United Kingdom,36,11,5258.1,478.01,54.1,91,604,-0.538,1.161,1.258,0.712,1.517,At Risk,0.319,0.285,Settled,0
15723,At Risk,United Kingdom,365,4,947.65,236.91,39.1,108,209,0.933,0.077,0.02,0.715,1.317,Hibernating,0.352,0.313,Settled,0
15724,Hibernating,United Kingdom,201,3,310.85,103.62,16.5,17,199,0.552,-0.199,-0.785,0.748,1.323,At Risk,0.361,0.314,Settled,0
15725,New Customers,United Kingdom,15,1,415.25,415.25,,32,0,-1.076,-1.057,-0.576,0.843,1.99,Hibernating,0.298,0.438,Settled,0
15726,Hibernating,United Kingdom,390,1,321.91,321.91,,23,0,0.976,-1.057,-0.76,0.262,1.893,At Risk,0.121,0.642,Core,0
15727,Champions,United Kingdom,17,15,9445.51,629.7,34.3,426,668,-1.0,1.517,1.681,0.352,2.235,At Risk,0.136,0.516,Core,0
15728,Hibernating,United Kingdom,380,2,544.6,272.3,,10,64,0.959,-0.555,-0.38,0.611,1.304,At Risk,0.319,0.401,Settled,0
15729,Hibernating,United Kingdom,213,3,192.55,64.18,92.5,10,190,0.589,-0.199,-1.13,0.757,1.65,At Risk,0.315,0.414,Settled,0
15730,At Risk,United Kingdom,66,5,1726.58,345.32,57.8,102,365,-0.157,0.303,0.453,0.548,1.179,New Customers,0.317,0.34,Settled,0
15731,Hibernating,United Kingdom,554,1,125.3,125.3,,8,0,1.2,-1.057,-1.438,0.656,2.445,At Risk,0.211,0.643,Core,0
15732,At Risk,United Kingdom,212,10,1682.07,168.21,56.7,53,461,0.586,1.053,0.434,0.788,2.01,Champions,0.282,0.5,Core,0
15733,Hibernating,United Kingdom,283,1,162.3,162.3,,10,0,0.77,-1.057,-1.253,0.415,2.082,New Customers,0.166,0.637,Core,0
15734,At Risk,United Kingdom,115,4,2263.3,565.83,65.6,36,432,0.196,0.077,0.649,0.36,1.455,New Customers,0.198,0.472,Settled,0
15735,Hibernating,United Kingdom,421,1,327.68,327.68,,19,0,1.025,-1.057,-0.747,0.29,1.9,At Risk,0.133,0.64,Core,0
15736,At Risk,United Kingdom,435,2,1815.72,907.86,,95,0,1.046,-0.555,0.489,1.071,1.435,Hibernating,0.427,0.168,Borderline,1
15737,New Customers,United Kingdom,15,8,1205.12,150.64,26.3,60,228,-1.076,0.805,0.193,1.208,1.376,Champions,0.468,0.12,Borderline,1
15738,Champions,United Kingdom,19,41,13372.97,326.17,12.0,70,710,-0.933,2.712,1.933,1.323,3.141,At Risk,0.296,0.471,Settled,0
15739,New Customers,United Kingdom,66,1,449.12,449.12,,8,0,-0.157,-1.057,-0.52,1.084,1.12,Hibernating,0.492,-0.004,Borderline,1
15740,Hibernating,United Kingdom,49,1,154.88,154.88,,9,0,-0.344,-1.057,-1.286,1.295,1.395,New Customers,0.481,0.067,Borderline,1
15741,Hibernating,United Kingdom,458,2,208.62,104.31,,11,160,1.079,-0.555,-1.072,0.404,1.859,At Risk,0.178,0.591,Core,0
15742,Hibernating,United Kingdom,619,1,156.87,156.87,,41,0,1.272,-1.057,-1.277,0.578,2.349,At Risk,0.197,0.649,Core,0
15743,New Customers,United Kingdom,16,4,784.46,196.12,24.8,59,168,-1.037,0.077,-0.117,0.43,1.545,At Risk,0.218,0.45,Settled,0
15744,Hibernating,United Kingdom,78,1,34.8,34.8,,3,0,-0.051,-1.057,-2.35,1.73,2.388,New Customers,0.42,0.261,Settled,0
15745,New Customers,United Kingdom,19,4,1094.59,273.65,65.0,57,217,-0.933,0.077,0.124,0.533,1.376,At Risk,0.279,0.378,Settled,0
15746,Hibernating,United Kingdom,134,1,196.88,196.88,,28,0,0.293,-1.057,-1.114,0.651,1.648,New Customers,0.283,0.466,Settled,0
15747,Champions,United Kingdom,13,9,2562.61,284.73,50.9,116,678,-1.161,0.935,0.738,0.864,1.606,New Customers,0.35,0.294,Settled,0
15748,New Customers,United Kingdom,40,3,614.76,204.92,204.5,34,408,-0.472,-0.199,-0.293,0.432,1.229,At Risk,0.26,0.356,Settled,0
15749,At Risk,United Kingdom,235,3,44534.3,14844.77,48.5,5,97,0.652,-0.199,2.803,2.433,2.881,Champions,0.458,0.166,Borderline,1
15750,Champions,United Kingdom,3,18,6797.19,377.62,44.1,388,735,-1.966,1.73,1.443,0.858,2.855,New Customers,0.231,0.537,Core,0
15751,At Risk,United Kingdom,461,11,1380.44,125.49,30.7,90,272,1.083,1.161,0.291,1.122,2.358,Hibernating,0.322,0.445,Settled,0
15752,Champions,United Kingdom,40,9,4207.54,467.5,28.5,359,417,-0.472,0.935,1.097,0.932,1.265,At Risk,0.424,0.1,Borderline,1
15753,Hibernating,United Kingdom,305,1,79.2,79.2,,1,0,0.818,-1.057,-1.767,0.888,2.407,New Customers,0.269,0.566,Core,0
15754,At Risk,United Kingdom,51,9,3037.61,337.51,87.0,114,604,-0.319,0.935,0.861,1.05,1.128,Champions,0.482,0.118,Borderline,1
15755,Champions,United Kingdom,10,17,5993.12,352.54,27.9,281,725,-1.316,1.663,1.352,0.221,2.376,At Risk,0.085,0.557,Core,0
15756,New Customers,United Kingdom,61,4,532.96,133.24,22.5,160,187,-0.206,0.077,-0.396,0.797,1.044,At Risk,0.433,0.116,Borderline,1
15757,At Risk,United Kingdom,66,6,2940.36,490.06,52.9,162,481,-0.157,0.494,0.838,0.71,1.521,Champions,0.318,0.402,Settled,0
15758,New Customers,United Kingdom,25,1,205.25,205.25,,9,0,-0.764,-1.057,-1.084,1.134,1.663,Hibernating,0.405,0.245,Borderline,1
15759,At Risk,United Kingdom,218,7,830.93,118.7,53.2,10,519,0.604,0.659,-0.075,0.664,1.753,Hibernating,0.275,0.458,Settled,0
15761,Hibernating,United Kingdom,443,1,143.05,143.05,,5,0,1.057,-1.057,-1.343,0.515,2.328,At Risk,0.181,0.66,Core,0
15762,New Customers,United Kingdom,65,2,583.75,291.88,,37,12,-0.166,-0.555,-0.33,0.769,1.229,Hibernating,0.385,0.224,Borderline,1
15763,New Customers,United Kingdom,32,2,1086.92,543.46,,58,45,-0.611,-0.555,0.119,0.52,1.348,At Risk,0.278,0.365,Settled,0
15764,At Risk,United Kingdom,88,8,4503.08,562.88,53.4,187,390,0.026,0.805,1.146,0.952,1.388,Champions,0.407,0.275,Settled,0
15765,Hibernating,United Kingdom,667,1,370.63,370.63,,25,0,1.319,-1.057,-0.658,0.542,1.967,At Risk,0.216,0.597,Core,0
15766,New Customers,United Kingdom,64,3,831.06,277.02,83.0,21,618,-0.176,-0.199,-0.075,0.739,0.905,At Risk,0.45,0.079,Borderline,1
15768,Champions,United Kingdom,116,34,15601.09,458.86,43.5,437,620,0.201,2.486,2.044,1.776,2.73,At Risk,0.394,0.268,Settled,0
15769,Champions,United Kingdom,7,46,88704.32,1928.35,13.8,26,721,-1.521,2.851,3.301,2.378,4.293,At Risk,0.356,0.406,Settled,0
15770,Hibernating,United Kingdom,613,1,321.45,321.45,,18,0,1.265,-1.057,-0.761,0.457,2.002,At Risk,0.186,0.626,Core,0
15771,At Risk,United Kingdom,604,3,1006.54,335.51,36.5,26,89,1.256,-0.199,0.063,1.061,1.231,Hibernating,0.463,0.083,Borderline,1
15772,Hibernating,United Kingdom,418,1,280.88,280.88,,16,0,1.02,-1.057,-0.858,0.246,1.97,At Risk,0.111,0.657,Core,0
15773,New Customers,United Kingdom,6,2,774.52,387.26,,46,403,-1.606,-0.555,-0.126,0.769,2.24,At Risk,0.256,0.51,Core,0
15774,At Risk,United Kingdom,69,6,1328.69,221.45,117.3,87,587,-0.128,0.494,0.264,0.583,1.214,New Customers,0.324,0.34,Settled,0
15775,Hibernating,United Kingdom,245,2,150.5,75.25,,9,386,0.678,-0.555,-1.307,0.545,1.909,New Customers,0.222,0.56,Core,0
15776,Hibernating,United Kingdom,133,1,241.62,241.62,,18,0,0.288,-1.057,-0.966,0.624,1.572,New Customers,0.284,0.455,Settled,0
15777,At Risk,United Kingdom,241,7,1762.61,251.8,48.9,29,327,0.668,0.659,0.468,0.463,1.964,New Customers,0.191,0.569,Core,0
15778,Hibernating,United Kingdom,431,1,307.95,307.95,,17,0,1.04,-1.057,-0.792,0.277,1.933,At Risk,0.125,0.648,Core,0
15779,Hibernating,United Kingdom,463,2,124.08,62.04,,8,69,1.086,-0.555,-1.445,0.657,2.175,At Risk,0.232,0.581,Core,0
15780,Hibernating,United Kingdom,184,3,475.28,158.43,28.0,26,174,0.495,-0.199,-0.479,0.874,1.041,At Risk,0.457,0.121,Borderline,1
15781,New Customers,United Kingdom,25,3,345.46,115.15,28.0,20,280,-0.764,-0.199,-0.709,0.493,1.697,At Risk,0.225,0.467,Settled,0
15782,New Customers,United Kingdom,10,4,4014.1,1003.52,141.9,51,420,-1.316,0.077,1.063,1.427,1.502,Champions,0.487,0.075,Borderline,1
15783,New Customers,United Kingdom,11,1,246.3,246.3,,14,0,-1.26,-1.057,-0.953,1.098,2.147,Hibernating,0.338,0.397,Settled,0
15784,Hibernating,United Kingdom,468,2,848.33,424.16,,33,204,1.092,-0.555,-0.06,0.922,1.205,At Risk,0.433,0.206,Borderline,1
15785,Champions,United Kingdom,33,16,5969.93,373.12,36.3,102,691,-0.592,1.592,1.35,0.544,1.871,At Risk,0.225,0.42,Settled,0
15786,At Risk,United Kingdom,46,5,8514.82,1702.96,112.4,358,490,-0.384,0.303,1.606,1.406,1.467,Champions,0.489,0.09,Borderline,1
15787,New Customers,United Kingdom,26,3,948.05,316.02,17.5,156,35,-0.74,-0.199,0.02,0.321,1.3,At Risk,0.198,0.406,Settled,0
15788,Hibernating,United Kingdom,509,1,221.83,221.83,,14,0,1.146,-1.057,-1.028,0.355,2.127,At Risk,0.143,0.666,Core,0
15789,At Risk,United Kingdom,358,6,1962.01,327.0,28.5,110,265,0.921,0.494,0.545,0.579,1.984,Hibernating,0.226,0.535,Core,0
15790,New Customers,United Kingdom,10,1,220.85,220.85,,34,0,-1.316,-1.057,-1.031,1.17,2.206,Hibernating,0.346,0.388,Settled,0
15791,At Risk,United Kingdom,44,5,3608.34,721.67,110.1,121,598,-0.412,0.303,0.986,0.974,1.452,New Customers,0.402,0.259,Settled,0
15792,Hibernating,United Kingdom,400,2,933.84,466.92,,57,218,0.992,-0.555,0.009,0.969,1.121,At Risk,0.464,0.135,Borderline,1
15793,Champions,United Kingdom,15,8,2399.57,299.95,65.4,12,723,-1.076,0.805,0.691,0.992,1.464,New Customers,0.404,0.194,Borderline,1
15794,Hibernating,United Kingdom,736,2,777.0,388.5,,15,0,1.383,-0.555,-0.124,0.978,1.417,At Risk,0.408,0.267,Settled,0
15795,At Risk,United Kingdom,150,8,1979.87,247.48,95.8,111,540,0.365,0.805,0.552,0.529,1.852,Champions,0.222,0.533,Core,0
15796,Champions,United Kingdom,1,17,5174.83,304.4,25.5,137,617,-2.41,1.663,1.246,1.288,2.901,New Customers,0.307,0.448,Settled,0
15797,At Risk,United Kingdom,113,5,2806.08,561.22,78.1,11,568,0.185,0.303,0.804,0.424,1.618,New Customers,0.208,0.501,Core,0
15798,At Risk,United Kingdom,493,3,1535.37,511.79,58.5,73,188,1.126,-0.199,0.368,0.885,1.455,Hibernating,0.378,0.279,Settled,0
15799,At Risk,United Kingdom,76,4,1424.29,356.07,26.7,143,342,-0.067,0.077,0.314,0.519,1.064,New Customers,0.328,0.3,Settled,0
15800,At Risk,United Kingdom,107,7,1242.58,177.51,87.4,198,511,0.15,0.659,0.215,0.492,1.49,New Customers,0.248,0.455,Settled,0
15801,New Customers,United Kingdom,46,3,1063.95,354.65,17.5,61,63,-0.384,-0.199,0.103,0.621,0.974,At Risk,0.389,0.177,Borderline,1
15803,At Risk,United Kingdom,51,4,1929.66,482.42,153.5,48,624,-0.319,0.077,0.533,0.748,1.036,New Customers,0.419,0.183,Borderline,1
15804,Champions,United Kingdom,1,13,4206.39,323.57,10.5,170,198,-2.41,1.352,1.097,1.317,2.62,New Customers,0.334,0.389,Settled,0
15805,Champions,United Kingdom,23,30,10189.23,339.64,27.6,337,706,-0.815,2.336,1.736,0.939,2.709,At Risk,0.257,0.487,Settled,0
15806,New Customers,United Kingdom,46,3,784.58,261.53,4.0,24,230,-0.384,-0.199,-0.117,0.53,1.069,At Risk,0.332,0.261,Settled,0
15807,At Risk,United Kingdom,50,5,1817.52,363.5,143.2,85,615,-0.332,0.303,0.49,0.725,1.104,New Customers,0.396,0.233,Borderline,1
15808,Champions,United Kingdom,306,21,18409.93,876.66,10.1,348,431,0.82,1.912,2.164,2.147,2.41,At Risk,0.471,0.055,Borderline,1
15809,At Risk,United Kingdom,36,7,1274.44,182.06,51.7,51,499,-0.538,0.659,0.234,1.019,1.132,New Customers,0.474,0.091,Borderline,1
15810,At Risk,United Kingdom,79,8,2999.04,374.88,35.3,89,594,-0.043,0.805,0.852,0.792,1.408,Champions,0.36,0.351,Settled,0
15811,Champions,United Kingdom,22,7,3796.92,542.42,34.7,204,365,-0.843,0.659,1.023,0.984,1.416,At Risk,0.41,0.159,Borderline,1
15812,At Risk,United Kingdom,107,12,5201.47,433.46,24.1,87,617,0.15,1.26,1.25,1.291,1.317,Champions,0.495,0.089,Borderline,1
15813,At Risk,United Kingdom,208,2,1303.91,651.95,,40,31,0.574,-0.555,0.25,0.884,1.231,Hibernating,0.418,0.166,Borderline,1
15814,Champions,United Kingdom,17,6,2634.44,439.07,136.7,83,586,-1.0,0.494,0.758,1.211,1.287,New Customers,0.485,0.003,Borderline,1
15815,At Risk,United Kingdom,64,5,2100.6,420.12,26.4,33,196,-0.176,0.303,0.595,0.589,1.257,New Customers,0.319,0.353,Settled,0
15816,Hibernating,United Kingdom,542,2,144.15,72.07,,11,0,1.186,-0.555,-1.338,0.615,2.118,At Risk,0.225,0.584,Core,0
15817,At Risk,United Kingdom,421,3,2766.4,922.13,10.5,133,122,1.025,-0.199,0.794,0.878,1.827,Hibernating,0.325,0.395,Settled,0
15818,Hibernating,United Kingdom,588,1,340.5,340.5,,11,0,1.239,-1.057,-0.719,0.45,1.966,At Risk,0.186,0.622,Core,0
15819,Champions,United Kingdom,49,10,3934.79,393.48,46.2,182,582,-0.344,1.053,1.048,0.976,1.225,At Risk,0.443,0.054,Borderline,1
15820,Hibernating,United Kingdom,320,1,206.98,206.98,,17,0,0.849,-1.057,-1.078,0.264,2.068,New Customers,0.113,0.663,Core,0
15821,New Customers,United Kingdom,44,2,570.96,285.48,,57,17,-0.412,-0.555,-0.346,0.547,1.403,At Risk,0.281,0.389,Settled,0
15822,New Customers,United Kingdom,3,6,1840.06,306.68,114.0,46,729,-1.966,0.494,0.499,1.534,1.587,Champions,0.491,0.066,Borderline,1
15823,At Risk,United Kingdom,729,2,3867.17,1933.58,,154,2,1.376,-0.555,1.036,1.431,2.025,Hibernating,0.414,0.233,Borderline,1
15824,Hibernating,United Kingdom,453,2,890.94,445.47,,24,78,1.072,-0.555,-0.025,0.95,1.178,At Risk,0.446,0.177,Borderline,1
15825,Hibernating,United Kingdom,172,1,532.94,532.94,,20,0,0.452,-1.057,-0.396,0.69,1.544,New Customers,0.309,0.436,Settled,0
15826,At Risk,United Kingdom,56,4,2598.28,649.57,146.6,100,511,-0.26,0.077,0.748,0.754,1.235,New Customers,0.379,0.268,Settled,0
15827,Champions,United Kingdom,73,28,3794.07,135.5,20.3,124,627,-0.093,2.254,1.022,1.306,2.106,At Risk,0.383,0.246,Borderline,1
15828,Hibernating,United Kingdom,375,1,1108.82,1108.82,,74,0,0.951,-1.057,0.133,1.057,1.49,At Risk,0.415,0.261,Settled,0
15829,New Customers,United Kingdom,99,2,636.14,318.07,,44,41,0.1,-0.555,-0.268,1.02,1.049,Hibernating,0.493,-0.024,Borderline,1
15830,New Customers,United Kingdom,38,1,576.0,576.0,,39,0,-0.504,-1.057,-0.34,0.849,1.504,Hibernating,0.361,0.296,Settled,0
15831,New Customers,United Kingdom,58,3,801.76,267.25,67.0,63,265,-0.238,-0.199,-0.101,0.674,0.96,At Risk,0.412,0.145,Borderline,1
15832,Hibernating,United Kingdom,254,1,836.79,836.79,,54,0,0.701,-1.057,-0.07,0.873,1.472,At Risk,0.372,0.339,Settled,0
15833,Hibernating,United Kingdom,738,1,80.4,80.4,,5,0,1.384,-1.057,-1.756,1.012,2.756,At Risk,0.268,0.585,Core,0
15834,At Risk,United Kingdom,70,7,3770.49,538.64,46.2,332,354,-0.119,0.659,1.017,0.859,1.384,Champions,0.383,0.313,Settled,0
15835,New Customers,United Kingdom,44,4,954.09,238.52,21.7,47,286,-0.412,0.077,0.024,0.667,0.926,At Risk,0.419,0.125,Borderline,1
15836,Hibernating,United Kingdom,50,1,137.37,137.37,,10,0,-0.332,-1.057,-1.372,1.312,1.466,New Customers,0.472,0.094,Borderline,1
15837,New Customers,United Kingdom,65,2,777.01,388.5,,52,420,-0.166,-0.555,-0.124,0.773,1.156,At Risk,0.401,0.201,Borderline,1
15838,Champions,United Kingdom,11,34,74163.0,2181.26,21.0,61,713,-1.26,2.486,3.171,2.052,3.879,At Risk,0.346,0.415,Settled,0
15839,New Customers,United Kingdom,33,3,1048.49,349.5,10.5,56,114,-0.592,-0.199,0.093,0.461,1.15,At Risk,0.286,0.317,Settled,0
15840,New Customers,United Kingdom,59,2,355.56,177.78,,26,113,-0.227,-0.555,-0.688,0.834,1.166,Hibernating,0.417,0.161,Borderline,1
15841,At Risk,United Kingdom,73,9,2742.41,304.71,60.0,60,657,-0.093,0.935,0.787,0.88,1.33,Champions,0.398,0.288,Settled,0
15842,Hibernating,United Kingdom,393,2,548.8,274.4,,24,134,0.981,-0.555,-0.375,0.619,1.31,At Risk,0.321,0.4,Settled,0
15843,Hibernating,United Kingdom,304,1,118.95,118.95,,8,0,0.816,-1.057,-1.476,0.609,2.233,New Customers,0.214,0.617,Core,0
15844,Hibernating,United Kingdom,46,1,130.74,130.74,,11,0,-0.384,-1.057,-1.408,1.373,1.474,New Customers,0.482,0.065,Borderline,1
15845,Champions,United Kingdom,18,11,4426.28,402.39,48.6,129,664,-0.965,1.161,1.133,0.469,1.757,At Risk,0.211,0.427,Settled,0
15846,Hibernating,United Kingdom,385,1,107.01,107.01,,27,0,0.967,-1.057,-1.552,0.684,2.391,New Customers,0.222,0.626,Core,0
15847,New Customers,United Kingdom,38,5,822.57,164.51,87.5,39,603,-0.504,0.303,-0.083,0.738,1.033,At Risk,0.417,0.142,Borderline,1
15848,Hibernating,United Kingdom,622,1,139.94,139.94,,34,0,1.275,-1.057,-1.359,0.636,2.411,At Risk,0.209,0.643,Core,0
15850,New Customers,United Kingdom,19,6,1058.72,176.45,68.8,269,707,-0.933,0.494,0.1,0.871,1.38,At Risk,0.387,0.25,Settled,0
15851,Hibernating,United Kingdom,527,1,109.73,109.73,,8,0,1.168,-1.057,-1.534,0.722,2.508,At Risk,0.223,0.634,Core,0
15852,Hibernating,United Kingdom,187,3,257.26,85.75,159.0,31,340,0.506,-0.199,-0.921,0.76,1.445,At Risk,0.345,0.35,Settled,0
15853,Hibernating,United Kingdom,52,1,110.8,110.8,,29,0,-0.307,-1.057,-1.527,1.353,1.596,New Customers,0.459,0.136,Borderline,1
15854,Champions,United Kingdom,4,21,5583.81,265.9,29.6,168,725,-1.822,1.912,1.301,0.785,2.86,New Customers,0.215,0.551,Core,0
15855,At Risk,United Kingdom,137,6,1052.72,175.45,73.0,72,339,0.307,0.494,0.095,0.404,1.477,New Customers,0.215,0.476,Settled,0
15856,Champions,United Kingdom,4,52,34219.08,658.06,12.9,383,732,-1.822,3.0,2.612,2.047,4.122,At Risk,0.332,0.456,Settled,0
15857,New Customers,United Kingdom,19,2,570.48,285.24,,21,411,-0.933,-0.555,-0.347,0.274,1.754,At Risk,0.135,0.526,Core,0
15858,Champions,United Kingdom,16,13,3960.37,304.64,50.6,273,714,-1.037,1.352,1.053,0.369,1.884,At Risk,0.164,0.47,Settled,0
15859,Hibernating,United Kingdom,432,1,438.46,438.46,,22,0,1.041,-1.057,-0.537,0.446,1.783,At Risk,0.2,0.587,Core,0
15860,Champions,United Kingdom,41,17,2502.71,147.22,38.9,248,692,-0.456,1.663,0.721,0.936,1.639,At Risk,0.364,0.235,Borderline,1
15861,Champions,United Kingdom,12,12,4393.49,366.12,62.0,451,667,-1.209,1.26,1.128,0.368,1.996,At Risk,0.156,0.493,Settled,0
15862,Champions,United Kingdom,8,13,2923.14,224.86,54.0,416,714,-1.445,1.352,0.833,0.636,2.054,New Customers,0.237,0.458,Settled,0
15863,New Customers,United Kingdom,26,5,358.7,71.74,152.6,74,697,-0.74,0.303,-0.682,0.764,1.588,At Risk,0.325,0.343,Settled,0
15864,Champions,United Kingdom,22,7,2180.76,311.54,42.7,18,358,-0.843,0.659,0.622,1.182,1.297,New Customers,0.477,0.015,Borderline,1
15865,At Risk,United Kingdom,41,5,2248.92,449.78,89.6,119,662,-0.456,0.303,0.644,0.873,1.16,New Customers,0.429,0.184,Borderline,1
15866,Hibernating,United Kingdom,101,1,230.53,230.53,,43,0,0.113,-1.057,-1.0,0.795,1.463,New Customers,0.352,0.351,Settled,0
15867,Champions,United Kingdom,5,31,9010.52,290.66,14.2,546,719,-1.705,2.375,1.647,1.055,3.196,At Risk,0.248,0.541,Core,0
15868,Hibernating,United Kingdom,583,1,94.53,94.53,,4,0,1.233,-1.057,-1.64,0.842,2.613,At Risk,0.244,0.615,Core,0
15869,Hibernating,United Kingdom,277,3,323.66,107.89,174.5,29,349,0.757,-0.199,-0.756,0.689,1.337,At Risk,0.34,0.349,Settled,0
15870,New Customers,United Kingdom,33,4,862.61,215.65,161.1,127,413,-0.592,0.077,-0.048,0.522,1.115,At Risk,0.319,0.28,Settled,0
15871,Hibernating,United Kingdom,437,1,33.1,33.1,,5,0,1.049,-1.057,-2.385,1.505,2.983,New Customers,0.335,0.474,Settled,0
15872,New Customers,United Kingdom,15,4,795.68,198.92,148.7,164,535,-1.076,0.077,-0.107,0.448,1.577,At Risk,0.221,0.454,Settled,0
15873,Hibernating,United Kingdom,500,4,313.92,78.48,0.5,3,1,1.135,0.077,-0.778,0.982,1.438,At Risk,0.406,0.247,Borderline,1
15874,Champions,United Kingdom,64,21,11284.76,537.37,33.8,262,637,-0.176,1.912,1.81,1.123,2.201,At Risk,0.338,0.336,Settled,0
15875,Hibernating,United Kingdom,646,1,111.72,111.72,,18,0,1.299,-1.057,-1.521,0.773,2.542,At Risk,0.233,0.624,Core,0
15876,At Risk,United Kingdom,409,2,1449.14,724.57,,11,39,1.006,-0.555,0.326,1.051,1.273,Hibernating,0.452,0.097,Borderline,1
15877,New Customers,United Kingdom,2,2,493.28,246.64,,122,16,-2.15,-0.555,-0.452,1.303,2.82,At Risk,0.316,0.47,Settled,0
15878,Hibernating,United Kingdom,562,2,330.77,165.38,,47,171,1.21,-0.555,-0.74,0.48,1.662,At Risk,0.224,0.54,Core,0
15879,At Risk,United Kingdom,404,4,1157.3,289.32,43.6,171,317,0.998,0.077,0.164,0.698,1.426,Hibernating,0.329,0.36,Settled,0
15880,Hibernating,United Kingdom,369,1,686.56,686.56,,95,0,0.94,-1.057,-0.213,0.719,1.592,At Risk,0.311,0.449,Settled,0
15881,At Risk,United Kingdom,312,5,501.39,100.28,20.8,26,52,0.833,0.303,-0.44,0.979,1.254,Hibernating,0.439,0.148,Borderline,1
15882,At Risk,United Kingdom,199,8,1491.42,186.43,69.2,48,530,0.545,0.805,0.347,0.545,1.907,New Customers,0.222,0.538,Core,0
15883,New Customers,United Kingdom,2,2,396.48,198.24,,42,31,-2.15,-0.555,-0.609,1.338,2.874,At Risk,0.318,0.47,Settled,0
15884,Hibernating,United Kingdom,432,2,249.7,124.85,,14,303,1.041,-0.555,-0.943,0.35,1.741,At Risk,0.167,0.583,Core,0
15885,At Risk,United Kingdom,93,13,1921.82,147.83,74.3,81,594,0.061,1.352,0.53,1.116,1.464,Champions,0.433,0.231,Borderline,1
15886,At Risk,United Kingdom,60,4,1052.87,263.22,145.3,58,537,-0.217,0.077,0.096,0.727,0.844,New Customers,0.463,0.095,Borderline,1
15887,At Risk,United Kingdom,407,3,1027.15,342.38,20.5,27,148,1.003,-0.199,0.078,0.861,1.19,Hibernating,0.42,0.178,Borderline,1
15888,New Customers,United Kingdom,81,3,423.49,141.16,97.0,32,446,-0.027,-0.199,-0.562,0.924,1.172,Hibernating,0.441,0.11,Borderline,1
15889,At Risk,United Kingdom,157,8,1782.33,222.79,87.4,255,572,0.394,0.805,0.476,0.517,1.843,New Customers,0.219,0.533,Core,0
15890,At Risk,United Kingdom,395,5,535.65,107.13,86.9,10,210,0.984,0.303,-0.392,1.017,1.276,Hibernating,0.444,0.14,Borderline,1
15891,Hibernating,United Kingdom,227,1,521.97,521.97,,59,0,0.629,-1.057,-0.411,0.584,1.608,At Risk,0.266,0.491,Settled,0
15892,Hibernating,United Kingdom,669,1,128.2,128.2,,38,0,1.321,-1.057,-1.422,0.711,2.475,At Risk,0.223,0.632,Core,0
15893,Hibernating,United Kingdom,482,1,305.28,305.28,,1,0,1.111,-1.057,-0.798,0.323,1.963,At Risk,0.141,0.647,Core,0
15894,Hibernating,United Kingdom,253,2,418.99,209.5,,34,115,0.699,-0.555,-0.57,0.487,1.348,At Risk,0.265,0.449,Settled,0
15895,Hibernating,United Kingdom,150,1,179.17,179.17,,11,0,0.365,-1.057,-1.182,0.615,1.736,New Customers,0.262,0.502,Core,0
15897,Hibernating,United Kingdom,194,2,222.05,111.02,,17,0,0.529,-0.555,-1.027,0.48,1.638,New Customers,0.227,0.519,Core,0
15898,Champions,United Kingdom,1,25,5592.56,223.7,46.1,280,726,-2.41,2.118,1.302,1.404,3.254,New Customers,0.301,0.476,Settled,0
15899,Hibernating,United Kingdom,369,1,112.5,112.5,,4,0,0.94,-1.057,-1.516,0.646,2.35,New Customers,0.216,0.629,Core,0
15900,New Customers,United Kingdom,24,4,900.4,225.1,159.5,100,539,-0.789,0.077,-0.017,0.456,1.281,At Risk,0.262,0.366,Settled,0
15901,New Customers,United Kingdom,17,6,683.39,113.9,98.9,144,527,-1.0,0.494,-0.217,0.808,1.549,At Risk,0.343,0.328,Settled,0
15902,Hibernating,United Kingdom,380,1,145.01,145.01,,18,0,0.959,-1.057,-1.334,0.48,2.272,New Customers,0.174,0.659,Core,0
15903,Champions,United Kingdom,10,12,8939.84,744.99,63.3,58,684,-1.316,1.26,1.642,0.439,2.305,At Risk,0.16,0.519,Core,0
15904,New Customers,United Kingdom,8,1,164.68,164.68,,30,0,-1.445,-1.057,-1.242,1.368,2.355,Hibernating,0.367,0.357,Settled,0
15905,Hibernating,United Kingdom,543,1,114.69,114.69,,22,0,1.188,-1.057,-1.502,0.703,2.489,At Risk,0.22,0.636,Core,0
15906,Champions,United Kingdom,20,10,2555.64,255.56,35.9,143,431,-0.901,1.053,0.736,0.821,1.531,At Risk,0.349,0.274,Settled,0
15907,New Customers,United Kingdom,4,3,966.6,322.2,69.5,174,206,-1.822,-0.199,0.034,0.98,2.29,Champions,0.3,0.471,Settled,0
15908,Hibernating,United Kingdom,491,2,764.57,382.28,,37,21,1.123,-0.555,-0.136,0.862,1.255,At Risk,0.407,0.263,Settled,0
15909,Hibernating,United Kingdom,174,1,191.94,191.94,,7,0,0.46,-1.057,-1.132,0.515,1.78,New Customers,0.224,0.545,Core,0
15910,Champions,United Kingdom,1,15,2681.8,178.79,22.8,394,686,-2.41,1.517,0.771,1.405,2.583,New Customers,0.352,0.356,Settled,0
15911,At Risk,United Kingdom,624,8,1685.89,210.74,11.3,161,106,1.277,0.805,0.436,1.025,2.175,Hibernating,0.32,0.437,Settled,0
15912,At Risk,United Kingdom,178,9,1074.7,119.41,70.5,83,551,0.474,0.935,0.11,0.727,1.877,New Customers,0.279,0.478,Settled,0
15913,Hibernating,United Kingdom,534,1,6.3,6.3,,1,0,1.177,-1.057,-3.5,2.621,3.928,New Customers,0.4,0.329,Settled,0
15914,Hibernating,United Kingdom,378,2,205.99,102.99,,13,0,0.956,-0.555,-1.081,0.363,1.825,At Risk,0.166,0.591,Core,0
15915,Hibernating,United Kingdom,402,1,429.0,429.0,,104,0,0.995,-1.057,-0.553,0.418,1.776,At Risk,0.191,0.591,Core,0
15916,Champions,United Kingdom,16,13,3427.17,263.63,44.0,227,712,-1.037,1.352,0.948,0.459,1.852,At Risk,0.198,0.45,Settled,0
15917,At Risk,United Kingdom,248,5,560.63,112.13,143.6,127,489,0.686,0.303,-0.359,0.847,1.299,Hibernating,0.395,0.237,Borderline,1
15918,At Risk,United Kingdom,191,3,582.88,194.29,139.5,49,441,0.519,-0.199,-0.331,0.917,0.945,Hibernating,0.492,-0.005,Borderline,1
15919,New Customers,United Kingdom,20,2,910.61,455.31,,103,349,-0.901,-0.555,-0.009,0.343,1.606,At Risk,0.176,0.478,Settled,0
15920,At Risk,United Kingdom,154,8,567.69,70.96,90.0,92,571,0.382,0.805,-0.35,0.938,1.69,New Customers,0.357,0.354,Settled,0
15921,At Risk,United Kingdom,173,4,792.46,198.12,95.5,68,468,0.456,0.077,-0.11,0.587,1.299,Hibernating,0.311,0.351,Settled,0
15922,Hibernating,United Kingdom,373,1,739.0,739.0,,11,0,0.947,-1.057,-0.16,0.771,1.574,At Risk,0.329,0.423,Settled,0
15923,Hibernating,United Kingdom,373,1,254.16,254.16,,21,0,0.947,-1.057,-0.93,0.209,1.996,At Risk,0.095,0.663,Core,0
15924,Hibernating,United Kingdom,731,1,102.82,102.82,,14,0,1.378,-1.057,-1.58,0.865,2.616,At Risk,0.248,0.608,Core,0
15925,Hibernating,United Kingdom,194,1,207.15,207.15,,12,0,0.529,-1.057,-1.077,0.436,1.808,New Customers,0.194,0.573,Core,0
15926,Hibernating,United Kingdom,542,1,134.44,134.44,,7,0,1.186,-1.057,-1.388,0.608,2.401,At Risk,0.202,0.649,Core,0
15927,Hibernating,United Kingdom,647,1,123.39,123.39,,13,0,1.3,-1.057,-1.449,0.718,2.488,At Risk,0.224,0.632,Core,0
15928,Hibernating,United Kingdom,656,1,293.53,293.53,,11,0,1.309,-1.057,-0.826,0.48,2.06,At Risk,0.189,0.63,Core,0
15929,Hibernating,United Kingdom,644,1,594.0,594.0,,1,0,1.297,-1.057,-0.318,0.746,1.789,At Risk,0.294,0.492,Settled,0
15930,Hibernating,United Kingdom,67,1,426.63,426.63,,21,0,-0.147,-1.057,-0.557,1.099,1.101,New Customers,0.5,0.025,Borderline,1
15931,Hibernating,United Kingdom,428,1,239.9,239.9,,14,0,1.035,-1.057,-0.972,0.261,2.051,At Risk,0.113,0.668,Core,0
15932,Champions,United Kingdom,4,8,2495.87,311.98,22.3,93,285,-1.822,0.805,0.719,1.191,1.742,New Customers,0.406,0.202,Borderline,1
15933,New Customers,United Kingdom,21,3,1107.46,369.15,17.5,63,65,-0.871,-0.199,0.132,0.391,1.387,At Risk,0.22,0.415,Settled,0
15934,At Risk,United Kingdom,418,2,2190.66,1095.33,,29,11,1.02,-0.555,0.625,1.071,1.565,Hibernating,0.406,0.223,Borderline,1
15935,Hibernating,United Kingdom,239,1,108.04,108.04,,11,0,0.662,-1.057,-1.545,0.705,2.159,New Customers,0.246,0.573,Core,0
15936,Hibernating,United Kingdom,379,2,282.79,141.4,,16,88,0.957,-0.555,-0.853,0.321,1.641,At Risk,0.163,0.569,Core,0
15937,Hibernating,United Kingdom,64,1,145.35,145.35,,7,0,-0.176,-1.057,-1.332,1.154,1.502,New Customers,0.435,0.194,Borderline,1
15938,At Risk,United Kingdom,112,9,734.81,81.65,36.3,27,444,0.179,0.935,-0.164,0.905,1.639,New Customers,0.356,0.349,Settled,0
15939,Champions,United Kingdom,90,15,9004.84,600.32,12.0,50,284,0.04,1.517,1.647,1.209,1.761,At Risk,0.407,0.175,Borderline,1
15940,Hibernating,United Kingdom,311,1,35.8,35.8,,1,0,0.831,-1.057,-2.33,1.441,2.806,New Customers,0.339,0.462,Settled,0
15941,Hibernating,United Kingdom,637,1,405.0,405.0,,6,0,1.29,-1.057,-0.594,0.551,1.918,At Risk,0.223,0.586,Core,0
15942,Hibernating,United Kingdom,134,1,337.44,337.44,,14,0,0.293,-1.057,-0.726,0.641,1.481,New Customers,0.302,0.424,Settled,0
15943,Hibernating,United Kingdom,650,2,271.29,135.64,,12,28,1.303,-0.555,-0.883,0.525,1.811,At Risk,0.225,0.556,Core,0
15944,At Risk,United Kingdom,277,4,2164.24,541.06,65.2,25,449,0.757,0.077,0.616,0.461,1.79,Hibernating,0.205,0.519,Core,0
15945,At Risk,United Kingdom,365,4,827.27,206.82,91.2,24,372,0.933,0.077,-0.079,0.776,1.251,Hibernating,0.383,0.256,Settled,0
15946,At Risk,United Kingdom,503,3,2304.18,768.06,65.5,25,131,1.139,-0.199,0.662,0.922,1.719,Hibernating,0.349,0.349,Settled,0
15947,New Customers,United Kingdom,83,1,1708.24,1708.24,,29,0,-0.011,-1.057,0.445,1.345,1.406,At Risk,0.489,0.019,Borderline,1
15948,New Customers,United Kingdom,8,3,1509.09,503.03,173.0,63,416,-1.445,-0.199,0.356,0.825,1.901,At Risk,0.303,0.429,Settled,0
15949,New Customers,United Kingdom,17,2,364.72,182.36,,12,54,-1.0,-0.555,-0.67,0.506,1.916,Hibernating,0.209,0.513,Core,0
15950,Champions,United Kingdom,32,10,7180.71,718.07,68.5,225,650,-0.611,1.053,1.483,0.724,1.639,At Risk,0.306,0.314,Settled,0
15951,New Customers,United Kingdom,9,3,1013.17,337.72,90.5,44,372,-1.377,-0.199,0.068,0.59,1.871,At Risk,0.24,0.487,Settled,0
15952,New Customers,United Kingdom,34,4,806.57,201.64,22.9,65,191,-0.573,0.077,-0.097,0.517,1.121,At Risk,0.316,0.283,Settled,0
15953,Champions,United Kingdom,15,18,3669.55,203.86,38.8,102,721,-1.076,1.73,0.998,0.41,2.131,At Risk,0.161,0.496,Settled,0
15954,Hibernating,United Kingdom,589,1,187.8,187.8,,19,0,1.24,-1.057,-1.148,0.479,2.244,At Risk,0.176,0.658,Core,0
15955,Champions,United Kingdom,24,22,8658.36,393.56,36.4,222,629,-0.789,1.967,1.618,0.609,2.368,At Risk,0.204,0.498,Settled,0
15956,Hibernating,United Kingdom,551,2,617.6,308.8,,18,175,1.197,-0.555,-0.29,0.756,1.374,At Risk,0.355,0.362,Settled,0
15957,New Customers,United Kingdom,32,3,930.1,310.03,194.5,121,389,-0.611,-0.199,0.006,0.388,1.194,At Risk,0.245,0.355,Settled,0
15958,New Customers,United Kingdom,74,4,492.99,123.25,129.9,50,476,-0.084,0.077,-0.452,0.915,1.028,At Risk,0.471,0.04,Borderline,1
15959,Hibernating,United Kingdom,682,3,579.49,193.16,0.0,58,0,1.334,-0.199,-0.336,0.984,1.312,At Risk,0.429,0.204,Borderline,1
15960,Hibernating,United Kingdom,374,4,410.95,102.74,15.0,24,61,0.949,0.077,-0.584,0.994,1.18,At Risk,0.457,0.121,Borderline,1
15961,Hibernating,United Kingdom,379,1,451.29,451.29,,42,0,0.957,-1.057,-0.516,0.441,1.743,At Risk,0.202,0.578,Core,0
15962,Hibernating,United Kingdom,449,1,295.83,295.83,,43,0,1.066,-1.057,-0.821,0.284,1.961,At Risk,0.126,0.652,Core,0
15963,New Customers,United Kingdom,20,2,470.76,235.38,,26,25,-0.901,-0.555,-0.486,0.348,1.797,At Risk,0.162,0.526,Core,0
15964,Hibernating,United Kingdom,663,1,272.96,272.96,,20,0,1.316,-1.057,-0.879,0.481,2.096,At Risk,0.187,0.635,Core,0
15965,Champions,United Kingdom,17,13,3013.09,231.78,89.1,202,719,-1.0,1.352,0.855,0.551,1.8,At Risk,0.234,0.419,Settled,0
15966,Hibernating,United Kingdom,451,1,426.53,426.53,,27,0,1.069,-1.057,-0.557,0.441,1.804,At Risk,0.196,0.593,Core,0
15967,Champions,United Kingdom,23,12,3041.6,253.47,76.9,316,715,-0.815,1.26,0.862,0.65,1.606,At Risk,0.288,0.344,Settled,0
15968,Hibernating,United Kingdom,388,1,415.3,415.3,,69,0,0.972,-1.057,-0.576,0.392,1.781,At Risk,0.181,0.597,Core,0
15969,New Customers,United Kingdom,3,5,1127.05,225.41,70.9,31,519,-1.966,0.303,0.145,1.297,1.92,Champions,0.403,0.286,Settled,0
15970,At Risk,United Kingdom,304,2,1017.32,508.66,,19,295,0.816,-0.555,0.071,1.014,1.022,Hibernating,0.498,-0.036,Borderline,1
15971,Champions,United Kingdom,18,18,5897.88,327.66,68.1,11,714,-0.965,1.73,1.341,0.255,2.176,At Risk,0.105,0.52,Core,0
15972,At Risk,United Kingdom,456,5,1810.27,362.05,36.0,104,143,1.076,0.303,0.487,0.687,1.824,Hibernating,0.274,0.47,Settled,0
15973,Hibernating,United Kingdom,367,2,973.44,486.72,,7,62,0.937,-0.555,0.039,0.992,1.081,At Risk,0.479,0.097,Borderline,1
15974,At Risk,United Kingdom,39,7,3442.15,491.74,18.5,141,249,-0.488,0.659,0.952,1.084,1.164,Champions,0.482,0.111,Borderline,1
15975,Hibernating,United Kingdom,84,1,371.01,371.01,,24,0,-0.004,-1.057,-0.657,0.935,1.232,New Customers,0.432,0.19,Borderline,1
15976,At Risk,United Kingdom,165,6,1732.54,288.76,57.4,264,385,0.426,0.494,0.455,0.208,1.689,New Customers,0.11,0.559,Core,0
15977,New Customers,United Kingdom,17,2,1054.73,527.36,,48,21,-1.0,-0.555,0.097,0.437,1.662,At Risk,0.208,0.469,Settled,0
15978,At Risk,United Kingdom,77,3,3279.42,1093.14,71.5,107,567,-0.059,-0.199,0.917,0.821,1.43,New Customers,0.365,0.305,Settled,0
15979,Hibernating,United Kingdom,603,1,329.22,329.22,,22,0,1.255,-1.057,-0.743,0.454,1.987,At Risk,0.186,0.624,Core,0
15980,At Risk,United Kingdom,89,7,6593.68,941.95,92.3,101,467,0.033,0.659,1.421,1.113,1.462,Champions,0.432,0.226,Borderline,1
15981,Champions,United Kingdom,25,21,9362.77,445.85,23.2,151,595,-0.764,1.912,1.675,0.614,2.346,At Risk,0.207,0.493,Settled,0
15982,Hibernating,United Kingdom,605,1,324.51,324.51,,45,0,1.257,-1.057,-0.754,0.452,1.994,At Risk,0.185,0.626,Core,0
15983,Champions,United Kingdom,22,8,3958.82,494.85,148.4,137,711,-0.843,0.805,1.053,0.845,1.473,At Risk,0.365,0.238,Borderline,1
15984,Champions,United Kingdom,3,30,8759.32,291.98,26.2,458,735,-1.966,2.336,1.627,1.184,3.341,At Risk,0.262,0.536,Core,0
15985,At Risk,United Kingdom,123,7,2715.28,387.9,66.3,50,438,0.239,0.659,0.78,0.529,1.728,Champions,0.234,0.517,Core,0
15986,New Customers,United Kingdom,30,2,354.42,177.21,,25,351,-0.651,-0.555,-0.69,0.564,1.573,Hibernating,0.264,0.421,Settled,0
15987,Champions,United Kingdom,12,8,1682.13,210.27,51.4,143,367,-1.209,0.805,0.434,1.181,1.34,New Customers,0.468,0.043,Borderline,1
15988,New Customers,United Kingdom,19,3,767.59,255.86,213.5,113,637,-0.933,-0.199,-0.133,0.16,1.52,At Risk,0.095,0.486,Settled,0
15989,Hibernating,United Kingdom,376,2,372.51,186.26,,81,361,0.952,-0.555,-0.654,0.401,1.488,At Risk,0.212,0.521,Core,0
15990,At Risk,United Kingdom,44,7,2010.05,287.15,93.0,117,605,-0.412,0.659,0.563,0.893,1.345,New Customers,0.399,0.264,Settled,0
15991,Hibernating,United Kingdom,534,1,150.55,150.55,,6,0,1.177,-1.057,-1.307,0.54,2.337,At Risk,0.188,0.657,Core,0
15992,New Customers,United Kingdom,4,3,896.6,298.87,168.0,53,449,-1.822,-0.199,-0.02,0.967,2.312,At Risk,0.295,0.477,Settled,0
15993,Champions,United Kingdom,9,7,2788.87,398.41,4.4,334,35,-1.377,0.659,0.799,1.069,1.503,New Customers,0.416,0.168,Borderline,1
15994,New Customers,United Kingdom,55,3,1202.18,400.73,66.5,93,581,-0.272,-0.199,0.191,0.762,0.858,At Risk,0.47,0.037,Borderline,1
15995,Hibernating,United Kingdom,414,1,696.19,696.19,,108,0,1.014,-1.057,-0.203,0.739,1.615,At Risk,0.314,0.449,Settled,0
15996,At Risk,United Kingdom,88,7,1686.9,240.99,28.5,140,308,0.026,0.659,0.436,0.519,1.493,New Customers,0.258,0.453,Settled,0
15998,Champions,United Kingdom,37,16,8308.34,519.27,30.5,682,702,-0.521,1.592,1.589,0.658,1.965,At Risk,0.251,0.411,Settled,0
15999,Hibernating,United Kingdom,736,1,20.4,20.4,,1,0,1.383,-1.057,-2.722,1.898,3.444,New Customers,0.355,0.437,Settled,0
16000,Champions,United Kingdom,3,3,12393.7,4131.23,0.0,9,0,-1.966,-0.199,1.878,1.996,2.382,New Customers,0.456,0.103,Borderline,1
16001,Hibernating,United Kingdom,381,1,583.39,583.39,,29,0,0.961,-1.057,-0.331,0.61,1.651,At Risk,0.27,0.505,Core,0
16002,Hibernating,United Kingdom,625,1,169.21,169.21,,42,0,1.278,-1.057,-1.223,0.549,2.312,At Risk,0.192,0.651,Core,0
16003,Champions,United Kingdom,30,10,5613.83,561.38,79.1,146,706,-0.651,1.053,1.305,0.686,1.558,At Risk,0.306,0.308,Settled,0
16004,At Risk,United Kingdom,475,5,2146.39,429.28,33.0,63,208,1.102,0.303,0.61,0.733,1.922,Hibernating,0.276,0.476,Settled,0
16005,Champions,United Kingdom,12,10,2435.8,243.58,55.5,314,438,-1.209,1.053,0.702,0.818,1.687,New Customers,0.327,0.332,Settled,0
16006,Hibernating,United Kingdom,211,2,347.17,173.58,,75,176,0.583,-0.555,-0.705,0.469,1.431,At Risk,0.247,0.471,Settled,0
16007,At Risk,United Kingdom,48,7,3075.14,439.31,49.7,337,495,-0.357,0.659,0.87,0.941,1.269,Champions,0.426,0.233,Borderline,1
16008,Champions,United Kingdom,24,15,5384.13,358.94,49.2,63,606,-0.789,1.517,1.275,0.354,1.899,At Risk,0.157,0.463,Settled,0
16009,New Customers,United Kingdom,22,4,992.71,248.18,49.7,68,137,-0.843,0.077,0.053,0.487,1.308,At Risk,0.271,0.368,Settled,0
16010,At Risk,United Kingdom,246,11,1724.06,156.73,32.1,122,165,0.681,1.161,0.452,0.918,2.062,Champions,0.308,0.47,Settled,0
16011,Champions,United Kingdom,8,29,5878.76,202.72,17.5,180,730,-1.445,2.296,1.339,0.819,2.865,At Risk,0.222,0.537,Core,0
16012,At Risk,United Kingdom,35,5,2989.79,597.96,79.5,207,494,-0.555,0.303,0.85,1.034,1.295,New Customers,0.444,0.163,Borderline,1
16013,Champions,United Kingdom,4,84,57446.44,683.89,11.4,54,728,-1.822,3.585,2.987,2.706,4.719,At Risk,0.364,0.399,Settled,0
16014,New Customers,United Kingdom,38,5,1130.27,226.05,63.6,219,639,-0.504,0.303,0.147,0.819,0.94,At Risk,0.466,0.048,Borderline,1
16015,New Customers,United Kingdom,4,3,705.1,235.03,0.0,145,45,-1.822,-0.199,-0.194,0.942,2.352,At Risk,0.286,0.49,Settled,0
16016,Champions,United Kingdom,3,11,2533.94,230.36,46.0,181,399,-1.966,1.161,0.73,1.108,2.064,New Customers,0.349,0.329,Settled,0
16017,At Risk,United Kingdom,47,5,1553.83,310.77,140.4,99,656,-0.371,0.303,0.377,0.764,1.012,New Customers,0.43,0.168,Borderline,1
16018,New Customers,United Kingdom,39,4,698.13,174.53,80.3,48,693,-0.488,0.077,-0.201,0.556,1.105,At Risk,0.335,0.259,Settled,0
16019,Champions,United Kingdom,47,27,17465.85,646.88,28.1,256,678,-0.371,2.21,2.126,1.275,2.67,At Risk,0.323,0.397,Settled,0
16020,New Customers,United Kingdom,17,3,851.01,283.67,24.5,42,48,-1.0,-0.199,-0.058,0.242,1.554,At Risk,0.135,0.485,Settled,0
16021,Hibernating,United Kingdom,395,2,532.25,266.12,,117,149,0.984,-0.555,-0.397,0.601,1.325,At Risk,0.312,0.413,Settled,0
16022,Hibernating,United Kingdom,260,1,628.28,628.28,,68,0,0.716,-1.057,-0.277,0.675,1.558,At Risk,0.302,0.449,Settled,0
16023,New Customers,United Kingdom,46,3,719.81,239.94,36.0,90,220,-0.384,-0.199,-0.179,0.519,1.102,At Risk,0.32,0.279,Settled,0
16024,New Customers,United Kingdom,12,3,478.92,159.64,199.5,77,399,-1.209,-0.199,-0.473,0.409,1.903,At Risk,0.177,0.526,Core,0
16025,New Customers,United Kingdom,30,1,439.66,439.66,,28,0,-0.651,-1.057,-0.535,0.84,1.584,Hibernating,0.346,0.331,Settled,0
16026,New Customers,United Kingdom,43,1,236.09,236.09,,30,0,-0.426,-1.057,-0.983,1.151,1.321,Hibernating,0.466,0.083,Borderline,1
16027,At Risk,United Kingdom,92,15,2048.36,136.56,41.9,20,608,0.054,1.517,0.576,1.281,1.42,Champions,0.474,0.139,Borderline,1
16028,Hibernating,United Kingdom,596,1,82.2,82.2,,5,0,1.247,-1.057,-1.74,0.936,2.697,At Risk,0.258,0.599,Core,0
16029,Champions,United Kingdom,39,106,114066.39,1076.1,7.1,56,692,-0.488,3.87,3.483,3.221,4.784,At Risk,0.402,0.304,Settled,0
16030,Hibernating,United Kingdom,310,1,331.24,331.24,,28,0,0.829,-1.057,-0.739,0.26,1.839,At Risk,0.124,0.626,Core,0
16031,New Customers,United Kingdom,92,2,548.94,274.47,,91,154,0.054,-0.555,-0.375,0.983,1.025,Hibernating,0.49,-0.013,Borderline,1
16032,At Risk,United Kingdom,456,6,1970.45,328.41,7.8,130,67,1.076,0.494,0.548,0.724,1.996,Hibernating,0.266,0.496,Settled,0
16033,Champions,United Kingdom,6,27,10836.13,401.34,11.8,605,479,-1.606,2.21,1.781,0.925,3.08,At Risk,0.231,0.55,Core,0
16034,At Risk,United Kingdom,196,6,928.72,154.79,45.7,43,213,0.536,0.494,0.005,0.496,1.652,New Customers,0.231,0.488,Settled,0
16035,Hibernating,United Kingdom,560,1,217.73,217.73,,21,0,1.207,-1.057,-1.041,0.408,2.158,At Risk,0.159,0.661,Core,0
16036,At Risk,United Kingdom,87,4,2556.84,639.21,14.3,120,533,0.018,0.077,0.737,0.525,1.389,New Customers,0.274,0.408,Settled,0
16037,At Risk,United Kingdom,270,5,1509.34,301.87,58.4,62,378,0.74,0.303,0.356,0.358,1.72,Hibernating,0.172,0.534,Core,0
16038,New Customers,United Kingdom,8,3,471.78,157.26,73.0,24,194,-1.445,-0.199,-0.484,0.616,2.11,At Risk,0.226,0.522,Core,0
16039,Hibernating,United Kingdom,424,2,456.4,228.2,,27,204,1.029,-0.555,-0.508,0.522,1.417,At Risk,0.269,0.47,Settled,0
16040,At Risk,United Kingdom,65,7,2416.9,345.27,42.3,95,544,-0.166,0.659,0.696,0.718,1.464,Champions,0.329,0.397,Settled,0
16041,New Customers,United Kingdom,31,3,3166.4,1055.47,55.5,6,110,-0.631,-0.199,0.891,1.169,1.222,At Risk,0.489,0.013,Borderline,1
16042,Champions,United Kingdom,22,8,2265.12,283.14,71.2,88,431,-0.843,0.805,0.649,1.059,1.354,At Risk,0.439,0.104,Borderline,1
16043,At Risk,United Kingdom,38,8,1856.59,232.07,50.3,56,444,-0.504,0.805,0.505,1.035,1.288,Champions,0.446,0.191,Borderline,1
16044,Hibernating,United Kingdom,435,1,340.84,340.84,,19,0,1.046,-1.057,-0.718,0.317,1.89,At Risk,0.144,0.635,Core,0
16045,At Risk,United Kingdom,120,8,3434.93,429.37,42.3,111,378,0.223,0.805,0.95,0.748,1.594,Champions,0.319,0.419,Settled,0
16046,Hibernating,United Kingdom,562,1,235.78,235.78,,22,0,1.21,-1.057,-0.984,0.394,2.12,At Risk,0.157,0.658,Core,0
16048,At Risk,United Kingdom,373,4,1075.23,268.81,65.4,30,176,0.947,0.077,0.111,0.678,1.383,Hibernating,0.329,0.353,Settled,0
16049,At Risk,United Kingdom,40,6,1899.68,316.61,112.7,383,475,-0.472,0.494,0.522,0.891,1.183,New Customers,0.43,0.19,Borderline,1
16050,Hibernating,United Kingdom,174,3,300.7,100.23,96.0,19,227,0.46,-0.199,-0.809,0.789,1.337,At Risk,0.371,0.299,Settled,0
16051,Hibernating,United Kingdom,682,1,188.44,188.44,,12,0,1.334,-1.057,-1.145,0.553,2.28,At Risk,0.195,0.645,Core,0
16052,New Customers,United Kingdom,54,1,362.06,362.06,,34,0,-0.283,-1.057,-0.675,1.057,1.199,Hibernating,0.468,0.064,Borderline,1
16053,At Risk,United Kingdom,33,6,3634.84,605.81,103.9,169,578,-0.592,0.494,0.991,1.148,1.232,Champions,0.482,0.106,Borderline,1
16054,At Risk,United Kingdom,145,4,2111.88,527.97,81.9,109,471,0.343,0.077,0.599,0.273,1.54,New Customers,0.151,0.512,Core,0
16055,Hibernating,United Kingdom,221,1,134.8,134.8,,8,0,0.612,-1.057,-1.386,0.585,2.03,New Customers,0.224,0.582,Core,0
16056,New Customers,United Kingdom,45,1,664.85,664.85,,66,0,-0.398,-1.057,-0.236,0.897,1.452,Hibernating,0.382,0.255,Settled,0
16057,Champions,United Kingdom,16,10,3854.85,385.48,73.5,175,684,-1.037,1.053,1.033,0.591,1.726,At Risk,0.255,0.399,Settled,0
16058,Hibernating,United Kingdom,406,1,62.7,62.7,,2,0,1.001,-1.057,-1.933,1.056,2.644,New Customers,0.285,0.556,Core,0
16059,Champions,United Kingdom,66,12,3217.77,268.15,29.5,233,503,-0.157,1.26,0.903,1.112,1.209,At Risk,0.479,-0.032,Borderline,1
16060,Hibernating,United Kingdom,401,3,541.95,180.65,17.0,22,93,0.993,-0.199,-0.384,0.85,1.127,At Risk,0.43,0.19,Borderline,1
16061,Hibernating,United Kingdom,431,1,89.65,89.65,,3,0,1.04,-1.057,-1.678,0.816,2.518,New Customers,0.245,0.609,Core,0
16062,Champions,United Kingdom,10,8,2863.45,357.93,48.6,134,526,-1.316,0.805,0.819,0.928,1.596,New Customers,0.368,0.263,Settled,0
16063,Hibernating,United Kingdom,260,1,335.32,335.32,,23,0,0.716,-1.057,-0.73,0.306,1.81,At Risk,0.145,0.608,Core,0
16064,Hibernating,United Kingdom,725,1,111.0,111.0,,17,0,1.373,-1.057,-1.525,0.819,2.572,At Risk,0.242,0.614,Core,0
16065,At Risk,United Kingdom,365,8,2382.62,297.83,11.2,214,97,0.933,0.805,0.686,0.789,2.293,Champions,0.256,0.537,Core,0
16066,New Customers,United Kingdom,17,5,1521.87,304.37,20.8,77,107,-1.0,0.303,0.362,0.866,1.393,At Risk,0.383,0.262,Settled,0
16067,At Risk,United Kingdom,563,3,3395.29,1131.76,2.5,60,112,1.211,-0.199,0.942,1.082,1.988,Hibernating,0.352,0.362,Settled,0
16068,Hibernating,United Kingdom,594,1,122.93,122.93,,34,0,1.245,-1.057,-1.452,0.69,2.47,At Risk,0.218,0.637,Core,0
16069,Hibernating,United Kingdom,418,1,457.7,457.7,,25,0,1.02,-1.057,-0.506,0.465,1.759,At Risk,0.209,0.576,Core,0
16070,New Customers,United Kingdom,22,2,852.15,426.08,,32,9,-0.843,-0.555,-0.057,0.315,1.574,At Risk,0.167,0.477,Settled,0
16071,New Customers,United Kingdom,45,4,1076.8,269.2,199.6,62,610,-0.398,0.077,0.112,0.716,0.878,At Risk,0.449,0.072,Borderline,1
16072,At Risk,United Kingdom,288,4,4328.89,1082.22,62.0,414,260,0.782,0.077,1.117,0.816,2.188,New Customers,0.272,0.505,Core,0
16073,Hibernating,United Kingdom,297,1,122.4,122.4,,1,0,0.801,-1.057,-1.455,0.591,2.21,New Customers,0.211,0.618,Core,0
16074,Hibernating,United Kingdom,390,1,265.25,265.25,,23,0,0.976,-1.057,-0.899,0.219,1.983,At Risk,0.099,0.661,Core,0
16075,Hibernating,United Kingdom,503,2,736.93,368.46,,41,61,1.139,-0.555,-0.162,0.843,1.276,At Risk,0.398,0.282,Settled,0
16076,Champions,United Kingdom,3,10,2234.73,223.47,20.3,71,205,-1.966,1.053,0.639,1.201,1.946,New Customers,0.382,0.264,Settled,0
16077,Hibernating,United Kingdom,626,1,2300.4,2300.4,,8,0,1.279,-1.057,0.66,1.626,1.629,At Risk,0.499,0.029,Borderline,1
16078,Hibernating,United Kingdom,284,2,362.99,181.5,,39,385,0.773,-0.555,-0.673,0.397,1.444,At Risk,0.216,0.504,Core,0
16079,New Customers,United Kingdom,17,3,1352.0,450.67,5.0,18,23,-1.0,-0.199,0.276,0.543,1.483,At Risk,0.268,0.402,Settled,0
16080,At Risk,United Kingdom,82,4,602.56,150.64,52.9,29,368,-0.019,0.077,-0.307,0.873,0.952,New Customers,0.479,0.075,Borderline,1
16081,At Risk,United Kingdom,56,8,4460.18,557.52,48.4,235,618,-0.26,0.805,1.139,1.089,1.161,Champions,0.484,0.113,Borderline,1
16082,Hibernating,United Kingdom,670,1,106.75,106.75,,16,0,1.322,-1.057,-1.553,0.812,2.575,At Risk,0.24,0.617,Core,0
16083,At Risk,United Kingdom,101,4,2351.42,587.86,116.1,61,287,0.113,0.077,0.676,0.426,1.413,New Customers,0.232,0.444,Settled,0
16084,Hibernating,United Kingdom,299,1,436.18,436.18,,38,0,0.806,-1.057,-0.541,0.418,1.714,At Risk,0.196,0.571,Core,0
16085,Champions,United Kingdom,23,12,2327.21,193.93,44.2,258,664,-0.815,1.26,0.669,0.807,1.566,At Risk,0.34,0.281,Settled,0
16086,At Risk,United Kingdom,59,10,2864.99,286.5,40.2,66,677,-0.227,1.053,0.819,1.055,1.16,Champions,0.476,0.133,Borderline,1
16087,At Risk,United Kingdom,389,5,1739.92,347.98,75.1,6,300,0.974,0.303,0.459,0.584,1.794,Hibernating,0.246,0.495,Settled,0
16088,At Risk,United Kingdom,576,2,1437.43,718.71,,3,15,1.225,-0.555,0.321,1.193,1.308,Hibernating,0.477,0.036,Borderline,1
16089,Hibernating,United Kingdom,386,2,271.44,135.72,,42,122,0.969,-0.555,-0.883,0.321,1.668,At Risk,0.161,0.574,Core,0
16090,Hibernating,United Kingdom,624,1,205.91,205.91,,18,0,1.277,-1.057,-1.081,0.479,2.213,At Risk,0.178,0.653,Core,0
16091,Hibernating,United Kingdom,155,2,315.06,157.53,,16,43,0.386,-0.555,-0.775,0.593,1.403,New Customers,0.297,0.421,Settled,0
16092,At Risk,United Kingdom,115,6,1587.94,264.66,83.7,60,464,0.196,0.494,0.392,0.285,1.49,New Customers,0.161,0.504,Core,0
16093,Hibernating,United Kingdom,107,1,17.0,17.0,,1,0,0.15,-1.057,-2.847,2.085,2.902,New Customers,0.418,0.274,Settled,0
16094,Champions,United Kingdom,12,11,3695.56,335.96,60.3,101,590,-1.209,1.161,1.003,0.522,1.908,At Risk,0.215,0.456,Settled,0
16095,Hibernating,United Kingdom,456,1,447.05,447.05,,30,0,1.076,-1.057,-0.523,0.471,1.789,At Risk,0.208,0.582,Core,0
16096,At Risk,United Kingdom,264,4,1584.97,396.24,50.2,58,380,0.726,0.077,0.391,0.399,1.606,Hibernating,0.199,0.498,Settled,0
16097,Hibernating,United Kingdom,240,1,185.05,185.05,,10,0,0.665,-1.057,-1.158,0.385,1.953,New Customers,0.165,0.617,Core,0
16098,Champions,United Kingdom,88,14,4448.1,317.72,15.4,83,637,0.026,1.437,1.137,1.184,1.394,At Risk,0.459,0.027,Borderline,1
16099,At Risk,United Kingdom,50,7,1573.2,224.74,43.3,44,596,-0.332,0.659,0.386,0.813,1.279,New Customers,0.388,0.273,Settled,0
16100,Hibernating,United Kingdom,463,1,582.64,582.64,,37,0,1.086,-1.057,-0.332,0.639,1.698,At Risk,0.273,0.509,Core,0
16101,At Risk,United Kingdom,71,4,3229.16,807.29,142.3,153,490,-0.11,0.077,0.905,0.72,1.439,New Customers,0.334,0.355,Settled,0
16102,New Customers,United Kingdom,42,3,1842.14,614.05,13.0,41,86,-0.441,-0.199,0.5,0.874,0.967,At Risk,0.475,0.036,Borderline,1
16103,Champions,United Kingdom,7,22,6191.71,281.44,34.1,111,693,-1.521,1.967,1.376,0.578,2.711,At Risk,0.176,0.561,Core,0
16104,At Risk,United Kingdom,62,9,2778.61,308.73,109.9,187,671,-0.196,0.935,0.797,0.945,1.247,Champions,0.431,0.226,Borderline,1
16105,At Risk,United Kingdom,249,5,2386.19,477.24,59.0,92,355,0.689,0.303,0.687,0.391,1.929,New Customers,0.169,0.572,Core,0
16106,Hibernating,United Kingdom,66,1,108.38,108.38,,6,0,-0.157,-1.057,-1.542,1.231,1.669,New Customers,0.425,0.227,Borderline,1
16107,Champions,United Kingdom,18,7,3204.16,457.74,15.0,16,165,-0.965,0.659,0.9,1.005,1.481,At Risk,0.404,0.185,Borderline,1
16108,At Risk,United Kingdom,85,4,2235.92,558.98,125.3,124,546,0.004,0.077,0.64,0.487,1.312,New Customers,0.271,0.397,Settled,0
16109,At Risk,United Kingdom,219,3,939.48,313.16,150.0,30,479,0.607,-0.199,0.013,0.68,1.162,Hibernating,0.369,0.252,Settled,0
16110,At Risk,United Kingdom,45,4,1819.27,454.82,77.8,343,477,-0.398,0.077,0.491,0.819,0.962,New Customers,0.46,0.107,Borderline,1
16111,Hibernating,United Kingdom,428,1,562.48,562.48,,72,0,1.035,-1.057,-0.357,0.601,1.69,At Risk,0.262,0.52,Core,0
16112,Hibernating,United Kingdom,143,4,195.74,48.94,80.0,15,195,0.335,0.077,-1.118,1.106,1.551,New Customers,0.416,0.233,Borderline,1
16113,Hibernating,United Kingdom,183,1,161.38,161.38,,30,0,0.492,-1.057,-1.257,0.559,1.869,New Customers,0.23,0.553,Core,0
16114,Hibernating,United Kingdom,171,1,135.75,135.75,,8,0,0.449,-1.057,-1.381,0.671,1.909,New Customers,0.26,0.527,Core,0
16115,Champions,United Kingdom,10,12,2575.14,214.6,24.6,230,564,-1.316,1.26,0.742,0.699,1.899,New Customers,0.269,0.415,Settled,0
16116,Hibernating,United Kingdom,212,1,612.78,612.78,,34,0,0.586,-1.057,-0.295,0.702,1.544,At Risk,0.312,0.431,Settled,0
16117,At Risk,United Kingdom,190,3,654.4,218.13,12.0,64,401,0.516,-0.199,-0.248,0.848,0.999,Hibernating,0.459,0.073,Borderline,1
16118,At Risk,United Kingdom,653,1,4376.25,4376.25,,41,0,1.306,-1.057,1.125,1.769,2.082,Hibernating,0.459,0.112,Borderline,1
16119,Champions,United Kingdom,8,8,1720.81,215.1,98.1,37,715,-1.445,0.805,0.451,1.206,1.423,New Customers,0.459,0.068,Borderline,1
16120,At Risk,United Kingdom,59,6,3056.91,509.49,145.2,84,362,-0.227,0.494,0.866,0.781,1.467,Champions,0.347,0.371,Settled,0
16121,At Risk,United Kingdom,57,5,1477.09,295.42,73.7,256,508,-0.249,0.303,0.34,0.647,1.058,New Customers,0.379,0.249,Borderline,1
16122,At Risk,United Kingdom,73,6,1001.34,166.89,76.1,28,352,-0.093,0.494,0.059,0.645,1.168,New Customers,0.356,0.294,Settled,0
16123,New Customers,United Kingdom,52,1,307.78,307.78,,16,0,-0.307,-1.057,-0.792,1.097,1.205,Hibernating,0.476,0.047,Borderline,1
16124,At Risk,United Kingdom,317,4,1772.49,443.12,27.2,63,415,0.843,0.077,0.472,0.501,1.665,Hibernating,0.231,0.486,Settled,0
16125,At Risk,United Kingdom,367,14,4587.65,327.69,14.9,168,358,0.937,1.437,1.159,1.463,2.082,Champions,0.413,0.285,Settled,0
16126,Champions,United Kingdom,29,15,14646.8,976.45,27.3,144,708,-0.672,1.517,1.999,0.791,2.255,At Risk,0.26,0.434,Settled,0
16127,New Customers,United Kingdom,39,2,801.31,400.66,,75,687,-0.488,-0.555,-0.102,0.493,1.331,At Risk,0.27,0.376,Settled,0
16128,Champions,United Kingdom,18,11,3801.05,345.55,41.8,155,493,-0.965,1.161,1.023,0.53,1.716,At Risk,0.236,0.408,Settled,0
16129,At Risk,United Kingdom,407,3,1396.05,465.35,27.0,91,100,1.003,-0.199,0.299,0.795,1.378,Hibernating,0.366,0.292,Settled,0
16130,At Risk,United Kingdom,422,4,987.48,246.87,47.0,53,195,1.026,0.077,0.049,0.773,1.345,Hibernating,0.365,0.298,Settled,0
16131,Champions,United Kingdom,52,12,9957.42,829.78,61.0,131,686,-0.307,1.26,1.719,0.945,1.755,At Risk,0.35,0.27,Settled,0
16132,Hibernating,United Kingdom,544,2,664.2,332.1,,14,83,1.189,-0.555,-0.237,0.796,1.342,At Risk,0.372,0.332,Settled,0
16133,Champions,United Kingdom,4,56,22992.26,410.58,11.8,303,614,-1.822,3.09,2.325,1.955,4.039,At Risk,0.326,0.465,Settled,0
16134,New Customers,United Kingdom,22,5,2145.34,429.07,121.5,85,519,-0.843,0.303,0.61,1.049,1.246,At Risk,0.457,0.098,Borderline,1
16135,Hibernating,United Kingdom,263,2,819.45,409.72,,35,321,0.724,-0.555,-0.085,0.886,1.046,At Risk,0.459,0.14,Borderline,1
16136,At Risk,United Kingdom,60,4,946.8,236.7,150.2,44,603,-0.217,0.077,0.019,0.766,0.816,New Customers,0.484,0.056,Borderline,1
16137,Hibernating,United Kingdom,680,1,422.7,422.7,,28,0,1.332,-1.057,-0.563,0.6,1.922,At Risk,0.238,0.571,Core,0
16138,At Risk,United Kingdom,379,3,910.35,303.45,45.0,35,212,0.957,-0.199,-0.009,0.87,1.115,Hibernating,0.438,0.132,Borderline,1
16139,New Customers,United Kingdom,19,5,1111.15,222.23,197.0,47,717,-0.933,0.303,0.135,0.718,1.357,At Risk,0.346,0.308,Settled,0
16140,At Risk,United Kingdom,66,3,1557.6,519.2,118.0,50,376,-0.157,-0.199,0.379,0.736,0.966,New Customers,0.432,0.15,Borderline,1
16141,New Customers,United Kingdom,88,2,955.94,477.97,,47,328,0.026,-0.555,0.026,0.985,1.007,At Risk,0.494,-0.002,Borderline,1
16142,Hibernating,United Kingdom,250,1,535.34,535.34,,37,0,0.691,-1.057,-0.393,0.577,1.609,At Risk,0.264,0.496,Settled,0
16143,Champions,United Kingdom,3,12,4910.83,409.24,27.1,107,726,-1.966,1.26,1.208,0.89,2.392,New Customers,0.271,0.458,Settled,0
16144,Hibernating,United Kingdom,247,1,175.2,175.2,,1,0,0.683,-1.057,-1.198,0.403,1.986,New Customers,0.169,0.62,Core,0
16145,Champions,United Kingdom,9,19,6805.44,358.18,12.8,217,575,-1.377,1.794,1.444,0.364,2.531,At Risk,0.126,0.564,Core,0
16146,At Risk,United Kingdom,157,4,946.38,236.6,84.4,34,291,0.394,0.077,0.019,0.467,1.364,New Customers,0.255,0.426,Settled,0
16147,At Risk,United Kingdom,134,5,2398.91,479.78,94.9,113,538,0.293,0.303,0.691,0.275,1.624,New Customers,0.145,0.532,Core,0
16148,Hibernating,United Kingdom,296,2,386.62,193.31,,9,140,0.799,-0.555,-0.628,0.419,1.417,At Risk,0.228,0.492,Settled,0
16149,New Customers,United Kingdom,5,3,422.22,140.74,74.5,30,424,-1.705,-0.199,-0.564,0.884,2.372,At Risk,0.272,0.504,Core,0
16150,Champions,United Kingdom,43,10,4395.59,439.56,31.9,143,679,-0.426,1.053,1.128,0.887,1.316,At Risk,0.403,0.142,Borderline,1
16152,At Risk,United Kingdom,269,1,1829.04,1829.04,,29,0,0.738,-1.057,0.495,1.393,1.418,Hibernating,0.496,-0.022,Borderline,1
16153,Champions,United Kingdom,50,11,5133.49,466.68,35.2,161,512,-0.332,1.161,1.241,0.893,1.39,At Risk,0.391,0.166,Borderline,1
16155,At Risk,United Kingdom,382,5,796.9,159.38,25.5,45,158,0.962,0.303,-0.106,0.786,1.414,Hibernating,0.357,0.316,Settled,0
16156,Champions,United Kingdom,9,20,6218.18,310.91,26.8,199,728,-1.377,1.854,1.379,0.4,2.543,At Risk,0.136,0.561,Core,0
16157,New Customers,United Kingdom,16,3,656.69,218.9,20.5,12,56,-1.037,-0.199,-0.245,0.183,1.655,At Risk,0.1,0.512,Core,0
16158,At Risk,United Kingdom,522,9,628.32,69.81,16.9,29,211,1.162,0.935,-0.277,1.232,1.924,Hibernating,0.39,0.293,Settled,0
16159,At Risk,United Kingdom,282,4,1232.79,308.2,44.6,31,455,0.768,0.077,0.21,0.488,1.46,Hibernating,0.251,0.441,Settled,0
16160,New Customers,United Kingdom,65,2,1025.44,512.72,,20,20,-0.166,-0.555,0.077,0.828,1.073,At Risk,0.435,0.128,Borderline,1
16161,Champions,United Kingdom,2,43,12831.8,298.41,12.5,458,668,-2.15,2.77,1.903,1.688,3.842,At Risk,0.305,0.495,Settled,0
16162,Hibernating,United Kingdom,252,1,37.4,37.4,,2,0,0.696,-1.057,-2.299,1.422,2.702,New Customers,0.345,0.447,Settled,0
16163,At Risk,United Kingdom,232,6,2849.58,474.93,63.7,59,505,0.643,0.494,0.815,0.501,2.026,New Customers,0.198,0.568,Core,0
16164,New Customers,United Kingdom,17,3,822.48,274.16,5.5,27,25,-1.0,-0.199,-0.083,0.223,1.562,At Risk,0.125,0.489,Settled,0
16165,Hibernating,United Kingdom,505,1,79.9,79.9,,1,0,1.141,-1.057,-1.76,0.919,2.642,New Customers,0.258,0.598,Core,0
16166,Hibernating,United Kingdom,428,2,435.83,217.92,,18,263,1.035,-0.555,-0.541,0.5,1.442,At Risk,0.257,0.484,Settled,0
16167,At Risk,United Kingdom,414,5,1386.12,277.22,72.5,51,324,1.014,0.303,0.294,0.639,1.676,Hibernating,0.276,0.453,Settled,0
16168,Champions,United Kingdom,11,66,10636.47,161.16,12.6,131,726,-1.26,3.29,1.767,1.804,3.675,At Risk,0.329,0.441,Settled,0
16169,New Customers,United Kingdom,8,4,1822.97,455.74,10.7,71,67,-1.445,0.077,0.492,0.999,1.726,Champions,0.367,0.34,Settled,0
16170,Champions,United Kingdom,51,20,6869.0,343.45,32.5,254,608,-0.319,1.854,1.451,0.878,1.996,At Risk,0.306,0.359,Settled,0
16171,Hibernating,United Kingdom,59,1,73.2,73.2,,3,0,-0.227,-1.057,-1.823,1.451,1.869,New Customers,0.437,0.202,Borderline,1
16172,At Risk,United Kingdom,95,8,1884.55,235.57,73.4,81,417,0.074,0.805,0.516,0.61,1.644,Champions,0.271,0.47,Settled,0
16173,New Customers,United Kingdom,16,6,1418.32,236.39,10.6,70,82,-1.037,0.494,0.311,0.984,1.447,At Risk,0.405,0.231,Borderline,1
16174,At Risk,United Kingdom,126,7,2246.75,320.96,117.3,28,476,0.254,0.659,0.643,0.446,1.738,New Customers,0.204,0.53,Core,0
16175,At Risk,United Kingdom,94,7,1836.44,262.35,69.7,59,469,0.068,0.659,0.498,0.495,1.547,New Customers,0.242,0.475,Settled,0
16176,At Risk,United Kingdom,421,4,2052.69,513.17,33.9,53,198,1.025,0.077,0.578,0.684,1.759,Hibernating,0.28,0.453,Settled,0
16177,At Risk,United Kingdom,50,8,2247.31,280.91,124.8,79,596,-0.332,0.805,0.643,0.912,1.299,Champions,0.412,0.26,Settled,0
16178,Hibernating,United Kingdom,138,2,612.6,306.3,,24,263,0.312,-0.555,-0.295,0.884,1.119,At Risk,0.441,0.168,Borderline,1
16179,Hibernating,United Kingdom,61,1,215.83,215.83,,11,0,-0.206,-1.057,-1.048,1.111,1.294,New Customers,0.462,0.119,Borderline,1
16180,Champions,United Kingdom,100,13,16249.87,1249.99,58.3,171,434,0.107,1.352,2.074,1.445,1.974,At Risk,0.423,0.157,Borderline,1
16181,Hibernating,United Kingdom,73,1,305.54,305.54,,11,0,-0.093,-1.057,-0.797,0.995,1.226,New Customers,0.448,0.152,Borderline,1
16182,Champions,United Kingdom,72,9,9971.65,1107.96,32.6,20,568,-0.102,0.935,1.721,1.249,1.521,At Risk,0.451,0.058,Borderline,1
16183,At Risk,United Kingdom,67,4,1077.81,269.45,151.1,32,340,-0.147,0.077,0.112,0.662,0.907,New Customers,0.422,0.164,Borderline,1
16184,At Risk,United Kingdom,64,6,1158.79,193.13,14.8,26,147,-0.176,0.494,0.165,0.66,1.146,New Customers,0.365,0.281,Settled,0
16185,New Customers,United Kingdom,17,3,644.72,214.91,58.0,39,547,-1.0,-0.199,-0.259,0.156,1.629,At Risk,0.087,0.509,Core,0
16186,Champions,United Kingdom,23,26,9026.11,347.16,28.1,172,707,-0.815,2.165,1.649,0.761,2.539,At Risk,0.231,0.496,Settled,0
16187,Champions,United Kingdom,32,15,6911.44,460.76,14.6,160,252,-0.611,1.517,1.456,0.532,1.885,At Risk,0.22,0.425,Settled,0
16188,At Risk,United Kingdom,45,5,1087.66,217.53,53.2,72,364,-0.398,0.303,0.119,0.849,0.862,New Customers,0.496,0.034,Borderline,1
16189,New Customers,United Kingdom,16,2,215.48,107.74,,9,69,-1.037,-0.555,-1.049,0.856,1.944,Hibernating,0.306,0.422,Settled,0
16190,At Risk,United Kingdom,40,8,2723.55,340.44,109.0,89,685,-0.472,0.805,0.782,1.063,1.142,Champions,0.482,0.113,Borderline,1
16191,Champions,United Kingdom,3,24,15688.02,653.67,56.4,113,725,-1.966,2.07,2.048,1.206,3.365,At Risk,0.264,0.532,Core,0
16192,Hibernating,United Kingdom,736,1,351.3,351.3,,11,0,1.383,-1.057,-0.697,0.58,2.019,At Risk,0.223,0.595,Core,0
16193,Hibernating,United Kingdom,237,2,630.43,315.22,,38,174,0.657,-0.555,-0.275,0.733,1.135,At Risk,0.392,0.268,Settled,0
16194,Hibernating,United Kingdom,375,1,308.6,308.6,,8,0,0.951,-1.057,-0.79,0.237,1.904,At Risk,0.111,0.646,Core,0
16195,Hibernating,United Kingdom,723,1,323.25,323.25,,16,0,1.371,-1.057,-0.757,0.551,2.048,At Risk,0.212,0.608,Core,0
16196,Hibernating,United Kingdom,489,1,93.3,93.3,,4,0,1.121,-1.057,-1.65,0.81,2.564,New Customers,0.24,0.618,Core,0
16197,At Risk,United Kingdom,469,9,2016.71,224.08,30.3,52,254,1.094,0.935,0.565,0.963,2.33,Hibernating,0.292,0.491,Settled,0
16198,New Customers,United Kingdom,75,2,1030.04,515.02,,30,362,-0.076,-0.555,0.08,0.909,1.028,At Risk,0.469,0.057,Borderline,1
16199,At Risk,United Kingdom,392,7,942.75,134.68,22.4,2,238,0.979,0.659,0.016,0.81,1.78,Hibernating,0.313,0.417,Settled,0
16200,Champions,United Kingdom,4,12,5643.45,470.29,68.8,361,732,-1.822,1.26,1.309,0.745,2.395,New Customers,0.237,0.49,Settled,0
16201,New Customers,United Kingdom,3,5,2112.12,422.42,118.5,86,412,-1.966,0.303,0.599,1.497,1.671,Champions,0.473,0.118,Borderline,1
16202,At Risk,United Kingdom,361,9,2501.99,278.0,42.6,105,376,0.926,0.935,0.721,0.886,2.238,Champions,0.284,0.515,Core,0
16203,At Risk,United Kingdom,59,6,1114.54,185.76,40.8,56,445,-0.227,0.494,0.137,0.715,1.105,New Customers,0.393,0.237,Borderline,1
16204,New Customers,United Kingdom,23,3,944.24,314.75,3.0,86,707,-0.815,-0.199,0.017,0.291,1.367,At Risk,0.175,0.431,Settled,0
16205,At Risk,United Kingdom,31,7,1824.01,260.57,71.2,146,511,-0.631,0.659,0.493,1.088,1.241,New Customers,0.467,0.111,Borderline,1
16206,Champions,United Kingdom,55,13,2589.57,199.2,40.9,186,629,-0.272,1.352,0.746,1.072,1.29,At Risk,0.454,0.033,Borderline,1
16207,New Customers,United Kingdom,25,1,394.38,394.38,,19,0,-0.764,-1.057,-0.613,0.847,1.678,Hibernating,0.335,0.359,Settled,0
16208,Champions,United Kingdom,45,10,3440.45,344.04,69.2,180,608,-0.398,1.053,0.951,0.97,1.213,At Risk,0.444,0.054,Borderline,1
16209,At Risk,United Kingdom,89,9,4146.78,460.75,50.0,51,458,0.033,0.935,1.086,0.985,1.34,Champions,0.424,0.244,Borderline,1
16210,Champions,United Kingdom,2,33,38469.51,1165.74,26.7,144,735,-2.15,2.45,2.697,1.914,4.03,At Risk,0.322,0.469,Settled,0
16211,At Risk,United Kingdom,89,3,1090.59,363.53,158.0,35,349,0.033,-0.199,0.121,0.682,0.996,New Customers,0.406,0.198,Borderline,1
16212,New Customers,United Kingdom,19,4,1293.71,323.43,120.2,71,650,-0.933,0.077,0.244,0.622,1.354,At Risk,0.315,0.342,Settled,0
16213,Hibernating,United Kingdom,79,1,159.0,159.0,,6,0,-0.043,-1.057,-1.267,1.009,1.525,New Customers,0.398,0.276,Settled,0
16214,At Risk,United Kingdom,171,4,2038.25,509.56,61.0,84,264,0.449,0.077,0.573,0.261,1.612,New Customers,0.139,0.533,Core,0
16215,Hibernating,United Kingdom,81,1,242.35,242.35,,14,0,-0.027,-1.057,-0.964,0.927,1.351,New Customers,0.407,0.245,Borderline,1
16216,Hibernating,United Kingdom,267,1,914.93,914.93,,37,0,0.733,-1.057,-0.006,0.929,1.458,At Risk,0.389,0.308,Settled,0
16217,Hibernating,United Kingdom,235,2,304.25,152.12,,13,46,0.652,-0.555,-0.8,0.394,1.518,At Risk,0.206,0.515,Core,0
16218,Champions,United Kingdom,30,13,4439.97,341.54,39.9,82,531,-0.651,1.352,1.136,0.562,1.645,At Risk,0.255,0.369,Settled,0
16219,Hibernating,United Kingdom,501,1,40.8,40.8,,1,0,1.136,-1.057,-2.238,1.374,2.939,New Customers,0.319,0.507,Core,0
16221,Champions,United Kingdom,37,9,2234.06,248.23,73.6,176,449,-0.521,0.935,0.639,1.119,1.135,At Risk,0.496,-0.061,Borderline,1
16222,At Risk,United Kingdom,318,2,1345.22,672.61,,133,402,0.845,-0.555,0.273,0.973,1.215,Hibernating,0.445,0.109,Borderline,1
16223,At Risk,United Kingdom,375,2,1102.35,551.17,,101,20,0.951,-0.555,0.129,1.059,1.079,Hibernating,0.495,-0.028,Borderline,1
16224,At Risk,United Kingdom,57,5,1616.54,323.31,46.8,107,330,-0.249,0.303,0.405,0.641,1.095,New Customers,0.369,0.268,Settled,0
16225,Champions,United Kingdom,45,15,2867.41,191.16,40.2,189,625,-0.398,1.517,0.82,0.91,1.509,At Risk,0.376,0.202,Borderline,1
16226,At Risk,United Kingdom,203,5,672.17,134.43,53.5,23,210,0.558,0.303,-0.228,0.683,1.383,Hibernating,0.331,0.343,Settled,0
16227,At Risk,United Kingdom,225,3,1027.22,342.41,114.0,28,310,0.624,-0.199,0.078,0.648,1.21,Hibernating,0.349,0.288,Settled,0
16228,At Risk,United Kingdom,385,3,890.81,296.94,7.5,45,14,0.967,-0.199,-0.025,0.885,1.103,Hibernating,0.445,0.117,Borderline,1
16229,At Risk,United Kingdom,87,6,2867.86,477.98,62.0,144,477,0.018,0.494,0.82,0.574,1.61,New Customers,0.263,0.467,Settled,0
16230,Hibernating,United Kingdom,190,2,542.03,271.02,,32,30,0.516,-0.555,-0.384,0.703,1.183,At Risk,0.373,0.298,Settled,0
16231,At Risk,United Kingdom,379,4,1078.22,269.56,71.0,69,218,0.957,0.077,0.113,0.685,1.385,Hibernating,0.331,0.351,Settled,0
16232,At Risk,United Kingdom,44,7,2712.97,387.57,61.7,60,506,-0.412,0.659,0.78,0.949,1.275,Champions,0.427,0.231,Borderline,1
16233,At Risk,United Kingdom,71,9,1965.71,218.41,72.5,49,666,-0.11,0.935,0.547,0.825,1.437,Champions,0.365,0.347,Settled,0
16234,Hibernating,United Kingdom,476,3,333.18,111.06,4.5,13,85,1.103,-0.199,-0.735,0.72,1.453,At Risk,0.331,0.382,Settled,0
16235,At Risk,United Kingdom,41,8,2043.71,255.46,44.6,79,429,-0.456,0.805,0.575,1.001,1.268,Champions,0.441,0.201,Borderline,1
16236,Hibernating,United Kingdom,78,1,432.2,432.2,,20,0,-0.051,-1.057,-0.547,1.013,1.165,New Customers,0.465,0.114,Borderline,1
16237,Hibernating,United Kingdom,437,1,136.65,136.65,,7,0,1.049,-1.057,-1.376,0.54,2.35,At Risk,0.187,0.657,Core,0
16238,Hibernating,United Kingdom,423,1,63.66,63.66,,6,0,1.028,-1.057,-1.922,1.049,2.656,New Customers,0.283,0.56,Core,0
16239,At Risk,United Kingdom,57,6,1492.2,248.7,70.7,24,406,-0.249,0.494,0.348,0.677,1.182,New Customers,0.364,0.291,Settled,0
16240,New Customers,United Kingdom,24,2,3718.8,1859.4,,126,53,-0.789,-0.555,1.007,1.28,1.561,At Risk,0.451,0.123,Borderline,1
16241,Champions,United Kingdom,10,16,4326.26,270.39,20.9,499,400,-1.316,1.592,1.117,0.306,2.253,At Risk,0.12,0.535,Core,0
16242,Champions,United Kingdom,8,14,7474.4,533.89,31.6,348,625,-1.445,1.437,1.512,0.363,2.419,At Risk,0.131,0.55,Core,0
16243,New Customers,United Kingdom,34,2,409.1,204.55,,49,21,-0.573,-0.555,-0.587,0.528,1.516,Hibernating,0.258,0.417,Settled,0
16244,At Risk,United Kingdom,212,2,2579.38,1289.69,,88,160,0.586,-0.555,0.743,0.921,1.699,Hibernating,0.351,0.333,Settled,0
16245,New Customers,United Kingdom,24,3,1413.66,471.22,18.5,80,233,-0.789,-0.199,0.308,0.571,1.284,At Risk,0.308,0.328,Settled,0
16246,Hibernating,United Kingdom,460,2,827.25,413.62,,79,209,1.081,-0.555,-0.079,0.903,1.206,At Risk,0.428,0.218,Borderline,1
16247,Hibernating,United Kingdom,170,1,114.56,114.56,,16,0,0.445,-1.057,-1.503,0.765,1.981,New Customers,0.279,0.513,Core,0
16248,Hibernating,United Kingdom,62,1,152.94,152.94,,7,0,-0.196,-1.057,-1.295,1.159,1.466,New Customers,0.442,0.176,Borderline,1
16249,At Risk,United Kingdom,53,5,1800.07,360.01,16.0,67,186,-0.295,0.303,0.483,0.688,1.118,New Customers,0.381,0.257,Settled,0
16250,At Risk,United Kingdom,261,3,791.38,263.79,49.5,29,125,0.719,-0.199,-0.111,0.802,1.045,Hibernating,0.434,0.129,Borderline,1
16251,Hibernating,United Kingdom,512,1,128.31,128.31,,20,0,1.15,-1.057,-1.421,0.618,2.415,At Risk,0.204,0.648,Core,0
16252,Hibernating,United Kingdom,383,1,295.09,295.09,,21,0,0.964,-1.057,-0.822,0.229,1.929,At Risk,0.106,0.652,Core,0
16253,At Risk,United Kingdom,67,7,7260.15,1037.16,65.2,217,664,-0.147,0.659,1.491,1.242,1.328,Champions,0.483,0.112,Borderline,1
16254,At Risk,United Kingdom,378,3,985.14,328.38,4.0,65,253,0.956,-0.199,0.048,0.841,1.161,Hibernating,0.42,0.173,Borderline,1
16255,Champions,United Kingdom,17,15,4906.8,327.12,25.3,231,668,-1.0,1.517,1.208,0.2,2.01,At Risk,0.091,0.504,Core,0
16256,At Risk,United Kingdom,267,3,1579.37,526.46,61.5,26,331,0.733,-0.199,0.389,0.599,1.458,Hibernating,0.291,0.394,Settled,0
16257,Hibernating,United Kingdom,177,1,21.95,21.95,,1,0,0.471,-1.057,-2.671,1.825,2.882,New Customers,0.388,0.353,Settled,0
16258,Champions,United Kingdom,45,15,11942.52,796.17,42.8,253,593,-0.398,1.517,1.851,0.887,2.034,At Risk,0.304,0.363,Settled,0
16259,Hibernating,United Kingdom,410,3,361.94,120.65,97.5,75,194,1.008,-0.199,-0.675,0.713,1.36,At Risk,0.344,0.354,Settled,0
16260,New Customers,United Kingdom,51,1,1035.45,1035.45,,18,0,-0.319,-1.057,0.084,0.998,1.563,At Risk,0.39,0.247,Borderline,1
16261,New Customers,United Kingdom,17,6,1059.45,176.58,42.7,118,425,-1.0,0.494,0.1,0.878,1.445,At Risk,0.378,0.274,Settled,0
16262,Hibernating,United Kingdom,378,1,755.15,755.15,,46,0,0.956,-1.057,-0.144,0.787,1.571,At Risk,0.334,0.415,Settled,0
16263,Hibernating,United Kingdom,423,1,351.01,351.01,,19,0,1.028,-1.057,-0.697,0.321,1.871,At Risk,0.146,0.63,Core,0
16264,Hibernating,United Kingdom,438,2,837.53,418.76,,62,7,1.05,-0.555,-0.07,0.904,1.184,At Risk,0.433,0.206,Borderline,1
16265,Champions,United Kingdom,9,12,6685.17,557.1,29.4,191,398,-1.377,1.26,1.431,0.378,2.25,At Risk,0.144,0.526,Core,0
16266,At Risk,United Kingdom,74,14,1757.95,125.57,55.0,73,599,-0.084,1.437,0.466,1.242,1.38,Champions,0.474,0.139,Borderline,1
16267,Hibernating,United Kingdom,591,1,186.66,186.66,,7,0,1.242,-1.057,-1.152,0.483,2.248,At Risk,0.177,0.658,Core,0
16268,New Customers,United Kingdom,71,2,617.65,308.82,,44,0,-0.11,-0.555,-0.29,0.818,1.202,Hibernating,0.405,0.186,Borderline,1
16269,Hibernating,United Kingdom,438,1,717.57,717.57,,53,0,1.05,-1.057,-0.181,0.767,1.621,At Risk,0.321,0.44,Settled,0
16270,Hibernating,United Kingdom,353,1,1141.24,1141.24,,54,0,0.912,-1.057,0.154,1.075,1.471,At Risk,0.422,0.244,Borderline,1
16271,Champions,United Kingdom,16,8,3433.02,429.13,62.3,175,627,-1.037,0.805,0.95,0.844,1.603,At Risk,0.345,0.293,Settled,0
16272,Hibernating,United Kingdom,117,1,411.7,411.7,,25,0,0.207,-1.057,-0.582,0.768,1.37,New Customers,0.359,0.335,Settled,0
16273,Hibernating,United Kingdom,648,2,336.04,168.02,,15,7,1.301,-0.555,-0.729,0.551,1.701,At Risk,0.245,0.527,Core,0
16274,Hibernating,United Kingdom,373,1,675.5,675.5,,63,0,0.947,-1.057,-0.225,0.709,1.6,At Risk,0.307,0.455,Settled,0
16275,At Risk,United Kingdom,197,3,2151.11,717.04,55.5,105,444,0.539,-0.199,0.612,0.541,1.667,New Customers,0.245,0.469,Settled,0
16276,At Risk,United Kingdom,177,3,2629.39,876.46,87.5,20,430,0.471,-0.199,0.757,0.592,1.691,New Customers,0.259,0.47,Settled,0
16277,Hibernating,United Kingdom,734,1,188.69,188.69,,23,0,1.381,-1.057,-1.144,0.592,2.299,At Risk,0.205,0.637,Core,0
16278,At Risk,United Kingdom,100,3,1117.84,372.61,180.5,50,399,0.107,-0.199,0.139,0.638,1.071,New Customers,0.373,0.256,Settled,0
16279,Champions,United Kingdom,21,9,5705.08,633.9,55.1,243,575,-0.871,0.935,1.317,0.659,1.67,At Risk,0.283,0.352,Settled,0
16280,Hibernating,United Kingdom,725,1,238.05,238.05,,16,0,1.373,-1.057,-0.977,0.538,2.184,At Risk,0.198,0.633,Core,0
16281,At Risk,United Kingdom,72,3,3424.02,1141.34,46.0,27,610,-0.102,-0.199,0.948,0.864,1.432,New Customers,0.376,0.287,Settled,0
16282,At Risk,United Kingdom,340,3,1307.58,435.86,41.5,31,378,0.888,-0.199,0.252,0.721,1.331,Hibernating,0.351,0.307,Settled,0
16283,Champions,United Kingdom,6,8,4402.12,550.26,56.6,384,643,-1.606,0.805,1.129,0.902,1.907,New Customers,0.321,0.352,Settled,0
16284,New Customers,United Kingdom,31,3,1029.77,343.26,162.0,108,362,-0.631,-0.199,0.08,0.427,1.187,At Risk,0.264,0.342,Settled,0
16285,Hibernating,United Kingdom,646,1,176.9,176.9,,31,0,1.299,-1.057,-1.191,0.547,2.298,At Risk,0.192,0.649,Core,0
16286,Hibernating,United Kingdom,477,2,328.95,164.48,,17,146,1.105,-0.555,-0.744,0.413,1.616,At Risk,0.204,0.548,Core,0
16287,At Risk,United Kingdom,170,5,1006.98,201.4,76.1,18,519,0.445,0.303,0.063,0.375,1.497,New Customers,0.2,0.495,Settled,0
16288,Hibernating,United Kingdom,470,1,129.85,129.85,,7,0,1.095,-1.057,-1.413,0.588,2.392,At Risk,0.197,0.652,Core,0
16289,Hibernating,United Kingdom,462,1,136.31,136.31,,21,0,1.084,-1.057,-1.378,0.554,2.362,At Risk,0.19,0.656,Core,0
16290,At Risk,United Kingdom,465,4,2069.3,517.33,20.8,85,101,1.088,0.077,0.584,0.745,1.771,Hibernating,0.296,0.435,Settled,0
16292,At Risk,United Kingdom,122,5,1253.76,250.75,80.3,51,482,0.233,0.303,0.222,0.264,1.358,New Customers,0.163,0.474,Settled,0
16293,Champions,United Kingdom,22,15,4657.95,310.53,53.5,168,707,-0.843,1.517,1.17,0.345,1.89,At Risk,0.155,0.465,Settled,0
16294,Hibernating,United Kingdom,477,1,126.05,126.05,,8,0,1.105,-1.057,-1.434,0.61,2.411,At Risk,0.202,0.649,Core,0
16295,New Customers,United Kingdom,10,4,1328.55,332.14,11.7,70,54,-1.316,0.077,0.264,0.766,1.729,At Risk,0.307,0.409,Settled,0
16296,At Risk,United Kingdom,626,4,1313.67,328.42,15.8,56,95,1.279,0.077,0.255,0.93,1.544,Hibernating,0.376,0.297,Settled,0
16297,Hibernating,United Kingdom,269,1,301.9,301.9,,20,0,0.738,-1.057,-0.806,0.259,1.864,At Risk,0.122,0.626,Core,0
16298,New Customers,United Kingdom,23,7,1085.7,155.1,76.5,32,419,-0.815,0.659,0.118,1.033,1.3,At Risk,0.443,0.13,Borderline,1
16299,Hibernating,United Kingdom,477,1,193.65,193.65,,12,0,1.105,-1.057,-1.126,0.374,2.181,At Risk,0.146,0.669,Core,0
16300,At Risk,United Kingdom,430,3,1392.43,464.14,72.5,190,245,1.038,-0.199,0.298,0.823,1.38,Hibernating,0.373,0.28,Settled,0
16301,Hibernating,United Kingdom,737,1,107.33,107.33,,6,0,1.383,-1.057,-1.549,0.844,2.595,At Risk,0.245,0.61,Core,0
16302,Hibernating,United Kingdom,127,1,233.22,233.22,,11,0,0.259,-1.057,-0.992,0.655,1.562,New Customers,0.295,0.441,Settled,0
16303,Champions,United Kingdom,26,7,7928.27,1132.61,62.8,156,605,-0.74,0.659,1.555,0.984,1.634,At Risk,0.376,0.222,Borderline,1
16304,Hibernating,United Kingdom,695,1,381.66,381.66,,25,0,1.346,-1.057,-0.637,0.573,1.968,At Risk,0.226,0.588,Core,0
16305,Hibernating,United Kingdom,139,1,361.22,361.22,,22,0,0.316,-1.057,-0.677,0.635,1.484,New Customers,0.3,0.429,Settled,0
16306,At Risk,United Kingdom,214,7,1192.82,170.4,29.3,55,221,0.592,0.659,0.186,0.488,1.818,New Customers,0.212,0.536,Core,0
16307,At Risk,United Kingdom,429,3,1194.92,398.31,39.0,69,147,1.037,-0.199,0.187,0.847,1.285,Hibernating,0.397,0.23,Borderline,1
16308,Champions,United Kingdom,38,7,5120.0,731.43,46.2,1,686,-0.504,0.659,1.239,1.088,1.259,At Risk,0.464,0.017,Borderline,1
16309,New Customers,United Kingdom,106,2,706.57,353.28,,39,134,0.144,-0.555,-0.192,1.063,1.066,Hibernating,0.499,-0.043,Borderline,1
16310,Hibernating,United Kingdom,414,2,460.08,230.04,,26,227,1.014,-0.555,-0.502,0.523,1.407,At Risk,0.271,0.467,Settled,0
16311,New Customers,United Kingdom,18,2,616.26,308.13,,35,31,-0.965,-0.555,-0.291,0.265,1.755,At Risk,0.131,0.525,Core,0
16312,Hibernating,United Kingdom,432,1,171.15,171.15,,10,0,1.041,-1.057,-1.214,0.403,2.226,At Risk,0.153,0.669,Core,0
16313,New Customers,United Kingdom,3,2,274.15,137.07,,16,46,-1.966,-0.555,-0.875,1.274,2.825,At Risk,0.311,0.478,Settled,0
16314,At Risk,United Kingdom,390,3,1491.4,497.13,27.5,58,83,0.976,-0.199,0.347,0.767,1.418,Hibernating,0.351,0.319,Settled,0
16315,Hibernating,United Kingdom,331,2,402.71,201.36,,21,205,0.871,-0.555,-0.598,0.432,1.418,At Risk,0.234,0.493,Settled,0
16316,Champions,United Kingdom,64,13,5744.91,441.92,30.3,193,428,-0.176,1.352,1.322,0.976,1.496,At Risk,0.395,0.171,Borderline,1
16317,At Risk,United Kingdom,120,5,2192.51,438.5,88.6,103,465,0.223,0.303,0.626,0.255,1.536,New Customers,0.142,0.516,Core,0
16318,New Customers,United Kingdom,35,1,328.15,328.15,,19,0,-0.555,-1.057,-0.746,0.963,1.454,Hibernating,0.398,0.237,Borderline,1
16319,Hibernating,United Kingdom,218,1,404.4,404.4,,3,0,0.604,-1.057,-0.595,0.456,1.707,New Customers,0.211,0.551,Core,0
16320,At Risk,Unspecified,172,6,5628.99,938.16,88.3,193,509,0.452,0.494,1.307,0.899,1.899,Champions,0.321,0.435,Settled,0
16321,At Risk,Australia,72,7,604.55,86.36,119.1,15,666,-0.102,0.659,-0.305,0.961,1.246,New Customers,0.435,0.177,Borderline,1
16322,New Customers,United Kingdom,1,2,326.75,163.38,,28,35,-2.41,-0.555,-0.749,1.623,3.156,At Risk,0.34,0.439,Settled,0
16323,Hibernating,United Kingdom,196,2,353.66,176.83,,4,381,0.536,-0.555,-0.692,0.505,1.415,At Risk,0.263,0.454,Settled,0
16324,Hibernating,United Kingdom,128,3,428.68,142.89,24.5,100,48,0.264,-0.199,-0.553,0.968,1.109,At Risk,0.466,0.1,Borderline,1
16325,Champions,United Kingdom,47,12,3597.5,299.79,51.9,104,688,-0.371,1.26,0.984,0.893,1.35,At Risk,0.398,0.151,Borderline,1
16326,Champions,United Kingdom,6,24,4731.99,197.17,25.6,242,674,-1.606,2.07,1.182,0.732,2.778,At Risk,0.209,0.543,Core,0
16327,Champions,United Kingdom,14,16,10670.14,666.88,25.4,288,711,-1.117,1.592,1.769,0.417,2.399,At Risk,0.148,0.532,Core,0
16328,Hibernating,United Kingdom,563,1,310.83,310.83,,16,0,1.211,-1.057,-0.785,0.404,1.993,At Risk,0.169,0.637,Core,0
16329,At Risk,United Kingdom,428,4,1703.07,425.77,76.3,83,311,1.035,0.077,0.443,0.679,1.648,Hibernating,0.292,0.429,Settled,0
16330,New Customers,United Kingdom,18,7,634.33,90.62,120.7,105,644,-0.965,0.659,-0.27,0.968,1.572,At Risk,0.381,0.268,Settled,0
16331,At Risk,United Kingdom,432,6,2037.7,339.62,64.9,33,210,1.041,0.494,0.573,0.696,2.01,Hibernating,0.257,0.507,Core,0
16332,Champions,United Kingdom,28,11,2007.89,182.54,52.1,157,561,-0.694,1.161,0.562,0.983,1.397,At Risk,0.413,0.145,Borderline,1
16333,Champions,United Kingdom,8,22,26626.8,1210.31,17.4,9,302,-1.445,1.967,2.431,1.198,3.189,At Risk,0.273,0.502,Core,0
16334,Hibernating,United Kingdom,492,1,277.48,277.48,,54,0,1.124,-1.057,-0.867,0.317,2.011,At Risk,0.136,0.655,Core,0
16335,At Risk,United Kingdom,552,7,2774.0,396.29,10.7,193,184,1.198,0.659,0.796,0.959,2.302,Hibernating,0.294,0.485,Settled,0
16336,At Risk,United Kingdom,421,4,3517.69,879.42,74.2,64,211,1.025,0.077,0.967,0.855,2.098,Hibernating,0.29,0.468,Settled,0
16337,New Customers,United Kingdom,37,1,151.05,151.05,,10,0,-0.521,-1.057,-1.304,1.351,1.467,Hibernating,0.479,0.053,Borderline,1
16338,Hibernating,United Kingdom,157,1,214.8,214.8,,11,0,0.394,-1.057,-1.051,0.542,1.691,New Customers,0.243,0.515,Core,0
16339,Hibernating,United Kingdom,284,1,109.95,109.95,,17,0,0.773,-1.057,-1.532,0.667,2.232,New Customers,0.23,0.6,Core,0
16340,At Risk,United Kingdom,107,3,1526.06,508.69,110.0,277,444,0.15,-0.199,0.364,0.55,1.207,New Customers,0.313,0.343,Settled,0
16341,Champions,United Kingdom,25,7,3850.79,550.11,85.1,103,584,-0.764,0.659,1.033,1.007,1.352,At Risk,0.427,0.117,Borderline,1
16342,New Customers,United Kingdom,75,4,322.41,80.6,2.5,10,104,-0.076,0.077,-0.759,1.035,1.298,At Risk,0.444,0.119,Borderline,1
16343,New Customers,United Kingdom,16,3,687.07,229.02,195.5,54,391,-1.037,-0.199,-0.213,0.186,1.642,At Risk,0.102,0.509,Core,0
16344,At Risk,United Kingdom,158,4,842.42,210.6,128.1,43,510,0.398,0.077,-0.065,0.543,1.346,Hibernating,0.287,0.384,Settled,0
16345,New Customers,United Kingdom,44,2,1198.74,599.37,,95,438,-0.412,-0.555,0.189,0.69,1.191,At Risk,0.367,0.245,Borderline,1
16346,Hibernating,United Kingdom,385,1,224.51,224.51,,15,0,0.967,-1.057,-1.019,0.245,2.064,At Risk,0.106,0.669,Core,0
16347,Champions,United Kingdom,11,11,3509.41,319.04,101.5,209,626,-1.26,1.161,0.966,0.558,1.937,New Customers,0.224,0.457,Settled,0
16348,At Risk,United Kingdom,32,8,1795.88,224.48,58.6,179,398,-0.611,0.805,0.481,1.127,1.255,Champions,0.473,0.126,Borderline,1
16349,Hibernating,United Kingdom,291,1,53.5,53.5,,9,0,0.788,-1.057,-2.046,1.163,2.574,New Customers,0.311,0.507,Core,0
16350,Champions,United Kingdom,21,9,2253.89,250.43,75.7,72,406,-0.871,0.935,0.646,0.968,1.433,At Risk,0.403,0.18,Borderline,1
16351,At Risk,United Kingdom,333,13,3330.03,256.16,19.8,124,402,0.875,1.352,0.928,1.267,2.061,Champions,0.381,0.352,Settled,0
16352,New Customers,United Kingdom,18,2,494.44,247.22,,28,20,-0.965,-0.555,-0.45,0.333,1.826,At Risk,0.154,0.532,Core,0
16353,Champions,United Kingdom,4,38,9999.46,263.14,25.1,76,728,-1.822,2.62,1.723,1.334,3.463,At Risk,0.278,0.519,Core,0
16354,At Risk,United Kingdom,63,5,1129.51,225.9,112.2,116,528,-0.186,0.303,0.146,0.645,1.008,New Customers,0.39,0.225,Borderline,1
16355,Hibernating,United Kingdom,375,1,416.35,416.35,,47,0,0.951,-1.057,-0.574,0.389,1.773,At Risk,0.18,0.596,Core,0
16356,At Risk,United Kingdom,198,6,415.87,69.31,61.3,27,354,0.542,0.494,-0.575,1.04,1.434,Hibernating,0.42,0.199,Borderline,1
16357,New Customers,United Kingdom,33,4,868.37,217.09,48.6,43,347,-0.592,0.077,-0.044,0.524,1.113,At Risk,0.32,0.279,Settled,0
16358,Champions,United Kingdom,1,5,2919.65,583.93,71.8,118,393,-2.41,0.303,0.833,1.853,1.961,New Customers,0.486,0.008,Borderline,1
16359,Champions,United Kingdom,7,16,2697.75,168.61,26.7,78,654,-1.521,1.592,0.775,0.7,2.245,New Customers,0.238,0.473,Settled,0
16360,Champions,United Kingdom,5,6,3512.53,585.42,6.6,365,83,-1.705,0.494,0.966,1.253,1.665,New Customers,0.429,0.144,Borderline,1
16361,New Customers,United Kingdom,10,4,896.66,224.16,7.3,87,61,-1.316,0.077,-0.02,0.616,1.779,At Risk,0.257,0.463,Settled,0
16362,New Customers,United Kingdom,32,6,946.94,157.82,133.2,67,405,-0.611,0.494,0.019,0.886,1.103,At Risk,0.445,0.102,Borderline,1
16363,Hibernating,United Kingdom,53,1,109.36,109.36,,5,0,-0.295,-1.057,-1.536,1.347,1.608,New Customers,0.456,0.144,Borderline,1
16364,New Customers,United Kingdom,12,2,707.04,353.52,,48,125,-1.209,-0.555,-0.192,0.41,1.915,At Risk,0.176,0.529,Core,0
16365,Champions,United Kingdom,18,15,3307.2,220.48,38.1,97,710,-0.965,1.517,0.923,0.465,1.893,At Risk,0.197,0.449,Settled,0
16366,New Customers,United Kingdom,19,4,1548.13,387.03,233.7,74,704,-0.933,0.077,0.374,0.728,1.342,At Risk,0.352,0.297,Settled,0
16367,New Customers,United Kingdom,37,3,1362.4,454.13,152.0,196,345,-0.521,-0.199,0.282,0.65,1.045,At Risk,0.383,0.197,Borderline,1
16368,New Customers,United Kingdom,2,3,640.21,213.4,190.5,74,433,-2.15,-0.199,-0.264,1.267,2.584,Champions,0.329,0.447,Settled,0
16369,Champions,United Kingdom,18,7,2662.73,380.39,68.7,114,592,-0.965,0.659,0.766,1.072,1.399,New Customers,0.434,0.132,Borderline,1
16370,At Risk,United Kingdom,82,4,1320.56,330.14,12.7,143,142,-0.019,0.077,0.259,0.494,1.075,New Customers,0.315,0.315,Settled,0
16371,Hibernating,United Kingdom,449,1,157.2,157.2,,11,0,1.066,-1.057,-1.276,0.461,2.279,At Risk,0.168,0.665,Core,0
16372,New Customers,United Kingdom,33,5,1328.61,265.72,154.8,271,573,-0.592,0.303,0.264,0.846,0.997,At Risk,0.459,0.069,Borderline,1
16373,Hibernating,United Kingdom,382,2,309.49,154.74,,25,29,0.962,-0.555,-0.788,0.338,1.592,At Risk,0.175,0.557,Core,0
16374,At Risk,United Kingdom,66,5,1757.6,351.52,52.2,275,522,-0.157,0.303,0.466,0.548,1.187,New Customers,0.316,0.342,Settled,0
16375,Hibernating,United Kingdom,470,2,104.0,52.0,,11,0,1.095,-0.555,-1.572,0.768,2.288,At Risk,0.251,0.569,Core,0
16376,New Customers,United Kingdom,9,2,987.01,493.5,,104,8,-1.377,-0.555,0.049,0.622,1.997,At Risk,0.238,0.498,Settled,0
16377,At Risk,United Kingdom,267,2,1308.48,654.24,,6,350,0.733,-0.555,0.253,0.93,1.204,Hibernating,0.436,0.127,Borderline,1
16378,Hibernating,United Kingdom,247,3,362.95,120.98,17.5,22,63,0.683,-0.199,-0.673,0.728,1.245,At Risk,0.369,0.297,Settled,0
16379,New Customers,United Kingdom,4,4,2157.4,539.35,11.7,87,74,-1.822,0.077,0.614,1.325,1.778,Champions,0.427,0.229,Borderline,1
16380,New Customers,United Kingdom,61,1,1780.59,1780.59,,28,0,-0.206,-1.057,0.475,1.243,1.474,At Risk,0.458,0.104,Borderline,1
16381,Hibernating,United Kingdom,396,2,258.7,129.35,,60,22,0.985,-0.555,-0.917,0.325,1.701,At Risk,0.161,0.579,Core,0
16382,Hibernating,United Kingdom,408,2,353.1,176.55,,42,142,1.005,-0.555,-0.693,0.393,1.537,At Risk,0.203,0.535,Core,0
16383,At Risk,United Kingdom,75,7,2966.14,423.73,48.7,238,598,-0.076,0.659,0.844,0.723,1.468,Champions,0.33,0.395,Settled,0
16384,At Risk,United Kingdom,90,4,1358.95,339.74,5.4,80,500,0.04,0.077,0.28,0.438,1.132,New Customers,0.279,0.356,Settled,0
16385,At Risk,United Kingdom,60,5,1030.61,206.12,87.3,94,571,-0.217,0.303,0.08,0.703,0.962,New Customers,0.422,0.174,Borderline,1
16386,New Customers,United Kingdom,29,3,1102.59,367.53,45.5,127,359,-0.672,-0.199,0.129,0.444,1.209,At Risk,0.268,0.344,Settled,0
16387,At Risk,United Kingdom,323,5,918.55,183.71,64.0,68,315,0.855,0.303,-0.003,0.638,1.472,Hibernating,0.302,0.395,Settled,0
16388,Hibernating,United Kingdom,654,1,186.05,186.05,,13,0,1.307,-1.057,-1.154,0.535,2.275,At Risk,0.19,0.649,Core,0
16389,At Risk,United Kingdom,53,4,1382.07,345.52,41.7,33,229,-0.295,0.077,0.292,0.732,0.886,New Customers,0.452,0.114,Borderline,1
16390,Hibernating,United Kingdom,537,3,467.5,155.83,70.5,16,142,1.181,-0.199,-0.491,0.837,1.31,At Risk,0.39,0.28,Settled,0
16391,At Risk,United Kingdom,401,4,1100.21,275.05,31.2,260,161,0.993,0.077,0.127,0.709,1.399,Hibernating,0.336,0.346,Settled,0
16392,At Risk,United Kingdom,270,3,761.8,253.93,2.0,124,292,0.74,-0.199,-0.138,0.83,1.021,Hibernating,0.448,0.099,Borderline,1
16393,Champions,United Kingdom,2,23,5561.66,241.81,23.2,313,736,-2.15,2.019,1.298,1.126,3.062,New Customers,0.269,0.51,Core,0
16394,At Risk,United Kingdom,57,5,1555.34,311.07,32.0,61,232,-0.249,0.303,0.377,0.642,1.079,New Customers,0.373,0.26,Settled,0
16395,Champions,United Kingdom,61,14,3537.0,252.64,69.0,415,673,-0.206,1.437,0.971,1.009,1.401,At Risk,0.419,0.115,Borderline,1
16396,Hibernating,United Kingdom,476,1,137.8,137.8,,8,0,1.103,-1.057,-1.37,0.555,2.362,At Risk,0.19,0.656,Core,0
16397,Hibernating,United Kingdom,628,1,127.88,127.88,,9,0,1.281,-1.057,-1.424,0.687,2.461,At Risk,0.218,0.637,Core,0
16398,At Risk,United Kingdom,154,2,1705.8,852.9,,75,99,0.382,-0.555,0.444,0.845,1.466,New Customers,0.366,0.286,Settled,0
16399,New Customers,United Kingdom,19,3,640.02,213.34,31.0,96,370,-0.933,-0.199,-0.264,0.117,1.574,At Risk,0.069,0.5,Core,0
16400,At Risk,United Kingdom,95,9,3159.44,351.05,87.4,214,636,0.074,0.935,0.89,0.851,1.428,Champions,0.373,0.334,Settled,0
16401,Champions,United Kingdom,1,23,6847.45,297.72,16.0,109,554,-2.41,2.019,1.449,1.368,3.254,New Customers,0.296,0.485,Settled,0
16402,Hibernating,United Kingdom,265,2,511.4,255.7,,55,104,0.728,-0.555,-0.426,0.586,1.252,At Risk,0.319,0.384,Settled,0
16403,Hibernating,United Kingdom,312,1,177.5,177.5,,10,0,0.833,-1.057,-1.188,0.349,2.102,New Customers,0.142,0.655,Core,0
16404,Hibernating,United Kingdom,70,1,443.05,443.05,,23,0,-0.119,-1.057,-0.529,1.082,1.112,New Customers,0.493,0.043,Borderline,1
16405,Hibernating,United Kingdom,302,2,167.25,83.62,,3,7,0.812,-0.555,-1.231,0.454,1.914,At Risk,0.192,0.582,Core,0
16406,New Customers,United Kingdom,19,3,552.68,184.23,114.5,135,635,-0.933,-0.199,-0.37,0.171,1.624,At Risk,0.095,0.506,Core,0
16407,Champions,United Kingdom,13,14,2821.65,201.55,23.6,120,419,-1.161,1.437,0.808,0.558,1.966,At Risk,0.221,0.452,Settled,0
16408,Hibernating,United Kingdom,591,1,231.93,231.93,,45,0,1.242,-1.057,-0.996,0.424,2.141,At Risk,0.165,0.655,Core,0
16409,Champions,United Kingdom,36,12,5709.04,475.75,21.6,335,690,-0.538,1.26,1.317,0.659,1.607,At Risk,0.291,0.328,Settled,0
16410,Hibernating,United Kingdom,734,1,130.32,130.32,,5,0,1.381,-1.057,-1.41,0.741,2.489,At Risk,0.229,0.624,Core,0
16411,New Customers,United Kingdom,19,4,910.19,227.55,151.6,139,408,-0.933,0.077,-0.01,0.451,1.412,At Risk,0.242,0.41,Settled,0
16412,New Customers,United Kingdom,54,5,647.23,129.45,124.6,84,619,-0.283,0.303,-0.256,0.858,0.964,At Risk,0.471,0.033,Borderline,1
16413,New Customers,United Kingdom,57,2,528.98,264.49,,55,318,-0.249,-0.555,-0.401,0.704,1.27,Hibernating,0.356,0.272,Settled,0
16414,New Customers,United Kingdom,22,5,559.71,111.94,57.2,58,672,-0.843,0.303,-0.361,0.622,1.467,At Risk,0.298,0.362,Settled,0
16415,New Customers,United Kingdom,44,3,719.44,239.81,223.0,120,632,-0.412,-0.199,-0.179,0.492,1.122,At Risk,0.305,0.297,Settled,0
16416,Champions,United Kingdom,27,9,2972.88,330.32,107.5,146,628,-0.717,0.935,0.846,0.893,1.346,At Risk,0.399,0.168,Borderline,1
16417,Hibernating,United Kingdom,493,1,35.7,35.7,,1,0,1.126,-1.057,-2.332,1.464,2.997,New Customers,0.328,0.489,Settled,0
16418,At Risk,United Kingdom,45,5,1101.94,220.39,66.8,121,378,-0.398,0.303,0.128,0.846,0.866,New Customers,0.494,0.039,Borderline,1
16419,At Risk,United Kingdom,113,8,1487.42,185.93,84.1,62,555,0.185,0.805,0.345,0.562,1.653,New Customers,0.254,0.479,Settled,0
16420,Hibernating,United Kingdom,396,1,75.0,75.0,,2,0,0.985,-1.057,-1.806,0.93,2.552,New Customers,0.267,0.579,Core,0
16421,Hibernating,United Kingdom,376,3,526.27,175.42,4.5,35,93,0.952,-0.199,-0.405,0.832,1.122,At Risk,0.426,0.197,Borderline,1
16422,Champions,United Kingdom,17,107,63387.02,592.4,5.0,109,679,-1.0,3.881,3.058,2.899,4.66,At Risk,0.383,0.351,Settled,0
16423,New Customers,United Kingdom,25,1,346.12,346.12,,18,0,-0.764,-1.057,-0.707,0.892,1.664,Hibernating,0.349,0.34,Settled,0
16424,Hibernating,United Kingdom,191,2,443.06,221.53,,10,191,0.519,-0.555,-0.529,0.601,1.288,At Risk,0.318,0.381,Settled,0
16425,Hibernating,United Kingdom,302,1,302.7,302.7,,21,0,0.812,-1.057,-0.804,0.229,1.877,At Risk,0.109,0.636,Core,0
16426,Champions,United Kingdom,2,10,1908.25,190.82,55.9,211,273,-2.15,1.053,0.525,1.4,2.008,New Customers,0.411,0.209,Borderline,1
16427,Hibernating,United Kingdom,263,2,241.06,120.53,,8,21,0.724,-0.555,-0.968,0.349,1.67,At Risk,0.173,0.559,Core,0
16428,Hibernating,United Kingdom,414,3,660.28,220.09,42.0,121,84,1.014,-0.199,-0.241,0.946,1.041,At Risk,0.476,0.084,Borderline,1
16429,Hibernating,United Kingdom,106,1,284.55,284.55,,2,0,0.144,-1.057,-0.849,0.761,1.413,New Customers,0.35,0.349,Settled,0
16430,At Risk,United Kingdom,57,6,1102.94,183.82,116.7,18,624,-0.249,0.494,0.129,0.737,1.089,New Customers,0.404,0.22,Borderline,1
16431,At Risk,United Kingdom,213,3,642.81,214.27,42.0,51,84,0.589,-0.199,-0.261,0.872,0.967,Hibernating,0.474,0.038,Borderline,1
16432,Hibernating,United Kingdom,64,1,287.4,287.4,,8,0,-0.176,-1.057,-0.841,1.073,1.195,New Customers,0.473,0.09,Borderline,1
16433,New Customers,United Kingdom,28,2,384.52,192.26,,33,380,-0.694,-0.555,-0.632,0.5,1.624,Hibernating,0.236,0.452,Settled,0
16434,Champions,United Kingdom,29,12,2741.74,228.48,50.8,126,661,-0.672,1.26,0.787,0.783,1.482,At Risk,0.346,0.257,Settled,0
16435,At Risk,United Kingdom,512,3,1011.57,337.19,1.0,119,2,1.15,-0.199,0.067,0.975,1.205,Hibernating,0.447,0.121,Borderline,1
16436,Hibernating,United Kingdom,668,3,329.34,109.78,31.5,37,64,1.32,-0.199,-0.743,0.813,1.578,At Risk,0.34,0.383,Settled,0
16437,Hibernating,United Kingdom,381,2,301.25,150.62,,17,48,0.961,-0.555,-0.807,0.332,1.606,At Risk,0.171,0.56,Core,0
16438,New Customers,United Kingdom,6,5,798.35,159.67,12.5,74,76,-1.606,0.303,-0.104,0.952,1.971,Champions,0.326,0.418,Settled,0
16439,Hibernating,United Kingdom,722,1,310.7,310.7,,9,0,1.37,-1.057,-0.785,0.543,2.064,At Risk,0.208,0.613,Core,0
16440,Champions,United Kingdom,8,6,3856.97,642.83,103.6,202,486,-1.445,0.494,1.034,1.137,1.607,New Customers,0.414,0.173,Borderline,1
16441,At Risk,United Kingdom,67,5,1028.48,205.7,78.8,66,559,-0.147,0.303,0.079,0.645,1.012,New Customers,0.389,0.226,Borderline,1
16442,New Customers,United Kingdom,2,5,899.47,179.89,54.3,226,725,-2.15,0.303,-0.018,1.419,2.109,Champions,0.402,0.294,Settled,0
16443,Hibernating,United Kingdom,521,1,162.24,162.24,,1,0,1.161,-1.057,-1.253,0.491,2.292,At Risk,0.177,0.662,Core,0
16444,Champions,United Kingdom,46,17,3656.58,215.09,34.4,217,578,-0.384,1.663,0.995,0.841,1.674,At Risk,0.334,0.282,Settled,0
16445,New Customers,United Kingdom,34,4,602.73,150.68,160.8,143,377,-0.573,0.077,-0.307,0.5,1.234,At Risk,0.288,0.328,Settled,0
16446,Champions,United Kingdom,1,2,168472.5,84236.25,,3,204,-2.41,-0.555,3.765,3.437,4.295,New Customers,0.445,0.17,Borderline,1
16447,At Risk,United Kingdom,136,3,775.14,258.38,192.5,59,524,0.303,-0.199,-0.126,0.748,1.172,Hibernating,0.39,0.222,Borderline,1
16448,Hibernating,United Kingdom,198,2,367.87,183.94,,45,272,0.542,-0.555,-0.663,0.513,1.393,At Risk,0.269,0.446,Settled,0
16449,Hibernating,United Kingdom,198,2,707.69,353.84,,40,82,0.542,-0.555,-0.191,0.844,1.062,At Risk,0.443,0.169,Borderline,1
16450,At Risk,United Kingdom,150,3,1505.73,501.91,181.5,36,506,0.365,-0.199,0.354,0.496,1.392,New Customers,0.263,0.429,Settled,0
16451,At Risk,United Kingdom,88,3,1013.15,337.72,150.0,61,647,0.026,-0.199,0.068,0.712,0.971,New Customers,0.423,0.171,Borderline,1
16452,Hibernating,United Kingdom,631,2,332.17,166.08,,14,63,1.284,-0.555,-0.737,0.535,1.698,At Risk,0.24,0.531,Core,0
16453,Hibernating,United Kingdom,531,2,251.71,125.86,,15,17,1.173,-0.555,-0.937,0.427,1.79,At Risk,0.193,0.576,Core,0
16454,Hibernating,United Kingdom,64,2,7.45,3.72,,2,547,-0.176,-0.555,-3.394,2.722,3.239,New Customers,0.457,0.161,Borderline,1
16455,Champions,United Kingdom,64,11,4384.37,398.58,58.3,111,556,-0.176,1.161,1.127,1.054,1.249,At Risk,0.458,0.021,Borderline,1
16456,Champions,United Kingdom,99,13,6862.91,527.92,35.4,226,521,0.1,1.352,1.45,1.251,1.498,At Risk,0.455,0.047,Borderline,1
16457,Hibernating,United Kingdom,218,1,208.36,208.36,,9,0,0.604,-1.057,-1.073,0.377,1.865,New Customers,0.168,0.6,Core,0
16458,Champions,United Kingdom,3,30,5715.34,190.51,9.0,91,559,-1.966,2.336,1.318,1.153,3.244,At Risk,0.262,0.527,Core,0
16459,Hibernating,United Kingdom,730,1,71.79,71.79,,5,0,1.377,-1.057,-1.837,1.077,2.819,At Risk,0.277,0.574,Core,0
16460,New Customers,United Kingdom,28,3,814.72,271.57,17.5,128,53,-0.694,-0.199,-0.09,0.27,1.3,At Risk,0.172,0.415,Settled,0
16461,At Risk,United Kingdom,178,3,1609.22,536.41,178.5,222,468,0.474,-0.199,0.402,0.497,1.511,New Customers,0.248,0.442,Settled,0
16462,Hibernating,United Kingdom,74,3,136.0,45.33,7.0,1,210,-0.084,-0.199,-1.38,1.261,1.396,New Customers,0.475,0.095,Borderline,1
16463,New Customers,United Kingdom,21,4,1422.4,355.6,64.8,74,182,-0.871,0.077,0.313,0.676,1.286,At Risk,0.345,0.296,Settled,0
16464,New Customers,United Kingdom,20,3,1314.68,438.23,0.5,152,122,-0.901,-0.199,0.256,0.511,1.393,At Risk,0.268,0.384,Settled,0
16465,Hibernating,United Kingdom,421,2,746.24,373.12,,45,23,1.025,-0.555,-0.153,0.823,1.209,At Risk,0.405,0.263,Settled,0
16466,Champions,United Kingdom,34,15,3838.59,255.91,21.8,207,608,-0.573,1.517,1.03,0.648,1.671,At Risk,0.279,0.348,Settled,0
16467,At Risk,United Kingdom,509,7,2869.16,409.88,19.4,14,228,1.146,0.659,0.82,0.925,2.314,Hibernating,0.286,0.497,Settled,0
16468,New Customers,United Kingdom,74,3,787.52,262.51,192.5,38,407,-0.084,-0.199,-0.114,0.821,0.875,At Risk,0.484,0.011,Borderline,1
16469,New Customers,United Kingdom,24,5,828.91,165.78,101.2,167,490,-0.789,0.303,-0.077,0.639,1.286,At Risk,0.332,0.303,Settled,0
16470,Champions,United Kingdom,52,11,2458.6,223.51,45.5,286,676,-0.307,1.161,0.708,1.116,1.149,At Risk,0.493,-0.062,Borderline,1
16471,At Risk,United Kingdom,275,4,1189.98,297.5,37.5,48,377,0.752,0.077,0.184,0.488,1.442,Hibernating,0.253,0.436,Settled,0
16472,Hibernating,United Kingdom,434,2,789.6,394.8,,39,163,1.044,-0.555,-0.112,0.864,1.2,At Risk,0.419,0.237,Borderline,1
16473,At Risk,United Kingdom,165,4,470.83,117.71,37.7,26,209,0.426,0.077,-0.485,0.944,1.122,Hibernating,0.457,0.095,Borderline,1
16474,Champions,United Kingdom,7,7,1871.34,267.33,18.0,236,137,-1.521,0.659,0.511,1.28,1.379,New Customers,0.481,0.007,Borderline,1
16475,At Risk,United Kingdom,88,4,544.3,136.07,37.9,23,185,0.026,0.077,-0.381,0.918,1.0,New Customers,0.479,0.077,Borderline,1
16476,Hibernating,United Kingdom,432,1,350.35,350.35,,24,0,1.041,-1.057,-0.699,0.327,1.876,At Risk,0.148,0.63,Core,0
16477,Champions,United Kingdom,64,11,4320.02,392.73,20.3,177,421,-0.176,1.161,1.116,1.057,1.243,At Risk,0.459,0.017,Borderline,1
16478,New Customers,United Kingdom,25,3,331.0,110.33,19.0,15,40,-0.764,-0.199,-0.74,0.522,1.717,At Risk,0.233,0.465,Settled,0
16479,New Customers,United Kingdom,10,2,300.83,150.42,,35,0,-1.316,-0.555,-0.808,0.751,2.217,Hibernating,0.253,0.509,Core,0
16480,New Customers,United Kingdom,76,1,769.29,769.29,,51,0,-0.067,-1.057,-0.131,1.118,1.235,Hibernating,0.475,0.035,Borderline,1
16481,Hibernating,United Kingdom,682,1,453.38,453.38,,16,0,1.334,-1.057,-0.513,0.631,1.897,At Risk,0.25,0.556,Core,0
16482,New Customers,United Kingdom,16,1,220.62,220.62,,18,0,-1.037,-1.057,-1.032,1.099,1.928,Hibernating,0.363,0.343,Settled,0
16483,Hibernating,United Kingdom,192,1,139.35,139.35,,19,0,0.523,-1.057,-1.362,0.612,1.951,New Customers,0.239,0.556,Core,0
16484,Hibernating,United Kingdom,174,2,404.3,202.15,,25,17,0.46,-0.555,-0.595,0.602,1.334,At Risk,0.311,0.393,Settled,0
16485,At Risk,United Kingdom,77,5,2294.68,458.94,116.5,126,656,-0.059,0.303,0.659,0.503,1.368,New Customers,0.269,0.417,Settled,0
16486,Hibernating,United Kingdom,538,1,134.36,134.36,,7,0,1.182,-1.057,-1.388,0.606,2.4,At Risk,0.201,0.65,Core,0
16487,Hibernating,United Kingdom,577,2,209.4,104.7,,28,81,1.227,-0.555,-1.069,0.494,1.916,At Risk,0.205,0.582,Core,0
16488,New Customers,United Kingdom,33,3,498.8,166.27,23.5,28,115,-0.592,-0.199,-0.444,0.373,1.405,At Risk,0.21,0.424,Settled,0
16489,Hibernating,United Kingdom,380,2,303.7,151.85,,4,55,0.959,-0.555,-0.802,0.333,1.601,At Risk,0.172,0.559,Core,0
16490,Hibernating,United Kingdom,436,1,205.41,205.41,,13,0,1.047,-1.057,-1.083,0.316,2.132,At Risk,0.129,0.671,Core,0
16491,New Customers,United Kingdom,47,2,1533.16,766.58,,86,366,-0.371,-0.555,0.367,0.838,1.14,At Risk,0.424,0.149,Borderline,1
16492,Hibernating,United Kingdom,541,1,385.56,385.56,,23,0,1.185,-1.057,-0.63,0.456,1.891,At Risk,0.194,0.607,Core,0
16493,At Risk,United Kingdom,80,7,2132.09,304.58,24.2,77,543,-0.035,0.659,0.605,0.589,1.543,New Customers,0.276,0.449,Settled,0
16494,Hibernating,United Kingdom,297,1,826.53,826.53,,47,0,0.801,-1.057,-0.079,0.85,1.499,At Risk,0.362,0.361,Settled,0
16495,New Customers,United Kingdom,3,3,684.41,228.14,136.5,78,272,-1.966,-0.199,-0.215,1.083,2.486,Champions,0.303,0.477,Settled,0
16496,Champions,United Kingdom,9,6,2330.77,388.46,64.2,120,500,-1.377,0.494,0.67,1.274,1.309,New Customers,0.493,-0.025,Borderline,1
16497,Champions,United Kingdom,50,23,6695.28,291.1,36.9,239,686,-0.332,2.019,1.433,0.938,2.124,At Risk,0.306,0.371,Settled,0
16498,Hibernating,United Kingdom,161,2,100.97,50.48,,15,0,0.41,-0.555,-1.593,0.888,1.889,New Customers,0.32,0.441,Settled,0
16499,At Risk,United Kingdom,360,8,2578.34,322.29,21.1,104,186,0.924,0.805,0.743,0.803,2.269,Champions,0.261,0.54,Core,0
16500,New Customers,United Kingdom,5,9,843.91,93.77,95.6,24,538,-1.705,0.935,-0.064,1.497,1.646,Champions,0.476,0.103,Borderline,1
16501,Hibernating,United Kingdom,383,1,1237.23,1237.23,,181,0,0.964,-1.057,0.212,1.135,1.481,At Risk,0.434,0.218,Borderline,1
16502,Hibernating,United Kingdom,620,2,266.5,133.25,,41,0,1.273,-0.555,-0.896,0.5,1.806,At Risk,0.217,0.561,Core,0
16503,At Risk,United Kingdom,107,11,3614.34,328.58,36.9,161,429,0.15,1.161,0.987,1.06,1.388,Champions,0.433,0.23,Borderline,1
16504,New Customers,United Kingdom,25,1,484.38,484.38,,76,0,-0.764,-1.057,-0.465,0.793,1.71,Hibernating,0.317,0.384,Settled,0
16505,New Customers,United Kingdom,32,1,777.6,777.6,,4,0,-0.611,-1.057,-0.123,0.81,1.691,Hibernating,0.324,0.367,Settled,0
16506,New Customers,United Kingdom,20,2,90.3,45.15,,3,20,-0.901,-0.555,-1.673,1.451,1.962,Hibernating,0.425,0.206,Borderline,1
16507,Hibernating,United Kingdom,572,1,152.76,152.76,,37,0,1.221,-1.057,-1.296,0.558,2.345,At Risk,0.192,0.654,Core,0
16508,Hibernating,United Kingdom,630,1,248.8,248.8,,42,0,1.283,-1.057,-0.945,0.452,2.124,At Risk,0.176,0.646,Core,0
16509,Hibernating,United Kingdom,297,1,363.7,363.7,,13,0,0.801,-1.057,-0.672,0.312,1.79,At Risk,0.148,0.608,Core,0
16510,At Risk,United Kingdom,372,6,2079.75,346.62,42.0,93,319,0.945,0.494,0.587,0.611,2.016,Hibernating,0.232,0.532,Core,0
16511,New Customers,United Kingdom,22,6,1817.02,302.84,49.7,234,626,-0.843,0.494,0.49,1.086,1.252,At Risk,0.465,0.081,Borderline,1
16513,New Customers,United Kingdom,5,4,874.59,218.65,8.3,33,38,-1.705,0.077,-0.038,0.926,2.099,Champions,0.306,0.456,Settled,0
16515,Champions,United Kingdom,52,10,3216.3,321.63,29.0,184,488,-0.307,1.053,0.903,1.06,1.135,At Risk,0.483,-0.04,Borderline,1
16516,New Customers,United Kingdom,30,1,101.7,101.7,,6,0,-0.651,-1.057,-1.588,1.558,1.686,Hibernating,0.48,0.055,Borderline,1
16517,Hibernating,United Kingdom,277,1,162.7,162.7,,17,0,0.757,-1.057,-1.251,0.417,2.07,New Customers,0.168,0.634,Core,0
16518,At Risk,United Kingdom,61,4,959.37,239.84,41.0,61,495,-0.206,0.077,0.028,0.752,0.828,New Customers,0.476,0.071,Borderline,1
16519,New Customers,United Kingdom,25,4,554.16,138.54,95.2,31,623,-0.764,0.077,-0.368,0.421,1.422,At Risk,0.229,0.409,Settled,0
16520,At Risk,United Kingdom,186,6,2482.62,413.77,45.3,251,460,0.502,0.494,0.715,0.365,1.869,New Customers,0.163,0.568,Core,0
16521,At Risk,United Kingdom,415,3,1144.26,381.42,116.5,211,232,1.015,-0.199,0.156,0.841,1.256,Hibernating,0.401,0.22,Borderline,1
16522,Hibernating,United Kingdom,436,2,433.36,216.68,,16,14,1.047,-0.555,-0.545,0.5,1.45,At Risk,0.257,0.486,Settled,0
16523,Champions,United Kingdom,2,28,11916.33,425.58,28.5,180,682,-2.15,2.254,1.849,1.337,3.509,At Risk,0.276,0.526,Core,0
16524,Hibernating,United Kingdom,446,2,308.14,154.07,,50,245,1.062,-0.555,-0.791,0.375,1.633,At Risk,0.187,0.559,Core,0
16525,Champions,United Kingdom,2,48,24582.64,512.14,9.2,115,735,-2.15,2.903,2.373,1.982,4.128,At Risk,0.324,0.471,Settled,0
16526,Hibernating,United Kingdom,172,2,717.21,358.6,,30,412,0.452,-0.555,-0.182,0.891,1.047,At Risk,0.46,0.131,Borderline,1
16527,At Risk,United Kingdom,81,2,1272.44,636.22,,66,343,-0.027,-0.555,0.232,0.964,1.015,New Customers,0.487,0.046,Borderline,1
16528,New Customers,United Kingdom,4,1,244.41,244.41,,17,0,-1.822,-1.057,-0.958,1.396,2.707,Hibernating,0.34,0.421,Settled,0
16529,At Risk,United Kingdom,190,4,2012.0,503.0,122.8,87,340,0.516,0.077,0.564,0.279,1.664,New Customers,0.144,0.543,Core,0
16530,Hibernating,United Kingdom,668,1,48.35,48.35,,3,0,1.32,-1.057,-2.118,1.308,2.992,New Customers,0.304,0.534,Core,0
16531,Champions,United Kingdom,22,11,2298.33,208.94,43.5,109,419,-0.843,1.161,0.66,0.844,1.527,At Risk,0.356,0.259,Settled,0
16532,Champions,United Kingdom,18,5,8756.64,1751.33,46.4,2,603,-0.965,0.303,1.627,1.276,1.806,At Risk,0.414,0.172,Borderline,1
16533,New Customers,United Kingdom,19,3,1095.56,365.19,10.5,112,48,-0.933,-0.199,0.124,0.386,1.444,At Risk,0.211,0.432,Settled,0
16534,Hibernating,United Kingdom,642,1,635.9,635.9,,36,0,1.295,-1.057,-0.269,0.784,1.768,At Risk,0.307,0.472,Settled,0
16535,New Customers,United Kingdom,5,2,981.59,490.79,,66,380,-1.705,-0.555,0.045,0.902,2.293,At Risk,0.282,0.485,Settled,0
16536,Hibernating,United Kingdom,110,1,548.97,548.97,,49,0,0.167,-1.057,-0.375,0.906,1.302,New Customers,0.41,0.245,Borderline,1
16537,Hibernating,United Kingdom,641,1,10.55,10.55,,2,0,1.294,-1.057,-3.168,2.311,3.725,New Customers,0.383,0.373,Settled,0
16538,Hibernating,United Kingdom,541,3,399.62,133.21,27.0,35,54,1.185,-0.199,-0.604,0.79,1.395,At Risk,0.361,0.334,Settled,0
16539,Champions,United Kingdom,3,10,3732.01,373.2,66.8,83,529,-1.966,1.053,1.01,1.024,2.14,New Customers,0.324,0.372,Settled,0
16540,Hibernating,United Kingdom,414,1,226.7,226.7,,25,0,1.014,-1.057,-1.012,0.263,2.072,At Risk,0.112,0.67,Core,0
16541,Hibernating,United Kingdom,735,1,424.03,424.03,,38,0,1.382,-1.057,-0.561,0.64,1.946,At Risk,0.247,0.562,Core,0
16542,New Customers,United Kingdom,54,2,257.32,128.66,,13,347,-0.283,-0.555,-0.921,0.942,1.2,Hibernating,0.44,0.122,Borderline,1
16543,Hibernating,United Kingdom,592,1,292.21,292.21,,18,0,1.243,-1.057,-0.829,0.421,2.034,At Risk,0.172,0.639,Core,0
16544,Hibernating,United Kingdom,520,4,376.7,94.18,67.4,8,142,1.16,0.077,-0.646,1.013,1.343,At Risk,0.43,0.191,Borderline,1
16545,Hibernating,United Kingdom,165,2,689.82,344.91,,6,210,0.426,-0.555,-0.21,0.882,1.063,At Risk,0.453,0.144,Borderline,1
16546,At Risk,United Kingdom,291,5,5606.47,1121.29,29.6,75,151,0.788,0.303,1.304,0.957,2.285,Champions,0.295,0.495,Settled,0
16547,Hibernating,United Kingdom,546,1,111.71,111.71,,25,0,1.191,-1.057,-1.521,0.72,2.505,At Risk,0.223,0.634,Core,0
16548,Hibernating,United Kingdom,599,1,30.15,30.15,,6,0,1.251,-1.057,-2.451,1.604,3.164,New Customers,0.336,0.475,Settled,0
16549,Champions,United Kingdom,10,34,13182.19,387.71,35.9,836,610,-1.316,2.486,1.922,1.119,3.155,At Risk,0.262,0.52,Core,0
16550,Champions,United Kingdom,109,18,9429.23,523.85,27.5,273,628,0.162,1.73,1.68,1.349,1.918,At Risk,0.413,0.177,Borderline,1
16551,At Risk,United Kingdom,96,7,2237.12,319.59,68.9,67,630,0.081,0.659,0.64,0.524,1.628,New Customers,0.244,0.488,Settled,0
16552,Hibernating,United Kingdom,243,2,475.02,237.51,,17,130,0.673,-0.555,-0.479,0.561,1.276,At Risk,0.306,0.399,Settled,0
16553,Champions,United Kingdom,163,33,16644.01,504.36,26.1,195,502,0.418,2.45,2.091,1.944,2.723,At Risk,0.417,0.216,Borderline,1
16554,At Risk,United Kingdom,42,8,2841.72,355.22,39.9,108,682,-0.441,0.805,0.813,1.049,1.145,Champions,0.478,0.123,Borderline,1
16555,At Risk,United Kingdom,35,6,1915.68,319.28,153.7,59,470,-0.555,0.494,0.528,0.972,1.16,New Customers,0.456,0.133,Borderline,1
16556,Champions,United Kingdom,67,17,8012.58,471.33,16.7,280,666,-0.147,1.663,1.562,1.015,1.857,At Risk,0.353,0.279,Settled,0
16557,New Customers,United Kingdom,24,2,281.85,140.93,,11,113,-0.789,-0.555,-0.855,0.668,1.695,Hibernating,0.283,0.421,Settled,0
16558,Champions,United Kingdom,1,38,13873.51,365.09,16.8,383,735,-2.41,2.62,1.959,1.779,3.95,At Risk,0.311,0.49,Settled,0
16559,Hibernating,United Kingdom,397,1,185.2,185.2,,17,0,0.987,-1.057,-1.158,0.34,2.169,At Risk,0.135,0.67,Core,0
16560,Champions,United Kingdom,27,8,3048.38,381.05,108.1,140,704,-0.717,0.805,0.864,0.977,1.295,At Risk,0.43,0.107,Borderline,1
16561,New Customers,United Kingdom,6,2,511.12,255.56,,29,54,-1.606,-0.555,-0.426,0.782,2.333,At Risk,0.251,0.524,Core,0
16562,Hibernating,United Kingdom,477,1,223.86,223.86,,34,0,1.105,-1.057,-1.021,0.323,2.108,At Risk,0.133,0.668,Core,0
16563,At Risk,United Kingdom,54,6,4422.76,737.13,107.8,55,684,-0.283,0.494,1.133,0.992,1.365,Champions,0.421,0.243,Borderline,1
16564,Hibernating,United Kingdom,569,1,87.8,87.8,,5,0,1.218,-1.057,-1.693,0.883,2.65,At Risk,0.25,0.608,Core,0
16565,At Risk,United Kingdom,364,4,773.05,193.26,16.0,7,191,0.931,0.077,-0.128,0.808,1.219,Hibernating,0.399,0.225,Borderline,1
16566,New Customers,United Kingdom,15,5,614.66,122.93,38.7,14,277,-1.076,0.303,-0.293,0.639,1.637,At Risk,0.281,0.411,Settled,0
16567,Hibernating,United Kingdom,194,2,865.6,432.8,,34,142,0.529,-0.555,-0.046,0.974,0.982,At Risk,0.498,0.043,Borderline,1
16568,Hibernating,United Kingdom,428,2,1020.9,510.45,,5,213,1.035,-0.555,0.073,1.035,1.122,At Risk,0.48,0.093,Borderline,1
16569,New Customers,United Kingdom,3,5,1455.23,291.05,258.7,27,720,-1.966,0.303,0.329,1.364,1.809,Champions,0.43,0.226,Borderline,1
16570,Champions,United Kingdom,15,20,7434.31,371.72,22.3,114,604,-1.076,1.854,1.508,0.355,2.398,At Risk,0.129,0.542,Core,0
16571,Champions,United Kingdom,27,10,4248.74,424.87,44.3,151,605,-0.717,1.053,1.104,0.688,1.503,At Risk,0.314,0.298,Settled,0
16572,At Risk,United Kingdom,127,3,1009.6,336.53,50.0,40,148,0.259,-0.199,0.065,0.626,1.193,New Customers,0.344,0.319,Settled,0
16573,New Customers,United Kingdom,85,2,663.61,331.8,,40,205,0.004,-0.555,-0.238,0.926,1.14,Hibernating,0.448,0.092,Borderline,1
16574,At Risk,United Kingdom,71,3,1301.78,433.93,58.5,86,587,-0.11,-0.199,0.249,0.724,0.927,New Customers,0.439,0.137,Borderline,1
16576,Hibernating,United Kingdom,420,2,540.87,270.44,,32,101,1.023,-0.555,-0.385,0.619,1.336,At Risk,0.316,0.41,Settled,0
16577,Hibernating,United Kingdom,667,1,380.0,380.0,,23,0,1.319,-1.057,-0.64,0.55,1.957,At Risk,0.219,0.593,Core,0
16578,Hibernating,United Kingdom,626,1,156.6,156.6,,9,0,1.279,-1.057,-1.278,0.584,2.353,At Risk,0.199,0.648,Core,0
16579,Hibernating,United Kingdom,426,1,295.05,295.05,,14,0,1.032,-1.057,-0.822,0.262,1.951,At Risk,0.118,0.653,Core,0
16581,Hibernating,United Kingdom,183,1,105.84,105.84,,9,0,0.492,-1.057,-1.559,0.786,2.049,New Customers,0.277,0.522,Core,0
16582,Hibernating,United Kingdom,113,1,313.62,313.62,,6,0,0.185,-1.057,-0.778,0.73,1.415,New Customers,0.341,0.364,Settled,0
16583,Hibernating,United Kingdom,374,2,531.4,265.7,,18,299,0.949,-0.555,-0.398,0.595,1.311,At Risk,0.312,0.41,Settled,0
16584,At Risk,United Kingdom,80,5,3163.67,632.73,45.6,61,581,-0.035,0.303,0.891,0.624,1.544,New Customers,0.288,0.427,Settled,0
16585,Hibernating,United Kingdom,594,2,341.59,170.8,,16,101,1.245,-0.555,-0.717,0.514,1.664,At Risk,0.236,0.531,Core,0
16586,At Risk,United Kingdom,249,3,1462.78,487.59,2.5,27,386,0.689,-0.199,0.333,0.581,1.415,Hibernating,0.291,0.387,Settled,0
16587,Hibernating,United Kingdom,232,1,225.15,225.15,,13,0,0.643,-1.057,-1.017,0.326,1.873,New Customers,0.148,0.614,Core,0
16588,At Risk,United Kingdom,386,4,1361.28,340.32,15.0,64,188,0.969,0.077,0.281,0.635,1.514,Hibernating,0.295,0.41,Settled,0
16589,New Customers,United Kingdom,71,4,612.36,153.09,115.3,39,378,-0.11,0.077,-0.296,0.868,0.91,At Risk,0.488,-0.003,Borderline,1
16590,Hibernating,United Kingdom,401,2,605.9,302.95,,26,13,0.993,-0.555,-0.303,0.683,1.273,At Risk,0.349,0.36,Settled,0
16591,Hibernating,United Kingdom,69,1,213.5,213.5,,10,0,-0.128,-1.057,-1.055,1.036,1.342,New Customers,0.436,0.184,Borderline,1
16592,Champions,United Kingdom,4,28,7807.91,278.85,28.5,221,716,-1.822,2.254,1.544,1.011,3.16,At Risk,0.242,0.546,Core,0
16593,At Risk,United Kingdom,51,8,1071.14,133.89,89.1,57,684,-0.319,0.805,0.108,0.936,1.297,New Customers,0.419,0.216,Borderline,1
16594,Hibernating,United Kingdom,75,1,181.09,181.09,,53,0,-0.076,-1.057,-1.174,1.01,1.446,New Customers,0.411,0.243,Borderline,1
16595,At Risk,United Kingdom,61,5,1810.18,362.04,110.5,337,630,-0.206,0.303,0.487,0.6,1.17,New Customers,0.339,0.317,Settled,0
16596,New Customers,United Kingdom,16,4,579.63,144.91,140.5,23,713,-1.037,0.077,-0.335,0.421,1.636,At Risk,0.205,0.467,Settled,0
16597,New Customers,United Kingdom,4,1,90.04,90.04,,7,0,-1.822,-1.057,-1.675,1.867,2.815,Hibernating,0.399,0.301,Settled,0
16598,Hibernating,United Kingdom,286,1,145.05,145.05,,10,0,0.777,-1.057,-1.333,0.483,2.127,New Customers,0.185,0.63,Core,0
16599,Hibernating,United Kingdom,386,1,172.8,172.8,,12,0,0.969,-1.057,-1.208,0.374,2.201,At Risk,0.145,0.668,Core,0
16600,Champions,United Kingdom,4,13,2153.41,165.65,70.8,106,717,-1.822,1.352,0.613,1.031,2.087,New Customers,0.331,0.356,Settled,0
16601,New Customers,United Kingdom,41,3,683.08,227.69,58.5,59,582,-0.456,-0.199,-0.217,0.446,1.175,At Risk,0.275,0.333,Settled,0
16602,New Customers,United Kingdom,36,2,763.33,381.66,,37,352,-0.538,-0.555,-0.137,0.443,1.379,At Risk,0.243,0.405,Settled,0
16603,New Customers,United Kingdom,75,2,482.47,241.24,,34,16,-0.076,-0.555,-0.468,0.879,1.091,Hibernating,0.446,0.095,Borderline,1
16604,Hibernating,United Kingdom,563,2,432.45,216.22,,10,5,1.211,-0.555,-0.547,0.576,1.533,At Risk,0.273,0.482,Settled,0
16605,Hibernating,United Kingdom,724,1,60.48,60.48,,1,0,1.372,-1.057,-1.959,1.183,2.916,At Risk,0.289,0.558,Core,0
16606,Hibernating,United Kingdom,404,2,357.66,178.83,,16,30,0.998,-0.555,-0.684,0.396,1.527,At Risk,0.206,0.532,Core,0
16607,Champions,United Kingdom,18,25,5706.87,228.27,18.5,212,571,-0.965,2.118,1.317,0.605,2.442,At Risk,0.199,0.509,Core,0
16608,At Risk,United Kingdom,454,2,1288.72,644.36,,94,209,1.073,-0.555,0.242,1.103,1.201,Hibernating,0.479,0.024,Borderline,1
16609,Champions,United Kingdom,15,7,5493.46,784.78,18.8,155,237,-1.076,0.659,1.29,0.884,1.738,At Risk,0.337,0.306,Settled,0
16610,Hibernating,United Kingdom,219,1,75.66,75.66,,6,0,0.607,-1.057,-1.799,0.957,2.284,New Customers,0.295,0.517,Core,0
16611,At Risk,United Kingdom,186,6,1785.13,297.52,67.8,86,452,0.502,0.494,0.477,0.236,1.758,New Customers,0.118,0.57,Core,0
16612,Champions,United Kingdom,33,9,3245.43,360.6,41.7,105,703,-0.592,0.935,0.909,0.926,1.268,At Risk,0.422,0.112,Borderline,1
16613,New Customers,United Kingdom,70,1,618.59,618.59,,30,0,-0.119,-1.057,-0.288,1.076,1.187,Hibernating,0.475,0.036,Borderline,1
16614,At Risk,United Kingdom,183,3,1179.79,393.26,22.0,37,395,0.492,-0.199,0.178,0.561,1.325,Hibernating,0.298,0.365,Settled,0
16615,Hibernating,United Kingdom,626,1,291.5,291.5,,19,0,1.279,-1.057,-0.831,0.452,2.05,At Risk,0.181,0.635,Core,0
16616,New Customers,United Kingdom,15,2,500.42,250.21,,31,142,-1.076,-0.555,-0.441,0.37,1.906,At Risk,0.162,0.539,Core,0
16617,Hibernating,United Kingdom,236,1,151.85,151.85,,5,0,0.654,-1.057,-1.3,0.496,2.015,New Customers,0.198,0.603,Core,0
16618,At Risk,United Kingdom,31,5,2647.59,529.52,65.7,79,291,-0.631,0.303,0.762,1.073,1.203,New Customers,0.471,0.095,Borderline,1
16619,At Risk,United Kingdom,264,4,1938.33,484.58,64.9,103,391,0.726,0.077,0.537,0.41,1.725,Hibernating,0.192,0.519,Core,0
16620,New Customers,United Kingdom,4,6,1758.93,293.16,63.5,78,734,-1.822,0.494,0.466,1.42,1.536,Champions,0.48,0.096,Borderline,1
16621,New Customers,United Kingdom,52,4,813.48,203.37,14.8,22,226,-0.307,0.077,-0.091,0.713,0.898,At Risk,0.442,0.084,Borderline,1
16622,Hibernating,United Kingdom,544,1,225.4,225.4,,12,0,1.189,-1.057,-1.016,0.385,2.134,At Risk,0.153,0.662,Core,0
16623,At Risk,United Kingdom,246,4,1015.24,253.81,43.1,44,346,0.681,0.077,0.069,0.512,1.366,Hibernating,0.273,0.404,Settled,0
16624,New Customers,United Kingdom,81,2,810.57,405.28,,44,116,-0.027,-0.555,-0.093,0.909,1.08,At Risk,0.457,0.089,Borderline,1
16625,At Risk,United Kingdom,275,5,1654.03,330.81,48.6,82,269,0.752,0.303,0.422,0.362,1.768,Hibernating,0.17,0.542,Core,0
16626,Champions,United Kingdom,1,17,4413.1,259.59,19.1,86,265,-2.41,1.663,1.131,1.303,2.843,New Customers,0.314,0.434,Settled,0
16627,Hibernating,United Kingdom,79,1,322.8,322.8,,20,0,-0.043,-1.057,-0.758,0.952,1.242,New Customers,0.434,0.184,Borderline,1
16628,At Risk,United Kingdom,30,7,2318.1,331.16,77.6,84,612,-0.651,0.659,0.666,1.13,1.217,Champions,0.481,0.105,Borderline,1
16629,New Customers,United Kingdom,74,2,417.73,208.86,,58,22,-0.084,-0.555,-0.572,0.903,1.062,Hibernating,0.46,0.065,Borderline,1
16630,Hibernating,United Kingdom,407,1,106.8,106.8,,4,0,1.003,-1.057,-1.553,0.691,2.42,New Customers,0.222,0.629,Core,0
16631,At Risk,United Kingdom,482,7,1892.52,270.36,15.2,46,170,1.111,0.659,0.519,0.814,2.095,Hibernating,0.28,0.489,Settled,0
16632,Hibernating,United Kingdom,486,2,406.4,203.2,,22,95,1.117,-0.555,-0.592,0.498,1.514,At Risk,0.247,0.503,Core,0
16633,Champions,United Kingdom,17,6,2883.1,480.52,15.2,115,216,-1.0,0.494,0.824,1.18,1.338,New Customers,0.469,0.046,Borderline,1
16634,At Risk,United Kingdom,223,6,1814.61,302.44,77.1,72,465,0.618,0.494,0.489,0.31,1.856,New Customers,0.143,0.578,Core,0
16635,Hibernating,United Kingdom,407,1,473.0,473.0,,25,0,1.003,-1.057,-0.482,0.481,1.74,At Risk,0.216,0.568,Core,0
16636,At Risk,United Kingdom,438,4,3802.04,950.51,54.4,62,207,1.05,0.077,1.023,0.91,2.15,Hibernating,0.297,0.462,Settled,0
16637,New Customers,United Kingdom,32,4,1154.47,288.62,30.2,66,193,-0.611,0.077,0.162,0.623,1.06,At Risk,0.37,0.218,Borderline,1
16638,Champions,United Kingdom,23,15,2430.53,162.04,36.5,130,455,-0.815,1.517,0.7,0.729,1.741,At Risk,0.295,0.347,Settled,0
16639,New Customers,United Kingdom,31,4,1747.98,437.0,68.6,76,377,-0.631,0.077,0.462,0.843,1.044,At Risk,0.447,0.098,Borderline,1
16640,Hibernating,United Kingdom,398,1,179.4,179.4,,13,0,0.989,-1.057,-1.181,0.358,2.186,At Risk,0.141,0.67,Core,0
16641,Hibernating,United Kingdom,106,2,554.5,277.25,,36,596,0.144,-0.555,-0.367,0.958,1.069,New Customers,0.473,0.107,Borderline,1
16642,New Customers,United Kingdom,5,3,1077.45,359.15,2.5,50,410,-1.705,-0.199,0.112,0.898,2.176,At Risk,0.292,0.47,Settled,0
16643,Hibernating,United Kingdom,246,2,923.11,461.56,,48,176,0.681,-0.555,0.001,0.974,0.993,At Risk,0.495,0.053,Borderline,1
16644,Hibernating,United Kingdom,178,2,833.78,416.89,,62,34,0.474,-0.555,-0.073,0.972,0.989,At Risk,0.496,0.048,Borderline,1
16645,Hibernating,United Kingdom,736,1,160.39,160.39,,14,0,1.383,-1.057,-1.261,0.65,2.382,At Risk,0.214,0.634,Core,0
16646,Hibernating,United Kingdom,449,1,678.8,678.8,,29,0,1.066,-1.057,-0.221,0.733,1.643,At Risk,0.309,0.459,Settled,0
16647,At Risk,United Kingdom,170,4,541.9,135.48,84.5,28,374,0.445,0.077,-0.384,0.847,1.157,Hibernating,0.423,0.168,Borderline,1
16648,New Customers,United Kingdom,43,3,672.8,224.27,139.0,37,547,-0.426,-0.199,-0.228,0.474,1.16,At Risk,0.29,0.318,Settled,0
16649,Hibernating,United Kingdom,520,1,306.58,306.58,,20,0,1.16,-1.057,-0.795,0.36,1.979,At Risk,0.154,0.643,Core,0
16650,At Risk,United Kingdom,72,7,1916.11,273.73,123.7,71,447,-0.102,0.659,0.528,0.622,1.465,New Customers,0.298,0.416,Settled,0
16651,Hibernating,United Kingdom,587,1,136.2,136.2,,6,0,1.238,-1.057,-1.379,0.628,2.412,At Risk,0.207,0.646,Core,0
16652,Champions,United Kingdom,59,16,17550.39,1096.9,38.3,124,573,-0.227,1.592,2.129,1.192,2.225,At Risk,0.349,0.318,Settled,0
16653,New Customers,United Kingdom,16,2,1212.66,606.33,,67,55,-1.037,-0.555,0.198,0.528,1.676,At Risk,0.24,0.449,Settled,0
16654,At Risk,United Kingdom,141,8,1711.47,213.93,30.9,64,471,0.326,0.805,0.447,0.519,1.784,New Customers,0.225,0.521,Core,0
16655,Champions,United Kingdom,18,13,6548.37,503.72,31.7,408,659,-0.965,1.352,1.417,0.258,1.983,At Risk,0.115,0.491,Settled,0
16656,Champions,United Kingdom,22,30,16833.17,561.11,16.7,22,713,-0.843,2.336,2.099,1.128,2.912,At Risk,0.279,0.478,Settled,0
16657,New Customers,United Kingdom,10,4,933.62,233.4,48.5,158,244,-1.316,0.077,0.009,0.628,1.772,At Risk,0.262,0.459,Settled,0
16658,At Risk,United Kingdom,368,5,804.07,160.81,24.8,48,250,0.938,0.303,-0.099,0.764,1.416,Hibernating,0.351,0.326,Settled,0
16659,Hibernating,United Kingdom,189,1,39.12,39.12,,2,0,0.512,-1.057,-2.268,1.426,2.573,New Customers,0.357,0.418,Settled,0
16660,Champions,United Kingdom,16,7,1879.55,268.51,82.2,20,678,-1.037,0.659,0.514,1.221,1.236,New Customers,0.497,-0.03,Borderline,1
16661,At Risk,United Kingdom,540,4,986.63,246.66,47.7,50,181,1.184,0.077,0.049,0.907,1.371,Hibernating,0.398,0.243,Borderline,1
16662,Hibernating,United Kingdom,394,1,163.8,163.8,,28,0,0.982,-1.057,-1.246,0.409,2.233,At Risk,0.155,0.667,Core,0
16663,Hibernating,United Kingdom,729,1,165.0,165.0,,1,0,1.376,-1.057,-1.241,0.634,2.365,At Risk,0.211,0.636,Core,0
16664,Hibernating,United Kingdom,569,1,109.2,109.2,,8,0,1.218,-1.057,-1.537,0.746,2.526,At Risk,0.228,0.63,Core,0
16665,Hibernating,United Kingdom,362,1,135.4,135.4,,9,0,0.928,-1.057,-1.383,0.521,2.272,New Customers,0.187,0.649,Core,0
16666,New Customers,United Kingdom,19,2,225.94,112.97,,42,601,-0.933,-0.555,-1.015,0.811,1.839,Hibernating,0.306,0.411,Settled,0
16667,New Customers,United Kingdom,68,2,570.13,285.06,,52,216,-0.138,-0.555,-0.347,0.797,1.197,Hibernating,0.4,0.194,Borderline,1
16668,Champions,United Kingdom,15,13,862.42,66.34,29.9,28,615,-1.076,1.352,-0.049,1.418,1.68,New Customers,0.458,0.079,Borderline,1
16669,New Customers,United Kingdom,24,2,1370.47,685.24,,140,54,-0.789,-0.555,0.286,0.594,1.459,At Risk,0.289,0.371,Settled,0
16670,Champions,United Kingdom,17,20,8030.15,401.51,28.0,258,712,-1.0,1.854,1.564,0.401,2.379,At Risk,0.144,0.533,Core,0
16671,New Customers,United Kingdom,28,3,1692.27,564.09,61.0,3,136,-0.694,-0.199,0.438,0.717,1.19,At Risk,0.376,0.231,Borderline,1
16672,Champions,United Kingdom,2,20,8134.94,406.75,10.4,22,264,-2.15,1.854,1.573,1.087,3.092,New Customers,0.26,0.523,Core,0
16673,Hibernating,United Kingdom,679,1,188.83,188.83,,19,0,1.331,-1.057,-1.144,0.55,2.278,At Risk,0.194,0.645,Core,0
16674,New Customers,United Kingdom,55,2,319.61,159.8,,89,43,-0.272,-0.555,-0.765,0.845,1.197,Hibernating,0.414,0.171,Borderline,1
16675,Hibernating,United Kingdom,442,2,608.86,304.43,,21,36,1.056,-0.555,-0.3,0.699,1.302,At Risk,0.349,0.363,Settled,0
16676,At Risk,United Kingdom,34,6,2361.9,393.65,60.7,106,384,-0.573,0.494,0.679,1.016,1.261,New Customers,0.446,0.16,Borderline,1
16677,Hibernating,United Kingdom,411,2,880.62,440.31,,45,240,1.009,-0.555,-0.033,0.931,1.147,At Risk,0.448,0.172,Borderline,1
16678,Champions,United Kingdom,3,12,3109.99,259.17,17.3,92,280,-1.966,1.26,0.878,0.999,2.207,New Customers,0.312,0.395,Settled,0
16679,At Risk,United Kingdom,366,3,793.06,264.35,62.5,15,180,0.935,-0.199,-0.109,0.911,1.035,Hibernating,0.468,0.059,Borderline,1
16680,New Customers,United Kingdom,43,3,821.45,273.82,239.5,24,491,-0.426,-0.199,-0.084,0.5,1.084,At Risk,0.316,0.278,Settled,0
16681,At Risk,United Kingdom,73,7,1921.84,274.55,132.9,22,568,-0.093,0.659,0.53,0.616,1.471,New Customers,0.295,0.42,Settled,0
16682,New Customers,United Kingdom,5,5,1028.0,205.6,14.7,15,183,-1.705,0.303,0.078,1.069,1.867,Champions,0.364,0.355,Settled,0
16683,Hibernating,United Kingdom,534,1,320.25,320.25,,18,0,1.177,-1.057,-0.763,0.384,1.966,At Risk,0.163,0.636,Core,0
16684,Champions,United Kingdom,4,55,147142.77,2675.32,18.1,184,728,-1.822,3.068,3.667,2.856,4.803,At Risk,0.373,0.378,Settled,0
16685,New Customers,United Kingdom,61,2,324.24,162.12,,60,0,-0.206,-0.555,-0.754,0.888,1.136,Hibernating,0.439,0.117,Borderline,1
16686,Champions,United Kingdom,47,16,5070.92,316.93,29.8,549,685,-0.371,1.592,1.232,0.775,1.707,At Risk,0.312,0.316,Settled,0
16687,Hibernating,United Kingdom,391,1,157.63,157.63,,8,0,0.977,-1.057,-1.274,0.431,2.253,At Risk,0.161,0.665,Core,0
16688,New Customers,United Kingdom,1,4,1260.86,315.21,10.0,52,59,-2.41,0.077,0.226,1.639,2.246,Champions,0.422,0.253,Settled,0
16689,New Customers,United Kingdom,76,2,422.6,211.3,,12,6,-0.067,-0.555,-0.563,0.915,1.049,Hibernating,0.466,0.05,Borderline,1
16690,New Customers,United Kingdom,72,4,353.03,88.26,54.7,12,379,-0.102,0.077,-0.693,0.983,1.248,At Risk,0.441,0.121,Borderline,1
16691,Hibernating,United Kingdom,418,2,178.83,89.42,,11,143,1.02,-0.555,-1.183,0.439,1.93,At Risk,0.185,0.594,Core,0
16692,At Risk,United Kingdom,256,4,1764.7,441.17,40.5,2,185,0.706,0.077,0.469,0.382,1.671,Hibernating,0.186,0.514,Core,0
16693,At Risk,United Kingdom,69,5,1199.46,239.89,35.3,149,587,-0.128,0.303,0.19,0.574,1.066,New Customers,0.35,0.282,Settled,0
16694,Hibernating,United Kingdom,723,1,98.3,98.3,,3,0,1.371,-1.057,-1.612,0.886,2.639,At Risk,0.251,0.605,Core,0
16695,Hibernating,United Kingdom,562,2,193.15,96.58,,30,0,1.21,-0.555,-1.128,0.505,1.955,At Risk,0.205,0.586,Core,0
16696,At Risk,United Kingdom,135,4,657.9,164.48,23.8,7,112,0.298,0.077,-0.244,0.716,1.246,New Customers,0.365,0.291,Settled,0
16697,Hibernating,United Kingdom,241,1,112.75,112.75,,20,0,0.668,-1.057,-1.514,0.675,2.144,New Customers,0.239,0.579,Core,0
16698,At Risk,United Kingdom,227,2,1998.0,999.0,,4,26,0.629,-0.555,0.558,0.887,1.513,Hibernating,0.37,0.284,Settled,0
16699,At Risk,United Kingdom,380,7,994.6,142.09,32.0,51,355,0.959,0.659,0.054,0.777,1.799,Hibernating,0.302,0.434,Settled,0
16700,Champions,United Kingdom,9,25,9167.71,366.71,16.2,263,729,-1.377,2.118,1.66,0.699,2.824,At Risk,0.198,0.555,Core,0
16701,Champions,United Kingdom,9,26,9916.73,381.41,20.3,154,729,-1.377,2.165,1.717,0.763,2.879,At Risk,0.21,0.551,Core,0
16702,At Risk,United Kingdom,415,4,1109.53,277.38,31.7,83,316,1.015,0.077,0.133,0.725,1.405,Hibernating,0.34,0.341,Settled,0
16704,Hibernating,United Kingdom,618,2,695.66,347.83,,50,53,1.271,-0.555,-0.204,0.859,1.377,At Risk,0.384,0.313,Settled,0
16705,Champions,United Kingdom,1,42,43515.05,1036.07,20.7,399,729,-2.41,2.741,2.786,2.263,4.403,At Risk,0.339,0.446,Settled,0
16706,New Customers,United Kingdom,37,3,531.35,177.12,22.5,108,76,-0.521,-0.199,-0.398,0.413,1.327,At Risk,0.237,0.392,Settled,0
16707,At Risk,United Kingdom,400,4,551.11,137.78,49.1,64,239,0.992,0.077,-0.372,1.027,1.085,Hibernating,0.486,0.024,Borderline,1
16708,New Customers,United Kingdom,46,1,656.63,656.63,,27,0,-0.384,-1.057,-0.245,0.905,1.436,Hibernating,0.387,0.245,Borderline,1
16709,Champions,United Kingdom,85,14,9087.46,649.1,37.3,220,645,0.004,1.437,1.653,1.18,1.719,At Risk,0.407,0.171,Borderline,1
16710,Champions,United Kingdom,19,22,6349.09,288.6,28.8,541,716,-0.933,1.967,1.394,0.474,2.342,At Risk,0.168,0.516,Core,0
16711,Champions,United Kingdom,3,9,2868.48,318.72,76.3,26,734,-1.966,0.935,0.82,1.159,1.958,New Customers,0.372,0.283,Settled,0
16712,Champions,United Kingdom,9,13,4259.34,327.64,35.7,300,391,-1.377,1.352,1.106,0.396,2.169,At Risk,0.155,0.519,Core,0
16713,Champions,United Kingdom,19,32,14560.69,455.02,19.2,541,705,-0.933,2.414,1.994,1.101,2.949,At Risk,0.272,0.491,Settled,0
16714,At Risk,United Kingdom,317,3,1514.8,504.93,176.5,94,353,0.843,-0.199,0.358,0.67,1.425,Hibernating,0.32,0.359,Settled,0
16715,New Customers,United Kingdom,78,2,625.52,312.76,,27,484,-0.051,-0.555,-0.28,0.874,1.159,Hibernating,0.43,0.133,Borderline,1
16716,At Risk,United Kingdom,267,3,2149.68,716.56,137.0,7,363,0.733,-0.199,0.611,0.623,1.659,Hibernating,0.273,0.439,Settled,0
16717,Champions,United Kingdom,24,14,6986.23,499.02,57.4,274,708,-0.789,1.437,1.463,0.374,1.941,At Risk,0.162,0.466,Settled,0
16718,At Risk,United Kingdom,369,5,3647.53,729.51,74.7,123,363,0.94,0.303,0.993,0.784,2.226,Hibernating,0.261,0.517,Core,0
16719,Champions,United Kingdom,15,14,3968.3,283.45,22.5,203,711,-1.076,1.437,1.054,0.323,1.963,At Risk,0.141,0.488,Settled,0
16720,New Customers,United Kingdom,26,3,603.48,201.16,2.0,129,695,-0.74,-0.199,-0.306,0.193,1.437,At Risk,0.118,0.463,Settled,0
16721,Hibernating,United Kingdom,262,1,292.47,292.47,,37,0,0.721,-1.057,-0.829,0.261,1.87,New Customers,0.122,0.627,Core,0
16722,Champions,United Kingdom,17,22,8989.08,408.59,20.0,145,718,-1.0,1.967,1.646,0.534,2.493,At Risk,0.176,0.531,Core,0
16723,At Risk,United Kingdom,91,4,1301.63,325.41,141.6,108,643,0.047,0.077,0.249,0.445,1.124,New Customers,0.283,0.352,Settled,0
16724,Hibernating,United Kingdom,405,1,147.35,147.35,,17,0,1.0,-1.057,-1.322,0.479,2.295,At Risk,0.173,0.662,Core,0
16725,At Risk,United Kingdom,302,13,1880.66,144.67,66.6,241,424,0.812,1.352,0.515,1.145,2.128,Champions,0.35,0.409,Settled,0
16726,At Risk,United Kingdom,26,7,2088.41,298.34,57.1,150,384,-0.74,0.659,0.59,1.2,1.231,Champions,0.494,0.068,Borderline,1
16727,At Risk,United Kingdom,364,4,1437.42,359.36,87.0,158,324,0.931,0.077,0.321,0.592,1.543,Hibernating,0.277,0.432,Settled,0
16728,New Customers,United Kingdom,46,4,1054.67,263.67,37.6,218,218,-0.384,0.077,0.097,0.719,0.871,At Risk,0.452,0.067,Borderline,1
16729,Champions,United Kingdom,38,21,7236.6,344.6,5.6,233,203,-0.504,1.912,1.489,0.744,2.131,At Risk,0.259,0.425,Settled,0
16730,New Customers,United Kingdom,52,3,743.11,247.7,48.5,75,267,-0.307,-0.199,-0.156,0.597,1.036,At Risk,0.366,0.219,Borderline,1
16731,Hibernating,United Kingdom,648,1,174.05,174.05,,40,0,1.301,-1.057,-1.202,0.555,2.307,At Risk,0.194,0.649,Core,0
16732,At Risk,United Kingdom,32,4,4387.64,1096.91,104.4,199,699,-0.611,0.077,1.127,1.237,1.45,New Customers,0.46,0.124,Borderline,1
16733,Hibernating,United Kingdom,530,1,259.68,259.68,,12,0,1.172,-1.057,-0.914,0.354,2.06,At Risk,0.147,0.657,Core,0
16734,New Customers,United Kingdom,52,3,650.51,216.84,31.0,44,61,-0.307,-0.199,-0.252,0.591,1.094,At Risk,0.351,0.248,Borderline,1
16735,Champions,United Kingdom,79,14,6270.56,447.9,39.7,178,653,-0.043,1.437,1.385,1.096,1.552,At Risk,0.414,0.141,Borderline,1
16736,At Risk,United Kingdom,506,5,2956.56,591.31,53.7,116,230,1.142,0.303,0.842,0.855,2.114,Hibernating,0.288,0.476,Settled,0
16737,New Customers,United Kingdom,53,2,835.2,417.6,,1,524,-0.295,-0.555,-0.072,0.666,1.2,At Risk,0.357,0.267,Settled,0
16738,Hibernating,United Kingdom,298,1,3.75,3.75,,1,0,0.803,-1.057,-3.81,2.915,4.018,New Customers,0.42,0.273,Settled,0
16739,Hibernating,United Kingdom,177,2,786.43,393.22,,33,359,0.471,-0.555,-0.115,0.938,1.011,At Risk,0.481,0.083,Borderline,1
16740,Hibernating,United Kingdom,395,1,236.81,236.81,,30,0,0.984,-1.057,-0.981,0.236,2.042,At Risk,0.104,0.668,Core,0
16741,Hibernating,United Kingdom,625,1,173.06,173.06,,11,0,1.278,-1.057,-1.206,0.539,2.301,At Risk,0.19,0.652,Core,0
16742,At Risk,United Kingdom,493,13,2387.71,183.67,13.9,50,230,1.126,1.352,0.687,1.316,2.363,Champions,0.358,0.404,Settled,0
16743,Champions,United Kingdom,29,14,4253.26,303.8,29.8,118,566,-0.672,1.437,1.105,0.535,1.702,At Risk,0.239,0.389,Settled,0
16744,New Customers,United Kingdom,11,7,1304.76,186.39,10.9,198,161,-1.26,0.659,0.251,1.146,1.418,Champions,0.447,0.171,Borderline,1
16745,Champions,United Kingdom,87,17,7194.3,423.19,6.4,148,225,0.018,1.663,1.485,1.166,1.769,At Risk,0.397,0.195,Borderline,1
16746,Champions,United Kingdom,5,42,18064.7,430.11,9.4,389,730,-1.705,2.741,2.15,1.551,3.653,At Risk,0.298,0.499,Settled,0
16747,New Customers,United Kingdom,38,2,836.06,418.03,,34,30,-0.504,-0.555,-0.071,0.49,1.33,At Risk,0.269,0.375,Settled,0
16748,Champions,United Kingdom,18,14,3637.33,259.81,43.9,55,711,-0.965,1.437,0.991,0.414,1.862,At Risk,0.182,0.455,Settled,0
16749,At Risk,United Kingdom,591,2,4387.08,2193.54,,53,132,1.242,-0.555,1.127,1.385,2.085,Hibernating,0.399,0.269,Settled,0
16750,New Customers,United Kingdom,45,5,623.93,124.79,30.6,74,187,-0.398,0.303,-0.282,0.782,1.065,At Risk,0.423,0.13,Borderline,1
16751,New Customers,United Kingdom,31,1,1764.72,1764.72,,24,0,-0.631,-1.057,0.469,1.067,1.691,At Risk,0.387,0.266,Settled,0
16752,Hibernating,United Kingdom,373,1,415.0,415.0,,9,0,0.947,-1.057,-0.577,0.387,1.774,At Risk,0.179,0.596,Core,0
16753,Hibernating,United Kingdom,58,1,223.92,223.92,,34,0,-0.238,-1.057,-1.021,1.139,1.261,New Customers,0.474,0.086,Borderline,1
16754,Champions,United Kingdom,372,29,67502.47,2327.67,11.5,38,269,0.945,2.296,3.103,2.819,3.385,At Risk,0.454,0.131,Borderline,1
16755,At Risk,United Kingdom,114,7,2900.58,414.37,32.4,219,615,0.19,0.659,0.828,0.576,1.674,Champions,0.256,0.493,Settled,0
16756,At Risk,United Kingdom,215,7,1312.37,187.48,53.8,64,425,0.595,0.659,0.255,0.458,1.838,New Customers,0.2,0.546,Core,0
16757,Hibernating,United Kingdom,319,2,270.48,135.24,,13,90,0.847,-0.555,-0.885,0.308,1.632,At Risk,0.159,0.565,Core,0
16758,Hibernating,United Kingdom,65,1,369.34,369.34,,22,0,-0.166,-1.057,-0.661,1.089,1.122,New Customers,0.492,0.041,Borderline,1
16759,New Customers,United Kingdom,8,3,789.79,263.26,11.5,40,23,-1.445,-0.199,-0.112,0.582,1.977,At Risk,0.228,0.509,Core,0
16760,Hibernating,United Kingdom,430,1,228.0,228.0,,17,0,1.038,-1.057,-1.008,0.274,2.077,At Risk,0.117,0.67,Core,0
16761,Hibernating,United Kingdom,97,1,316.62,316.62,,13,0,0.088,-1.057,-0.772,0.824,1.34,New Customers,0.381,0.293,Settled,0
16762,New Customers,United Kingdom,20,3,1501.38,500.46,36.5,51,124,-0.901,-0.199,0.352,0.605,1.384,At Risk,0.304,0.35,Settled,0
16763,At Risk,United Kingdom,199,2,964.7,482.35,,44,539,0.545,-0.555,0.032,0.948,1.039,Hibernating,0.477,0.019,Borderline,1
16764,Champions,United Kingdom,4,13,2799.25,215.33,6.3,209,139,-1.822,1.352,0.802,0.904,2.171,New Customers,0.294,0.413,Settled,0
16765,Hibernating,United Kingdom,294,2,454.75,227.38,,52,88,0.795,-0.555,-0.511,0.504,1.33,At Risk,0.275,0.443,Settled,0
16766,At Risk,United Kingdom,273,2,1145.6,572.8,,17,0,0.747,-0.555,0.157,0.958,1.11,Hibernating,0.463,0.056,Borderline,1
16767,Champions,United Kingdom,31,15,8069.45,537.96,31.0,208,559,-0.631,1.517,1.568,0.546,1.958,At Risk,0.218,0.436,Settled,0
16768,At Risk,United Kingdom,48,9,1708.12,189.79,36.3,108,684,-0.357,0.935,0.445,0.988,1.34,Champions,0.424,0.238,Borderline,1
16769,At Risk,United Kingdom,260,4,1141.75,285.44,110.2,76,465,0.716,0.077,0.154,0.479,1.423,Hibernating,0.252,0.433,Settled,0
16770,At Risk,United Kingdom,58,9,1932.13,214.68,51.6,202,416,-0.238,0.935,0.534,0.907,1.357,Champions,0.401,0.284,Settled,0
16771,Champions,United Kingdom,33,10,3939.1,393.91,53.5,302,697,-0.592,1.053,1.049,0.789,1.388,At Risk,0.362,0.219,Borderline,1
16772,At Risk,United Kingdom,423,3,3723.55,1241.18,128.0,54,298,1.028,-0.199,1.008,0.987,2.028,Hibernating,0.327,0.405,Settled,0
16773,New Customers,United Kingdom,57,3,421.24,140.41,41.0,53,675,-0.249,-0.199,-0.566,0.723,1.284,At Risk,0.36,0.271,Settled,0
16774,At Risk,United Kingdom,68,8,1594.45,199.31,68.9,89,593,-0.138,0.805,0.395,0.739,1.485,New Customers,0.332,0.378,Settled,0
16775,Champions,United Kingdom,10,16,3056.89,191.06,21.1,132,431,-1.316,1.592,0.866,0.526,2.19,At Risk,0.194,0.495,Settled,0
16776,New Customers,United Kingdom,60,2,619.85,309.92,,105,355,-0.217,-0.555,-0.287,0.717,1.266,At Risk,0.362,0.275,Settled,0
16777,At Risk,United Kingdom,80,5,1307.76,261.55,29.9,125,552,-0.035,0.303,0.252,0.463,1.16,New Customers,0.285,0.36,Settled,0
16778,Hibernating,United Kingdom,74,2,245.94,122.97,,16,199,-0.084,-0.555,-0.954,1.01,1.101,New Customers,0.479,0.08,Borderline,1
16779,Champions,United Kingdom,2,53,33268.24,627.7,9.9,293,734,-2.15,3.023,2.592,2.183,4.311,At Risk,0.336,0.452,Settled,0
16780,At Risk,United Kingdom,100,3,605.55,201.85,5.5,73,306,0.107,-0.199,-0.304,0.929,1.002,New Customers,0.481,0.069,Borderline,1
16781,Hibernating,United Kingdom,372,2,934.25,467.12,,36,297,0.945,-0.555,0.009,0.964,1.097,At Risk,0.468,0.123,Borderline,1
16782,Champions,United Kingdom,10,38,10438.41,274.7,16.5,575,720,-1.316,2.62,1.754,1.167,3.176,At Risk,0.269,0.512,Core,0
16783,Hibernating,United Kingdom,437,1,391.95,391.95,,25,0,1.049,-1.057,-0.618,0.386,1.831,At Risk,0.174,0.61,Core,0
16784,New Customers,United Kingdom,20,5,896.53,179.31,124.4,138,601,-0.901,0.303,-0.021,0.649,1.37,At Risk,0.321,0.334,Settled,0
16785,Hibernating,United Kingdom,410,1,533.78,533.78,,35,0,1.008,-1.057,-0.395,0.56,1.698,At Risk,0.248,0.535,Core,0
16786,Hibernating,United Kingdom,394,1,51.84,51.84,,1,0,0.982,-1.057,-2.068,1.187,2.719,New Customers,0.304,0.527,Core,0
16787,At Risk,United Kingdom,398,4,1035.43,258.86,48.6,102,300,0.989,0.077,0.084,0.725,1.366,Hibernating,0.347,0.327,Settled,0
16788,At Risk,United Kingdom,123,5,1948.65,389.73,12.0,347,547,0.239,0.303,0.54,0.186,1.502,New Customers,0.11,0.518,Core,0
16789,New Customers,United Kingdom,8,1,80.8,80.8,,5,0,-1.445,-1.057,-1.752,1.775,2.481,Hibernating,0.417,0.249,Borderline,1
16790,New Customers,United Kingdom,4,6,1545.62,257.6,4.8,88,34,-1.822,0.494,0.373,1.376,1.591,Champions,0.464,0.14,Borderline,1
16791,Champions,United Kingdom,29,15,4025.94,268.4,28.6,392,707,-0.672,1.517,1.065,0.546,1.742,At Risk,0.239,0.394,Settled,0
16792,At Risk,United Kingdom,282,5,623.46,124.69,72.7,90,422,0.768,0.303,-0.283,0.81,1.324,Hibernating,0.38,0.266,Settled,0
16793,Hibernating,United Kingdom,57,1,243.84,243.84,,16,0,-0.249,-1.057,-0.96,1.145,1.219,New Customers,0.484,0.059,Borderline,1
16794,Champions,United Kingdom,1,15,2088.89,139.26,52.9,244,623,-2.41,1.517,0.591,1.489,2.517,New Customers,0.372,0.315,Settled,0
16795,At Risk,United Kingdom,365,3,2492.39,830.8,108.0,306,318,0.933,-0.199,0.718,0.784,1.752,Hibernating,0.309,0.409,Settled,0
16796,Hibernating,United Kingdom,89,1,305.62,305.62,,18,0,0.033,-1.057,-0.797,0.873,1.311,New Customers,0.4,0.256,Settled,0
16797,At Risk,United Kingdom,393,5,1827.77,365.55,40.4,289,344,0.981,0.303,0.494,0.593,1.822,Hibernating,0.246,0.498,Settled,0
16798,At Risk,United Kingdom,554,3,848.71,282.9,0.5,141,174,1.2,-0.199,-0.06,1.067,1.12,Hibernating,0.488,0.013,Borderline,1
16799,Hibernating,United Kingdom,432,2,495.98,247.99,,81,21,1.041,-0.555,-0.448,0.572,1.384,At Risk,0.293,0.443,Settled,0
16800,New Customers,United Kingdom,11,1,1201.49,1201.49,,148,0,-1.26,-1.057,0.191,0.945,2.145,At Risk,0.306,0.433,Settled,0
16801,At Risk,United Kingdom,163,4,1619.73,404.93,26.3,72,110,0.418,0.077,0.407,0.216,1.508,New Customers,0.125,0.52,Core,0
16802,Hibernating,United Kingdom,679,2,582.61,291.3,,48,51,1.331,-0.555,-0.332,0.791,1.478,At Risk,0.349,0.379,Settled,0
16803,Hibernating,United Kingdom,65,1,332.3,332.3,,24,0,-0.166,-1.057,-0.737,1.075,1.153,New Customers,0.482,0.066,Borderline,1
16804,New Customers,United Kingdom,23,3,536.99,179.0,123.5,59,247,-0.815,-0.199,-0.391,0.195,1.541,At Risk,0.113,0.486,Settled,0
16805,At Risk,United Kingdom,174,4,1082.24,270.56,28.2,212,551,0.46,0.077,0.115,0.389,1.446,New Customers,0.212,0.461,Settled,0
16806,At Risk,United Kingdom,103,4,775.54,193.88,19.6,67,135,0.126,0.077,-0.125,0.654,1.09,New Customers,0.375,0.261,Settled,0
16807,At Risk,United Kingdom,143,6,2123.88,353.98,55.5,107,480,0.335,0.494,0.603,0.271,1.688,New Customers,0.138,0.55,Core,0
16808,Hibernating,United Kingdom,99,2,288.42,144.21,,21,175,0.1,-0.555,-0.839,0.837,1.18,New Customers,0.415,0.219,Borderline,1
16809,Champions,United Kingdom,23,9,1727.43,191.94,41.0,113,582,-0.815,0.935,0.453,1.131,1.368,At Risk,0.453,0.072,Borderline,1
16810,Hibernating,United Kingdom,192,2,842.04,421.02,,34,228,0.523,-0.555,-0.066,0.959,0.991,At Risk,0.492,0.058,Borderline,1
16811,New Customers,United Kingdom,5,2,547.07,273.53,,26,12,-1.705,-0.555,-0.377,0.865,2.401,At Risk,0.265,0.515,Core,0
16812,At Risk,United Kingdom,361,4,2392.0,598.0,7.6,98,21,0.926,0.077,0.689,0.63,1.848,Hibernating,0.254,0.487,Settled,0
16813,Champions,United Kingdom,8,10,1692.98,169.3,8.8,248,196,-1.445,1.053,0.439,1.084,1.62,New Customers,0.401,0.203,Borderline,1
16814,Champions,United Kingdom,14,36,12489.81,346.94,8.9,246,593,-1.117,2.555,1.883,1.145,3.083,At Risk,0.271,0.503,Core,0
16815,Hibernating,United Kingdom,454,2,410.97,205.48,,66,82,1.073,-0.555,-0.584,0.484,1.488,At Risk,0.245,0.501,Core,0
16816,At Risk,United Kingdom,103,4,417.06,104.26,55.9,28,254,0.126,0.077,-0.573,1.063,1.133,New Customers,0.484,0.068,Borderline,1
16817,Champions,United Kingdom,3,13,2804.9,215.76,40.8,107,429,-1.966,1.352,0.804,1.016,2.237,New Customers,0.312,0.395,Settled,0
16818,Champions,United Kingdom,11,11,3349.57,304.51,16.3,172,194,-1.26,1.161,0.932,0.582,1.916,New Customers,0.233,0.451,Settled,0
16819,Hibernating,United Kingdom,465,2,182.59,91.3,,17,0,1.088,-0.555,-1.168,0.457,1.941,At Risk,0.191,0.593,Core,0
16820,Hibernating,United Kingdom,96,1,497.61,497.61,,26,0,0.081,-1.057,-0.446,0.939,1.243,New Customers,0.43,0.198,Borderline,1
16821,Hibernating,United Kingdom,382,1,113.35,113.35,,7,0,0.962,-1.057,-1.51,0.644,2.365,New Customers,0.214,0.633,Core,0
16822,Hibernating,United Kingdom,686,1,181.39,181.39,,11,0,1.337,-1.057,-1.173,0.568,2.3,At Risk,0.198,0.644,Core,0
16823,At Risk,United Kingdom,227,7,2260.09,322.87,62.8,149,510,0.629,0.659,0.648,0.489,2.007,New Customers,0.196,0.57,Core,0
16824,New Customers,United Kingdom,16,3,686.24,228.75,40.0,34,378,-1.037,-0.199,-0.214,0.186,1.642,At Risk,0.102,0.509,Core,0
16825,At Risk,United Kingdom,39,5,1826.89,365.38,57.1,48,495,-0.488,0.303,0.494,0.881,1.037,New Customers,0.459,0.117,Borderline,1
16826,New Customers,United Kingdom,51,1,341.7,341.7,,22,0,-0.319,-1.057,-0.717,1.054,1.227,Hibernating,0.462,0.082,Borderline,1
16827,Hibernating,United Kingdom,393,5,387.18,77.44,49.7,9,195,0.981,0.303,-0.627,1.201,1.213,At Risk,0.498,0.014,Borderline,1
16828,Hibernating,United Kingdom,112,1,113.5,113.5,,7,0,0.179,-1.057,-1.509,0.945,1.818,New Customers,0.342,0.403,Settled,0
16829,Hibernating,United Kingdom,157,2,513.32,256.66,,25,231,0.394,-0.555,-0.423,0.747,1.204,At Risk,0.383,0.281,Settled,0
16830,New Customers,United Kingdom,39,4,1207.5,301.88,144.1,65,687,-0.488,0.077,0.195,0.706,0.935,At Risk,0.43,0.112,Borderline,1
16831,Hibernating,United Kingdom,565,1,91.8,91.8,,6,0,1.213,-1.057,-1.661,0.852,2.623,At Risk,0.245,0.613,Core,0
16832,At Risk,United Kingdom,184,5,417.61,83.52,82.5,19,274,0.495,0.303,-0.572,1.011,1.269,Hibernating,0.443,0.137,Borderline,1
16833,Champions,United Kingdom,1,6,2409.04,401.51,89.1,87,621,-2.41,0.494,0.694,1.778,1.959,New Customers,0.476,0.039,Borderline,1
16834,Hibernating,United Kingdom,228,2,898.96,449.48,,43,446,0.632,-0.555,-0.019,0.967,0.989,At Risk,0.495,0.054,Borderline,1
16835,At Risk,United Kingdom,128,6,1538.41,256.4,85.5,58,441,0.264,0.494,0.37,0.248,1.531,New Customers,0.14,0.519,Core,0
16836,New Customers,United Kingdom,40,4,782.37,195.59,87.3,42,534,-0.472,0.077,-0.119,0.579,1.046,At Risk,0.356,0.225,Borderline,1
16837,Champions,United Kingdom,31,11,3170.98,288.27,28.2,123,214,-0.631,1.161,0.892,0.781,1.419,At Risk,0.355,0.236,Borderline,1
16838,At Risk,United Kingdom,197,4,1159.61,289.9,63.6,53,465,0.539,0.077,0.165,0.373,1.462,Hibernating,0.203,0.469,Settled,0
16839,Champions,United Kingdom,9,44,22310.49,507.06,13.6,132,657,-1.377,2.798,2.303,1.594,3.593,At Risk,0.307,0.48,Settled,0
16840,Hibernating,United Kingdom,603,2,139.85,69.92,,9,71,1.255,-0.555,-1.36,0.667,2.163,At Risk,0.236,0.577,Core,0
16841,Champions,United Kingdom,37,12,4006.06,333.84,35.3,187,660,-0.521,1.26,1.061,0.735,1.472,At Risk,0.333,0.265,Settled,0
16842,At Risk,United Kingdom,101,3,1264.19,421.4,46.0,45,201,0.113,-0.199,0.228,0.599,1.112,New Customers,0.35,0.289,Settled,0
16843,Champions,United Kingdom,43,35,19571.43,559.18,20.5,317,686,-0.426,2.521,2.208,1.48,2.966,At Risk,0.333,0.401,Settled,0
16844,Hibernating,United Kingdom,563,2,614.34,307.17,,26,20,1.211,-0.555,-0.293,0.759,1.384,At Risk,0.354,0.364,Settled,0
16845,Hibernating,United Kingdom,618,1,253.88,253.88,,20,0,1.271,-1.057,-0.931,0.44,2.11,At Risk,0.173,0.647,Core,0
16846,New Customers,United Kingdom,50,3,842.41,280.8,232.5,47,589,-0.332,-0.199,-0.065,0.594,1.005,At Risk,0.371,0.206,Borderline,1
16847,New Customers,United Kingdom,43,2,614.89,307.45,,37,574,-0.426,-0.555,-0.293,0.527,1.382,At Risk,0.276,0.387,Settled,0
16848,At Risk,United Kingdom,53,4,1411.62,352.9,141.4,75,379,-0.295,0.077,0.307,0.729,0.896,New Customers,0.449,0.121,Borderline,1
16849,Hibernating,United Kingdom,187,1,124.57,124.57,,8,0,0.506,-1.057,-1.443,0.684,1.986,New Customers,0.256,0.541,Core,0
16850,Hibernating,United Kingdom,334,1,332.41,332.41,,19,0,0.876,-1.057,-0.737,0.257,1.85,At Risk,0.122,0.631,Core,0
16851,New Customers,United Kingdom,4,3,342.45,114.15,14.5,17,47,-1.822,-0.199,-0.715,1.052,2.541,At Risk,0.293,0.488,Settled,0
16852,New Customers,United Kingdom,10,2,144.91,72.46,,9,165,-1.316,-0.555,-1.334,1.198,2.256,Hibernating,0.347,0.385,Settled,0
16854,At Risk,United Kingdom,417,2,1408.96,704.48,,72,223,1.019,-0.555,0.306,1.061,1.255,Hibernating,0.458,0.082,Borderline,1
16855,New Customers,United Kingdom,24,2,328.4,164.2,,19,19,-0.789,-0.555,-0.745,0.569,1.702,Hibernating,0.25,0.452,Settled,0
16856,New Customers,United Kingdom,15,3,358.49,119.5,189.0,16,427,-1.076,-0.199,-0.682,0.489,1.907,At Risk,0.204,0.51,Core,0
16857,Hibernating,United Kingdom,443,1,352.8,352.8,,11,0,1.057,-1.057,-0.694,0.338,1.879,At Risk,0.153,0.629,Core,0
16858,At Risk,United Kingdom,369,10,4668.28,466.83,19.6,75,355,0.94,1.053,1.172,1.196,2.137,Champions,0.359,0.394,Settled,0
16859,At Risk,United Kingdom,145,7,1932.41,276.06,56.4,87,500,0.343,0.659,0.534,0.385,1.747,New Customers,0.181,0.543,Core,0
16860,At Risk,United Kingdom,453,3,1610.62,536.87,21.0,35,209,1.072,-0.199,0.403,0.839,1.477,Hibernating,0.362,0.308,Settled,0
16861,At Risk,United Kingdom,60,5,946.59,189.32,79.0,39,448,-0.217,0.303,0.019,0.736,0.943,New Customers,0.438,0.146,Borderline,1
16862,At Risk,United Kingdom,547,4,662.33,165.58,41.3,34,154,1.192,0.077,-0.239,1.068,1.192,Hibernating,0.473,0.065,Borderline,1
16863,New Customers,United Kingdom,31,3,998.52,332.84,146.0,43,378,-0.631,-0.199,0.057,0.41,1.194,At Risk,0.256,0.349,Settled,0
16864,Hibernating,United Kingdom,434,2,409.25,204.62,,17,164,1.044,-0.555,-0.587,0.471,1.477,At Risk,0.242,0.502,Core,0
16865,Hibernating,United Kingdom,402,1,130.95,130.95,,15,0,0.995,-1.057,-1.407,0.553,2.337,New Customers,0.191,0.652,Core,0
16866,Hibernating,United Kingdom,141,3,207.74,69.25,1.5,10,20,0.326,-0.199,-1.075,0.879,1.475,New Customers,0.373,0.317,Settled,0
16867,Hibernating,United Kingdom,690,1,76.74,76.74,,6,0,1.341,-1.057,-1.789,1.02,2.768,At Risk,0.269,0.584,Core,0
16868,Hibernating,United Kingdom,394,3,393.39,131.13,61.5,47,199,0.982,-0.199,-0.615,0.73,1.3,At Risk,0.36,0.325,Settled,0
16869,New Customers,United Kingdom,23,4,825.42,206.36,45.2,113,152,-0.815,0.077,-0.08,0.423,1.328,At Risk,0.241,0.389,Settled,0
16870,Hibernating,United Kingdom,469,1,450.16,450.16,,28,0,1.094,-1.057,-0.518,0.483,1.793,At Risk,0.212,0.58,Core,0
16871,Champions,United Kingdom,22,6,2812.34,468.72,42.6,131,248,-0.843,0.494,0.806,1.216,1.304,At Risk,0.482,-0.004,Borderline,1
16872,At Risk,United Kingdom,77,6,1213.13,202.19,86.1,12,385,-0.059,0.494,0.198,0.547,1.234,New Customers,0.307,0.359,Settled,0
16873,Champions,United Kingdom,5,12,14617.39,1218.12,25.7,252,663,-1.705,1.26,1.997,0.903,2.789,At Risk,0.245,0.504,Core,0
16874,Hibernating,United Kingdom,379,1,217.74,217.74,,31,0,0.957,-1.057,-1.041,0.253,2.077,At Risk,0.109,0.67,Core,0
16875,Champions,United Kingdom,67,11,4234.53,384.96,42.2,161,636,-0.147,1.161,1.101,1.086,1.222,At Risk,0.471,-0.011,Borderline,1
16876,Hibernating,United Kingdom,404,1,136.01,136.01,,32,0,0.998,-1.057,-1.38,0.529,2.327,New Customers,0.185,0.656,Core,0
16877,New Customers,United Kingdom,12,6,853.72,142.29,40.7,111,195,-1.209,0.494,-0.056,0.882,1.685,At Risk,0.344,0.352,Settled,0
16878,Hibernating,United Kingdom,84,1,13.3,13.3,,3,0,-0.004,-1.057,-3.013,2.296,3.003,New Customers,0.433,0.232,Borderline,1
16880,At Risk,United Kingdom,31,8,1840.86,230.11,99.0,130,462,-0.631,0.805,0.499,1.146,1.235,Champions,0.481,0.106,Borderline,1
16881,New Customers,United Kingdom,67,1,432.0,432.0,,1,0,-0.147,-1.057,-0.548,1.098,1.102,Hibernating,0.499,-0.023,Borderline,1
16882,New Customers,United Kingdom,67,3,705.12,235.04,47.5,39,250,-0.147,-0.199,-0.194,0.75,0.96,At Risk,0.439,0.104,Borderline,1
16883,At Risk,United Kingdom,187,19,2396.59,126.14,52.4,159,548,0.506,1.794,0.69,1.53,1.787,Champions,0.461,0.168,Borderline,1
16884,New Customers,United Kingdom,38,4,1073.92,268.48,241.4,64,532,-0.504,0.077,0.11,0.648,0.975,At Risk,0.399,0.163,Borderline,1
16885,New Customers,United Kingdom,15,4,709.49,177.37,129.2,120,370,-1.076,0.077,-0.189,0.43,1.608,At Risk,0.211,0.463,Settled,0
16886,Hibernating,United Kingdom,456,1,134.0,134.0,,8,0,1.076,-1.057,-1.39,0.562,2.369,At Risk,0.192,0.655,Core,0
16887,New Customers,United Kingdom,35,3,660.72,220.24,13.5,94,703,-0.555,-0.199,-0.241,0.349,1.261,At Risk,0.217,0.387,Settled,0
16888,Hibernating,United Kingdom,401,3,437.15,145.72,125.5,44,300,0.993,-0.199,-0.539,0.765,1.245,At Risk,0.381,0.287,Settled,0
16889,At Risk,United Kingdom,195,6,2530.9,421.82,27.6,163,371,0.532,0.494,0.729,0.386,1.898,New Customers,0.169,0.569,Core,0
16890,Hibernating,United Kingdom,477,3,277.91,92.64,35.0,16,105,1.105,-0.199,-0.866,0.702,1.561,At Risk,0.31,0.42,Settled,0
16891,Champions,United Kingdom,2,11,2056.82,186.98,58.6,335,733,-2.15,1.161,0.579,1.334,2.103,New Customers,0.388,0.261,Settled,0
16892,New Customers,United Kingdom,1,7,762.1,108.87,131.8,119,729,-2.41,0.659,-0.138,1.806,2.153,Champions,0.456,0.162,Borderline,1
16893,Hibernating,United Kingdom,367,2,401.35,200.68,,79,9,0.937,-0.555,-0.601,0.434,1.443,At Risk,0.231,0.501,Core,0
16894,At Risk,United Kingdom,502,3,1324.06,441.35,16.5,186,33,1.137,-0.199,0.261,0.909,1.364,Hibernating,0.4,0.232,Borderline,1
16895,At Risk,United Kingdom,65,5,1121.42,224.28,131.6,135,601,-0.166,0.303,0.141,0.629,1.02,New Customers,0.382,0.238,Borderline,1
16896,Hibernating,United Kingdom,555,1,103.95,103.95,,18,0,1.202,-1.057,-1.572,0.769,2.549,At Risk,0.232,0.626,Core,0
16897,Hibernating,United Kingdom,299,2,289.78,144.89,,37,14,0.806,-0.555,-0.835,0.322,1.58,At Risk,0.169,0.551,Core,0
16898,New Customers,United Kingdom,26,5,1016.37,203.27,54.3,223,550,-0.74,0.303,0.07,0.701,1.188,At Risk,0.371,0.241,Borderline,1
16899,Champions,United Kingdom,8,8,1721.02,215.13,45.3,101,389,-1.445,0.805,0.451,1.206,1.423,New Customers,0.459,0.068,Borderline,1
16900,New Customers,United Kingdom,17,3,882.16,294.05,20.5,77,46,-1.0,-0.199,-0.032,0.262,1.546,At Risk,0.145,0.481,Settled,0
16901,Hibernating,United Kingdom,729,1,204.26,204.26,,23,0,1.376,-1.057,-1.087,0.567,2.258,At Risk,0.201,0.637,Core,0
16902,At Risk,United Kingdom,116,1,1706.88,1706.88,,43,0,0.201,-1.057,0.445,1.361,1.492,New Customers,0.477,0.055,Borderline,1
16903,New Customers,United Kingdom,29,3,1062.28,354.09,158.0,148,386,-0.672,-0.199,0.102,0.421,1.216,At Risk,0.257,0.353,Settled,0
16904,Champions,United Kingdom,4,20,5113.57,255.68,19.3,482,406,-1.822,1.854,1.238,0.767,2.781,New Customers,0.216,0.543,Core,0
16905,Champions,United Kingdom,5,17,5031.65,295.98,50.4,170,723,-1.705,1.663,1.226,0.6,2.589,New Customers,0.188,0.547,Core,0
16906,At Risk,United Kingdom,82,7,1447.95,206.85,66.5,179,493,-0.019,0.659,0.326,0.562,1.418,New Customers,0.284,0.417,Settled,0
16907,Champions,United Kingdom,29,9,1707.9,189.77,34.3,109,497,-0.672,0.935,0.445,1.186,1.244,At Risk,0.488,-0.029,Borderline,1
16908,Hibernating,United Kingdom,722,1,252.59,252.59,,20,0,1.37,-1.057,-0.934,0.531,2.156,At Risk,0.198,0.631,Core,0
16909,Hibernating,United Kingdom,72,1,379.14,379.14,,18,0,-0.102,-1.057,-0.642,1.032,1.158,New Customers,0.471,0.097,Borderline,1
16910,Champions,United Kingdom,4,8,1510.06,188.76,13.1,318,86,-1.822,0.805,0.356,1.419,1.571,New Customers,0.475,0.031,Borderline,1
16911,Hibernating,United Kingdom,636,2,255.25,127.63,,30,25,1.289,-0.555,-0.927,0.514,1.836,At Risk,0.219,0.563,Core,0
16912,Champions,United Kingdom,29,15,4480.31,298.69,55.3,130,701,-0.672,1.517,1.142,0.509,1.771,At Risk,0.223,0.409,Settled,0
16913,Hibernating,United Kingdom,290,3,423.91,141.3,180.5,18,361,0.786,-0.199,-0.561,0.751,1.177,At Risk,0.39,0.262,Settled,0
16914,New Customers,United Kingdom,36,1,208.46,208.46,,25,0,-0.538,-1.057,-1.073,1.172,1.438,Hibernating,0.449,0.132,Borderline,1
16915,Champions,United Kingdom,9,11,1543.18,140.29,22.9,54,560,-1.377,1.161,0.372,1.082,1.664,New Customers,0.394,0.218,Borderline,1
16916,New Customers,United Kingdom,24,4,1117.5,279.38,154.6,179,391,-0.789,0.077,0.139,0.55,1.235,At Risk,0.308,0.322,Settled,0
16917,At Risk,United Kingdom,277,2,1857.83,928.92,,45,355,0.757,-0.555,0.506,0.924,1.447,Hibernating,0.39,0.243,Borderline,1
16918,Champions,United Kingdom,50,16,3213.29,200.83,42.1,280,687,-0.332,1.592,0.902,0.923,1.561,At Risk,0.372,0.214,Borderline,1
16919,Champions,United Kingdom,156,24,5125.91,213.58,21.6,230,320,0.39,2.07,1.239,1.617,1.954,At Risk,0.453,0.082,Borderline,1
16920,Hibernating,United Kingdom,411,1,355.45,355.45,,23,0,1.009,-1.057,-0.688,0.319,1.859,At Risk,0.146,0.628,Core,0
16921,New Customers,United Kingdom,61,3,446.67,148.89,111.5,78,539,-0.206,-0.199,-0.523,0.745,1.23,At Risk,0.377,0.24,Borderline,1
16922,Hibernating,United Kingdom,573,1,611.08,611.08,,122,0,1.222,-1.057,-0.297,0.724,1.744,At Risk,0.293,0.49,Settled,0
16923,Champions,United Kingdom,12,32,13378.36,418.07,14.0,431,665,-1.209,2.414,1.933,1.051,3.052,At Risk,0.256,0.519,Core,0
16924,New Customers,United Kingdom,21,3,846.75,282.25,11.5,69,62,-0.871,-0.199,-0.062,0.212,1.441,At Risk,0.128,0.462,Settled,0
16925,Hibernating,United Kingdom,540,1,125.65,125.65,,18,0,1.184,-1.057,-1.436,0.646,2.438,At Risk,0.209,0.644,Core,0
16926,At Risk,United Kingdom,371,5,1421.35,284.27,27.6,63,155,0.944,0.303,0.312,0.566,1.684,Hibernating,0.252,0.477,Settled,0
16927,At Risk,United Kingdom,116,3,543.05,181.02,38.0,5,245,0.201,-0.199,-0.382,0.97,1.08,Hibernating,0.473,0.05,Borderline,1
16928,Champions,United Kingdom,80,26,4013.78,154.38,41.6,133,594,-0.035,2.165,1.063,1.298,2.023,At Risk,0.391,0.224,Borderline,1
16929,New Customers,United Kingdom,4,7,1295.39,185.06,16.9,51,151,-1.822,0.659,0.245,1.429,1.575,Champions,0.476,0.107,Borderline,1
16930,New Customers,United Kingdom,26,3,380.55,126.85,21.0,47,42,-0.74,-0.199,-0.639,0.435,1.634,At Risk,0.21,0.466,Settled,0
16931,Champions,United Kingdom,5,23,5233.62,227.55,8.9,466,391,-1.705,2.019,1.254,0.754,2.839,At Risk,0.21,0.55,Core,0
16932,New Customers,United Kingdom,53,3,440.71,146.9,111.0,116,517,-0.295,-0.199,-0.533,0.668,1.282,At Risk,0.343,0.293,Settled,0
16933,Champions,United Kingdom,1,9,3181.25,353.47,74.4,213,728,-2.41,0.935,0.895,1.486,2.27,New Customers,0.396,0.256,Settled,0
16934,At Risk,United Kingdom,55,6,2110.99,351.83,116.7,128,566,-0.272,0.494,0.598,0.712,1.315,New Customers,0.351,0.331,Settled,0
16935,Hibernating,United Kingdom,382,3,535.1,178.37,12.0,55,39,0.962,-0.199,-0.393,0.84,1.118,At Risk,0.429,0.19,Borderline,1
16936,New Customers,United Kingdom,26,2,551.17,275.59,,122,359,-0.74,-0.555,-0.372,0.317,1.625,At Risk,0.163,0.496,Settled,0
16937,Hibernating,United Kingdom,499,1,202.1,202.1,,49,0,1.133,-1.057,-1.095,0.375,2.169,At Risk,0.148,0.668,Core,0
16938,Champions,United Kingdom,9,9,7043.18,782.58,47.8,547,651,-1.377,0.935,1.469,0.66,2.148,At Risk,0.235,0.46,Settled,0
16939,Hibernating,United Kingdom,489,3,449.0,149.67,52.5,38,160,1.121,-0.199,-0.52,0.803,1.297,At Risk,0.382,0.291,Settled,0
16940,Champions,United Kingdom,52,8,6427.66,803.46,35.1,360,679,-0.307,0.805,1.403,1.106,1.301,At Risk,0.46,0.024,Borderline,1
16941,Hibernating,United Kingdom,612,1,33.0,33.0,,2,0,1.264,-1.057,-2.387,1.547,3.129,New Customers,0.331,0.486,Settled,0
16942,Champions,United Kingdom,13,9,1920.59,213.4,30.0,159,215,-1.161,0.935,0.53,1.023,1.488,New Customers,0.407,0.186,Borderline,1
16943,At Risk,United Kingdom,212,3,816.73,272.24,3.5,23,106,0.586,-0.199,-0.088,0.741,1.09,Hibernating,0.405,0.186,Borderline,1
16944,Hibernating,United Kingdom,610,1,101.36,101.36,,7,0,1.262,-1.057,-1.59,0.812,2.583,At Risk,0.239,0.619,Core,0
16945,Champions,United Kingdom,22,33,8548.16,259.04,19.5,231,709,-0.843,2.45,1.609,0.99,2.752,At Risk,0.265,0.481,Settled,0
16946,At Risk,United Kingdom,383,5,1222.04,244.41,43.6,69,264,0.964,0.303,0.203,0.618,1.608,Hibernating,0.278,0.443,Settled,0
16947,At Risk,United Kingdom,236,4,946.71,236.68,63.9,49,410,0.654,0.077,0.019,0.536,1.334,Hibernating,0.286,0.386,Settled,0
16948,At Risk,United Kingdom,139,7,868.77,124.11,27.4,20,517,0.316,0.659,-0.043,0.608,1.556,New Customers,0.281,0.436,Settled,0
16949,New Customers,United Kingdom,4,6,1286.27,214.38,42.5,57,312,-1.822,0.494,0.24,1.322,1.677,Champions,0.441,0.196,Borderline,1
16950,Champions,United Kingdom,57,10,3776.37,377.64,67.8,110,627,-0.249,1.053,1.019,1.063,1.155,At Risk,0.479,-0.033,Borderline,1
16951,At Risk,United Kingdom,135,3,1277.75,425.92,83.0,73,169,0.298,-0.199,0.235,0.536,1.283,New Customers,0.295,0.383,Settled,0
16952,At Risk,United Kingdom,109,5,798.78,159.76,148.0,76,618,0.162,0.303,-0.104,0.585,1.221,New Customers,0.324,0.341,Settled,0
16953,Hibernating,United Kingdom,30,1,20.8,20.8,,1,0,-0.651,-1.057,-2.709,2.374,2.588,New Customers,0.478,0.086,Borderline,1
16954,Champions,United Kingdom,1,20,6081.88,304.09,30.0,83,689,-2.41,1.854,1.363,1.316,3.093,New Customers,0.298,0.472,Settled,0
16955,At Risk,United Kingdom,185,6,1309.41,218.24,68.5,33,492,0.499,0.494,0.253,0.293,1.676,New Customers,0.149,0.547,Core,0
16956,New Customers,United Kingdom,18,1,308.74,308.74,,16,0,-0.965,-1.057,-0.79,0.932,1.856,Hibernating,0.334,0.381,Settled,0
16957,Hibernating,United Kingdom,239,2,416.64,208.32,,15,42,0.662,-0.555,-0.574,0.498,1.343,At Risk,0.271,0.442,Settled,0
16958,Hibernating,United Kingdom,435,1,809.44,809.44,,69,0,1.046,-1.057,-0.094,0.849,1.588,At Risk,0.348,0.395,Settled,0
16959,Hibernating,United Kingdom,87,1,117.35,117.35,,7,0,0.018,-1.057,-1.485,1.056,1.711,New Customers,0.382,0.322,Settled,0
16960,At Risk,United Kingdom,39,8,2041.48,255.18,70.9,333,608,-0.488,0.805,0.574,1.028,1.252,Champions,0.451,0.18,Borderline,1
16961,At Risk,United Kingdom,116,3,794.56,264.85,64.0,52,415,0.201,-0.199,-0.108,0.754,1.103,New Customers,0.406,0.221,Borderline,1
16962,Hibernating,United Kingdom,410,1,251.04,251.04,,15,0,1.008,-1.057,-0.939,0.238,2.02,At Risk,0.105,0.665,Core,0
16963,Hibernating,United Kingdom,187,1,110.55,110.55,,7,0,0.506,-1.057,-1.528,0.753,2.039,New Customers,0.27,0.531,Core,0
16964,Hibernating,United Kingdom,733,2,207.85,103.92,,6,0,1.38,-0.555,-1.075,0.613,1.992,At Risk,0.235,0.563,Core,0
16965,Hibernating,United Kingdom,227,1,192.07,192.07,,25,0,0.629,-1.057,-1.132,0.39,1.912,New Customers,0.169,0.607,Core,0
16966,Champions,United Kingdom,8,7,2154.97,307.85,40.6,8,231,-1.445,0.659,0.613,1.193,1.406,New Customers,0.459,0.066,Borderline,1
16967,Hibernating,United Kingdom,189,1,319.02,319.02,,21,0,0.512,-1.057,-0.766,0.436,1.673,New Customers,0.207,0.547,Core,0
16968,New Customers,United Kingdom,4,2,439.43,219.72,,31,103,-1.822,-0.555,-0.535,1.01,2.56,At Risk,0.283,0.505,Core,0
16969,New Customers,United Kingdom,39,3,650.41,216.8,19.0,42,152,-0.488,-0.199,-0.252,0.414,1.217,At Risk,0.254,0.356,Settled,0
16970,Hibernating,United Kingdom,626,1,71.4,71.4,,2,0,1.279,-1.057,-1.841,1.039,2.789,At Risk,0.271,0.582,Core,0
16971,New Customers,United Kingdom,38,1,357.21,357.21,,40,0,-0.504,-1.057,-0.685,0.952,1.412,Hibernating,0.403,0.223,Borderline,1
16972,Hibernating,United Kingdom,383,2,786.25,393.12,,54,73,0.964,-0.555,-0.115,0.849,1.16,At Risk,0.423,0.225,Borderline,1
16973,Hibernating,United Kingdom,386,1,127.0,127.0,,6,0,0.969,-1.057,-1.429,0.569,2.328,New Customers,0.196,0.647,Core,0
16974,Hibernating,United Kingdom,523,2,365.5,182.75,,5,41,1.164,-0.555,-0.668,0.481,1.589,At Risk,0.232,0.525,Core,0
16975,At Risk,United Kingdom,423,3,926.12,308.71,1.0,44,82,1.028,-0.199,0.003,0.911,1.132,Hibernating,0.446,0.118,Borderline,1
16976,Hibernating,United Kingdom,267,1,251.52,251.52,,2,0,0.733,-1.057,-0.937,0.245,1.917,New Customers,0.113,0.639,Core,0
16977,Hibernating,United Kingdom,395,4,496.0,124.0,81.5,25,236,0.984,0.077,-0.448,1.049,1.084,At Risk,0.492,0.034,Borderline,1
16978,New Customers,United Kingdom,78,3,768.88,256.29,294.5,65,588,-0.051,-0.199,-0.131,0.851,0.868,At Risk,0.495,-0.013,Borderline,1
16979,Champions,United Kingdom,4,9,2859.74,317.75,46.5,82,446,-1.822,0.935,0.818,1.062,1.881,New Customers,0.361,0.295,Settled,0
16980,At Risk,United Kingdom,255,3,1473.33,491.11,50.5,91,173,0.704,-0.199,0.338,0.589,1.418,Hibernating,0.293,0.386,Settled,0
16982,New Customers,United Kingdom,61,1,384.06,384.06,,22,0,-0.206,-1.057,-0.632,1.086,1.134,Hibernating,0.489,0.007,Borderline,1
16983,Champions,United Kingdom,13,11,3710.22,337.29,28.8,151,433,-1.161,1.161,1.006,0.516,1.87,At Risk,0.216,0.449,Settled,0
16984,Champions,United Kingdom,88,9,10754.8,1194.98,79.2,669,553,0.026,0.935,1.775,1.372,1.533,At Risk,0.472,0.006,Borderline,1
16985,Champions,United Kingdom,17,23,10923.16,474.92,29.3,130,711,-1.0,2.019,1.786,0.659,2.599,At Risk,0.202,0.526,Core,0
16986,Champions,United Kingdom,30,11,4888.75,444.43,122.9,65,643,-0.651,1.161,1.205,0.631,1.562,At Risk,0.288,0.329,Settled,0
16987,Champions,United Kingdom,3,11,2513.95,228.54,76.2,154,734,-1.966,1.161,0.724,1.111,2.062,New Customers,0.35,0.327,Settled,0
16988,New Customers,United Kingdom,5,2,382.67,191.34,,20,374,-1.705,-0.555,-0.635,0.94,2.5,At Risk,0.273,0.513,Core,0
16989,New Customers,United Kingdom,7,6,1133.25,188.88,17.9,7,143,-1.521,0.494,0.149,1.093,1.643,Champions,0.399,0.279,Settled,0
16990,Hibernating,United Kingdom,219,2,344.0,172.0,,1,203,0.607,-0.555,-0.712,0.451,1.44,At Risk,0.239,0.48,Settled,0
16991,Hibernating,United Kingdom,421,1,1041.21,1041.21,,74,0,1.025,-1.057,0.088,1.02,1.529,At Risk,0.4,0.295,Settled,0
16992,Champions,United Kingdom,11,13,5476.5,421.27,40.0,212,655,-1.26,1.352,1.287,0.236,2.141,At Risk,0.099,0.526,Core,0
16993,At Risk,United Kingdom,464,2,1950.95,975.48,,19,112,1.087,-0.555,0.541,1.1,1.491,Hibernating,0.425,0.178,Borderline,1
16996,Champions,United Kingdom,30,9,2123.61,235.96,41.9,32,387,-0.651,0.935,0.603,1.079,1.237,At Risk,0.466,0.023,Borderline,1
16997,At Risk,United Kingdom,288,3,702.0,234.0,2.5,7,37,0.782,-0.199,-0.197,0.889,0.973,Hibernating,0.478,0.031,Borderline,1
16998,At Risk,United Kingdom,150,5,402.0,80.4,52.1,2,294,0.365,0.303,-0.599,1.034,1.308,Hibernating,0.441,0.144,Borderline,1
16999,New Customers,United Kingdom,23,2,484.82,242.41,,21,50,-0.815,-0.555,-0.464,0.341,1.725,At Risk,0.165,0.514,Core,0
17000,Hibernating,United Kingdom,396,2,406.3,203.15,,26,11,0.985,-0.555,-0.592,0.45,1.456,At Risk,0.236,0.501,Core,0
17001,Champions,United Kingdom,1,19,6640.8,349.52,21.1,108,623,-2.41,1.794,1.427,1.304,3.085,New Customers,0.297,0.473,Settled,0
17002,At Risk,United Kingdom,86,7,2571.55,367.36,53.6,64,555,0.011,0.659,0.741,0.612,1.569,Champions,0.281,0.46,Settled,0
17003,At Risk,United Kingdom,402,4,830.16,207.54,68.7,90,176,0.995,0.077,-0.076,0.819,1.256,Hibernating,0.395,0.238,Borderline,1
17004,At Risk,United Kingdom,46,4,2425.16,606.29,123.2,48,377,-0.384,0.077,0.698,0.846,1.135,New Customers,0.427,0.18,Borderline,1
17005,Hibernating,United Kingdom,471,2,742.36,371.18,,14,118,1.097,-0.555,-0.157,0.836,1.25,At Risk,0.401,0.275,Settled,0
17006,Champions,United Kingdom,5,8,1636.32,204.54,114.4,103,639,-1.705,0.805,0.414,1.324,1.528,New Customers,0.464,0.057,Borderline,1
17007,At Risk,United Kingdom,51,7,1120.1,160.01,50.3,63,386,-0.319,0.659,0.14,0.852,1.184,New Customers,0.419,0.207,Borderline,1
17008,Hibernating,United Kingdom,429,1,81.36,81.36,,1,0,1.037,-1.057,-1.748,0.882,2.555,New Customers,0.257,0.595,Core,0
17009,Hibernating,United Kingdom,551,1,242.06,242.06,,10,0,1.197,-1.057,-0.965,0.38,2.103,At Risk,0.153,0.658,Core,0
17010,New Customers,United Kingdom,18,1,195.36,195.36,,11,0,-0.965,-1.057,-1.119,1.156,1.866,Hibernating,0.383,0.303,Settled,0
17011,New Customers,United Kingdom,30,3,671.7,223.9,306.5,27,621,-0.651,-0.199,-0.229,0.26,1.328,At Risk,0.164,0.425,Settled,0
17012,Hibernating,United Kingdom,725,1,384.16,384.16,,34,0,1.373,-1.057,-0.632,0.598,1.979,At Risk,0.232,0.582,Core,0
17014,New Customers,United Kingdom,8,3,586.33,195.44,5.0,63,58,-1.445,-0.199,-0.327,0.573,2.047,At Risk,0.219,0.522,Core,0
17015,New Customers,United Kingdom,29,3,1842.56,614.19,35.5,182,156,-0.672,-0.199,0.5,0.782,1.172,At Risk,0.4,0.192,Borderline,1
17016,Hibernating,United Kingdom,577,1,552.4,552.4,,41,0,1.227,-1.057,-0.37,0.666,1.778,At Risk,0.273,0.519,Core,0
17017,Champions,United Kingdom,3,29,14110.61,486.57,41.7,120,733,-1.966,2.296,1.972,1.282,3.455,At Risk,0.271,0.53,Core,0
17018,At Risk,United Kingdom,41,6,2287.7,381.28,90.7,26,694,-0.456,0.494,0.656,0.899,1.279,New Customers,0.413,0.231,Borderline,1
17019,Champions,United Kingdom,11,11,3996.9,363.35,70.8,343,726,-1.26,1.161,1.06,0.496,1.969,At Risk,0.201,0.472,Settled,0
17020,Hibernating,United Kingdom,542,2,935.62,467.81,,64,104,1.186,-0.555,0.01,1.011,1.236,At Risk,0.45,0.168,Borderline,1
17021,At Risk,United Kingdom,442,6,1182.22,197.04,22.2,35,146,1.056,0.494,0.179,0.741,1.744,Hibernating,0.298,0.435,Settled,0
17022,New Customers,United Kingdom,31,2,260.0,130.0,,16,401,-0.631,-0.555,-0.914,0.76,1.539,Hibernating,0.33,0.344,Settled,0
17023,At Risk,United Kingdom,417,3,800.18,266.73,71.0,48,280,1.019,-0.199,-0.103,0.96,1.048,Hibernating,0.478,0.036,Borderline,1
17024,New Customers,United Kingdom,45,3,95.85,31.95,2.0,2,112,-0.398,-0.199,-1.63,1.475,1.611,Hibernating,0.478,0.045,Borderline,1
17025,At Risk,United Kingdom,61,5,1510.64,302.13,130.7,31,580,-0.206,0.303,0.356,0.602,1.093,New Customers,0.355,0.284,Settled,0
17026,Hibernating,United Kingdom,185,3,208.98,69.66,68.0,4,231,0.499,-0.199,-1.071,0.781,1.586,At Risk,0.33,0.386,Settled,0
17027,At Risk,United Kingdom,79,9,1327.11,147.46,65.6,126,651,-0.043,0.935,0.263,0.796,1.585,New Customers,0.334,0.383,Settled,0
17028,At Risk,United Kingdom,581,3,1593.83,531.28,2.0,85,140,1.231,-0.199,0.395,0.973,1.5,Hibernating,0.394,0.255,Settled,0
17029,At Risk,United Kingdom,111,7,2137.3,305.33,42.0,19,553,0.173,0.659,0.607,0.462,1.668,New Customers,0.217,0.512,Core,0
17030,Hibernating,United Kingdom,64,1,146.87,146.87,,11,0,-0.176,-1.057,-1.324,1.151,1.496,New Customers,0.435,0.193,Borderline,1
17031,Champions,United Kingdom,12,6,2773.85,462.31,65.5,34,569,-1.209,0.494,0.796,1.188,1.35,New Customers,0.468,0.043,Borderline,1
17032,At Risk,United Kingdom,603,5,2916.97,583.39,18.8,180,125,1.255,0.303,0.832,0.951,2.123,Hibernating,0.309,0.447,Settled,0
17033,At Risk,United Kingdom,86,4,1332.79,333.2,46.9,33,311,0.011,0.077,0.266,0.467,1.102,New Customers,0.297,0.335,Settled,0
17034,New Customers,United Kingdom,16,5,1283.92,256.78,52.9,49,497,-1.037,0.303,0.239,0.791,1.441,At Risk,0.354,0.312,Settled,0
17035,At Risk,United Kingdom,246,4,613.59,153.4,88.4,29,491,0.681,0.077,-0.294,0.812,1.136,Hibernating,0.417,0.178,Borderline,1
17036,Hibernating,United Kingdom,383,1,176.9,176.9,,12,0,0.964,-1.057,-1.191,0.359,2.187,At Risk,0.141,0.669,Core,0
17037,New Customers,United Kingdom,88,1,1267.32,1267.32,,75,0,0.026,-1.057,0.23,1.274,1.411,At Risk,0.475,0.046,Borderline,1
17038,New Customers,United Kingdom,30,2,743.17,371.58,,61,384,-0.651,-0.555,-0.156,0.355,1.466,At Risk,0.195,0.448,Settled,0
17039,Hibernating,United Kingdom,604,1,1954.99,1954.99,,44,0,1.256,-1.057,0.543,1.507,1.605,At Risk,0.484,0.079,Borderline,1
17040,Hibernating,United Kingdom,138,2,463.25,231.62,,15,412,0.312,-0.555,-0.497,0.76,1.251,New Customers,0.378,0.295,Settled,0
17041,New Customers,United Kingdom,27,6,1686.28,281.05,96.9,93,573,-0.717,0.494,0.436,1.063,1.126,At Risk,0.486,0.018,Borderline,1
17042,New Customers,United Kingdom,3,5,1044.38,208.88,33.9,74,244,-1.966,0.303,0.09,1.282,1.955,Champions,0.396,0.302,Settled,0
17043,Champions,United Kingdom,32,8,2616.55,327.07,57.1,175,698,-0.611,0.805,0.753,1.084,1.171,At Risk,0.481,-0.018,Borderline,1
17044,Champions,United Kingdom,25,12,11962.3,996.86,95.9,92,707,-0.764,1.26,1.852,0.678,2.07,At Risk,0.247,0.424,Settled,0
17045,At Risk,United Kingdom,113,5,827.68,165.54,34.0,44,316,0.185,0.303,-0.078,0.552,1.244,New Customers,0.307,0.362,Settled,0
17046,At Risk,United Kingdom,157,5,1906.07,381.21,110.5,76,463,0.394,0.303,0.524,0.092,1.614,New Customers,0.054,0.552,Core,0
17047,At Risk,United Kingdom,85,6,2289.23,381.54,75.8,114,646,0.004,0.494,0.657,0.491,1.498,New Customers,0.247,0.463,Settled,0
17048,At Risk,United Kingdom,118,7,2071.68,295.95,46.5,88,572,0.212,0.659,0.585,0.437,1.682,New Customers,0.206,0.52,Core,0
17049,Champions,United Kingdom,3,19,9947.48,523.55,30.6,316,643,-1.966,1.794,1.719,0.943,3.069,New Customers,0.235,0.547,Core,0
17050,At Risk,United Kingdom,96,10,4391.66,439.17,47.9,192,585,0.081,1.053,1.128,1.077,1.327,Champions,0.448,0.197,Borderline,1
17051,At Risk,United Kingdom,194,4,714.39,178.6,85.8,107,433,0.529,0.077,-0.185,0.668,1.232,Hibernating,0.352,0.292,Settled,0
17052,New Customers,United Kingdom,28,1,413.75,413.75,,72,0,-0.694,-1.057,-0.579,0.845,1.616,Hibernating,0.343,0.34,Settled,0
17053,Hibernating,United Kingdom,131,1,498.48,498.48,,13,0,0.279,-1.057,-0.444,0.779,1.402,New Customers,0.357,0.346,Settled,0
17054,New Customers,United Kingdom,28,5,1356.33,271.27,38.4,64,216,-0.694,0.303,0.279,0.825,1.096,At Risk,0.43,0.138,Borderline,1
17055,Hibernating,United Kingdom,446,1,239.55,239.55,,24,0,1.062,-1.057,-0.973,0.278,2.06,At Risk,0.119,0.667,Core,0
17056,Hibernating,United Kingdom,738,1,128.6,128.6,,8,0,1.384,-1.057,-1.42,0.75,2.498,At Risk,0.231,0.623,Core,0
17057,Hibernating,United Kingdom,596,1,288.79,288.79,,47,0,1.247,-1.057,-0.838,0.424,2.041,At Risk,0.172,0.64,Core,0
17058,At Risk,United Kingdom,82,3,1179.89,393.3,39.0,51,158,-0.019,-0.199,0.178,0.688,0.972,New Customers,0.414,0.182,Borderline,1
17059,Champions,United Kingdom,30,9,5602.53,622.5,28.9,349,652,-0.651,0.935,1.304,0.774,1.503,At Risk,0.34,0.261,Settled,0
17060,Hibernating,United Kingdom,266,1,234.24,234.24,,5,0,0.731,-1.057,-0.989,0.259,1.934,New Customers,0.118,0.639,Core,0
17061,Champions,United Kingdom,74,11,5232.23,475.66,13.1,57,158,-0.084,1.161,1.254,1.12,1.287,At Risk,0.465,0.007,Borderline,1
17062,At Risk,United Kingdom,314,6,1198.14,199.69,17.1,81,125,0.837,0.494,0.189,0.548,1.741,Hibernating,0.239,0.494,Settled,0
17063,Champions,United Kingdom,21,13,3638.53,279.89,46.2,150,717,-0.871,1.352,0.992,0.486,1.741,At Risk,0.218,0.417,Settled,0
17064,New Customers,United Kingdom,59,3,859.35,286.45,10.5,53,268,-0.227,-0.199,-0.051,0.696,0.925,At Risk,0.429,0.114,Borderline,1
17065,Hibernating,United Kingdom,638,2,194.7,97.35,,6,0,1.291,-0.555,-1.122,0.559,1.986,At Risk,0.22,0.577,Core,0
17066,Hibernating,United Kingdom,726,1,228.34,228.34,,17,0,1.374,-1.057,-1.007,0.544,2.204,At Risk,0.198,0.635,Core,0
17067,Hibernating,United Kingdom,725,3,454.54,151.51,3.5,8,6,1.373,-0.199,-0.511,0.916,1.448,At Risk,0.387,0.295,Settled,0
17068,Champions,United Kingdom,12,47,9147.33,194.62,7.6,249,608,-1.209,2.877,1.658,1.375,3.279,At Risk,0.295,0.479,Settled,0
17069,Champions,United Kingdom,28,14,5794.28,413.88,53.0,202,708,-0.694,1.437,1.328,0.452,1.815,At Risk,0.199,0.429,Settled,0
17070,Hibernating,United Kingdom,114,2,445.32,222.66,,102,296,0.19,-0.555,-0.526,0.841,1.142,New Customers,0.424,0.208,Borderline,1
17071,Champions,United Kingdom,28,13,3801.2,292.4,35.1,141,656,-0.694,1.352,1.023,0.582,1.628,At Risk,0.263,0.362,Settled,0
17072,Hibernating,United Kingdom,625,1,282.05,282.05,,20,0,1.278,-1.057,-0.855,0.448,2.065,At Risk,0.178,0.638,Core,0
17073,New Customers,United Kingdom,18,4,1444.84,361.21,3.3,141,91,-0.965,0.077,0.324,0.689,1.377,At Risk,0.334,0.326,Settled,0
17074,Hibernating,United Kingdom,563,1,203.05,203.05,,4,0,1.211,-1.057,-1.092,0.43,2.194,At Risk,0.164,0.661,Core,0
17075,Champions,United Kingdom,18,10,2241.73,224.17,69.8,153,708,-0.965,1.053,0.642,0.88,1.57,At Risk,0.359,0.268,Settled,0
17076,At Risk,United Kingdom,36,6,1242.75,207.12,86.5,31,699,-0.538,0.494,0.215,0.975,0.986,New Customers,0.497,0.032,Borderline,1
17077,Hibernating,United Kingdom,578,1,306.0,306.0,,1,0,1.228,-1.057,-0.796,0.415,2.007,At Risk,0.171,0.636,Core,0
17078,New Customers,United Kingdom,36,2,375.86,187.93,,27,0,-0.538,-0.555,-0.648,0.59,1.47,Hibernating,0.286,0.384,Settled,0
17079,Hibernating,United Kingdom,78,1,118.8,118.8,,2,0,-0.051,-1.057,-1.477,1.109,1.669,New Customers,0.399,0.284,Settled,0
17080,New Customers,United Kingdom,22,7,957.53,136.79,86.7,26,503,-0.843,0.659,0.027,1.003,1.35,At Risk,0.426,0.168,Borderline,1
17081,New Customers,United Kingdom,25,6,964.39,160.73,117.4,166,629,-0.764,0.494,0.032,0.855,1.24,At Risk,0.408,0.19,Borderline,1
17082,Champions,United Kingdom,33,6,4732.03,788.67,104.6,117,691,-0.592,0.494,1.182,1.19,1.252,At Risk,0.487,-0.034,Borderline,1
17083,At Risk,United Kingdom,109,9,4049.79,449.98,54.3,30,559,0.162,0.935,1.069,0.934,1.457,Champions,0.391,0.308,Settled,0
17084,At Risk,United Kingdom,35,3,5202.97,1734.32,180.5,263,361,-0.555,-0.199,1.25,1.342,1.534,New Customers,0.467,0.107,Borderline,1
17085,Champions,United Kingdom,123,28,7883.01,281.54,25.1,410,610,0.239,2.254,1.551,1.559,2.264,At Risk,0.408,0.211,Borderline,1
17086,New Customers,United Kingdom,7,6,2050.08,341.68,4.4,76,56,-1.521,0.494,0.577,1.309,1.36,Champions,0.491,0.068,Borderline,1
17087,Hibernating,United Kingdom,738,1,221.53,221.53,,12,0,1.384,-1.057,-1.029,0.558,2.223,At Risk,0.201,0.634,Core,0
17088,New Customers,United Kingdom,28,4,1991.01,497.75,27.1,96,225,-0.694,0.077,0.556,0.908,1.112,At Risk,0.449,0.101,Borderline,1
17089,Hibernating,United Kingdom,386,1,128.45,128.45,,4,0,0.969,-1.057,-1.421,0.561,2.323,New Customers,0.195,0.648,Core,0
17090,Champions,United Kingdom,4,13,3149.48,242.27,37.5,54,503,-1.822,1.352,0.887,0.854,2.214,New Customers,0.278,0.435,Settled,0
17091,Champions,United Kingdom,3,19,7811.1,411.11,26.6,242,720,-1.966,1.794,1.544,0.891,2.96,New Customers,0.231,0.544,Core,0
17092,Champions,United Kingdom,50,11,5594.96,508.63,52.8,273,625,-0.332,1.161,1.303,0.888,1.427,At Risk,0.384,0.183,Borderline,1
17093,Hibernating,United Kingdom,593,1,235.88,235.88,,13,0,1.244,-1.057,-0.984,0.424,2.134,At Risk,0.166,0.654,Core,0
17094,Hibernating,United Kingdom,322,2,402.2,201.1,,18,101,0.853,-0.555,-0.599,0.432,1.412,At Risk,0.234,0.49,Settled,0
17095,Champions,United Kingdom,23,7,2572.25,367.46,81.9,110,701,-0.815,0.659,0.741,1.119,1.298,At Risk,0.463,0.044,Borderline,1
17096,Champions,United Kingdom,15,11,3759.18,341.74,39.4,162,540,-1.076,1.161,1.015,0.512,1.802,At Risk,0.221,0.434,Settled,0
17097,Champions,Spain,2,9,1340.45,148.94,66.1,182,428,-2.15,0.935,0.27,1.605,1.843,New Customers,0.466,0.066,Borderline,1
17098,Hibernating,United Kingdom,382,3,591.07,197.02,54.5,10,159,0.962,-0.199,-0.321,0.886,1.066,At Risk,0.454,0.136,Borderline,1
17099,Hibernating,United Kingdom,533,1,582.17,582.17,,40,0,1.176,-1.057,-0.332,0.673,1.737,At Risk,0.279,0.507,Core,0
17100,New Customers,United Kingdom,18,2,971.74,485.87,,65,0,-0.965,-0.555,0.038,0.384,1.646,At Risk,0.189,0.478,Settled,0
17101,Champions,United Kingdom,10,7,2507.05,358.15,73.5,54,539,-1.316,0.659,0.722,1.099,1.431,New Customers,0.434,0.125,Borderline,1
17102,Hibernating,United Kingdom,262,1,25.5,25.5,,1,0,0.721,-1.057,-2.567,1.683,2.925,New Customers,0.365,0.408,Settled,0
17103,Hibernating,United Kingdom,722,1,424.3,424.3,,32,0,1.37,-1.057,-0.561,0.631,1.94,At Risk,0.245,0.564,Core,0
17104,Hibernating,United Kingdom,424,1,474.03,474.03,,19,0,1.029,-1.057,-0.481,0.489,1.749,At Risk,0.219,0.568,Core,0
17105,Hibernating,United Kingdom,159,2,665.78,332.89,,80,147,0.402,-0.555,-0.235,0.875,1.078,At Risk,0.448,0.156,Borderline,1
17106,Hibernating,United Kingdom,389,1,491.23,491.23,,51,0,0.974,-1.057,-0.455,0.498,1.716,At Risk,0.225,0.557,Core,0
17107,Champions,United Kingdom,33,10,16075.42,1607.54,35.7,377,643,-0.592,1.053,2.066,1.016,2.052,At Risk,0.331,0.324,Settled,0
17108,Hibernating,United Kingdom,664,1,174.95,174.95,,9,0,1.317,-1.057,-1.199,0.565,2.31,At Risk,0.196,0.647,Core,0
17109,At Risk,United Kingdom,29,8,1295.46,161.93,78.2,124,468,-0.672,0.805,0.245,1.196,1.233,New Customers,0.492,0.043,Borderline,1
17110,Hibernating,United Kingdom,165,3,510.7,170.23,132.5,38,444,0.426,-0.199,-0.427,0.932,0.99,At Risk,0.485,0.057,Borderline,1
17111,New Customers,United Kingdom,47,2,476.58,238.29,,44,378,-0.371,-0.555,-0.477,0.62,1.354,Hibernating,0.314,0.337,Settled,0
17112,Hibernating,United Kingdom,503,1,205.17,205.17,,44,0,1.139,-1.057,-1.084,0.373,2.163,At Risk,0.147,0.667,Core,0
17113,At Risk,United Kingdom,574,6,2322.59,387.1,25.3,122,123,1.223,0.494,0.667,0.888,2.103,Hibernating,0.297,0.466,Settled,0
17114,New Customers,United Kingdom,6,8,808.62,101.08,24.6,85,329,-1.606,0.805,-0.095,1.331,1.693,Champions,0.44,0.192,Borderline,1
17115,Champions,United Kingdom,8,7,2761.49,394.5,97.0,102,726,-1.445,0.659,0.792,1.09,1.521,New Customers,0.417,0.165,Borderline,1
17116,Hibernating,United Kingdom,648,1,389.78,389.78,,47,0,1.301,-1.057,-0.622,0.545,1.938,At Risk,0.219,0.591,Core,0
17117,Hibernating,United Kingdom,288,1,116.2,116.2,,9,0,0.782,-1.057,-1.492,0.629,2.216,New Customers,0.221,0.608,Core,0
17118,Hibernating,United Kingdom,318,1,157.02,157.02,,10,0,0.845,-1.057,-1.276,0.423,2.153,New Customers,0.164,0.649,Core,0
17119,New Customers,United Kingdom,3,2,606.91,303.46,,35,56,-1.966,-0.555,-0.302,1.108,2.609,At Risk,0.298,0.487,Settled,0
17120,Hibernating,United Kingdom,233,1,307.46,307.46,,18,0,0.646,-1.057,-0.793,0.322,1.794,New Customers,0.152,0.602,Core,0
17121,Hibernating,United Kingdom,403,1,314.74,314.74,,12,0,0.997,-1.057,-0.776,0.262,1.909,At Risk,0.121,0.645,Core,0
17122,At Risk,United Kingdom,119,4,570.5,142.62,104.5,23,380,0.218,0.077,-0.347,0.828,1.175,New Customers,0.413,0.219,Borderline,1
17123,At Risk,United Kingdom,162,3,966.67,322.22,72.5,36,410,0.414,-0.199,0.034,0.632,1.237,Hibernating,0.338,0.304,Settled,0
17124,Hibernating,United Kingdom,185,1,298.89,298.89,,31,0,0.499,-1.057,-0.813,0.435,1.677,New Customers,0.206,0.546,Core,0
17125,New Customers,United Kingdom,50,1,259.35,259.35,,34,0,-0.332,-1.057,-0.915,1.151,1.225,Hibernating,0.485,0.028,Borderline,1
17126,At Risk,United Kingdom,152,9,2062.94,229.22,44.9,294,313,0.373,0.935,0.582,0.662,1.798,Champions,0.269,0.495,Settled,0
17127,At Risk,United Kingdom,429,5,1155.03,231.01,73.4,27,306,1.037,0.303,0.162,0.701,1.586,Hibernating,0.306,0.408,Settled,0
17128,Hibernating,United Kingdom,335,1,157.09,157.09,,14,0,0.878,-1.057,-1.276,0.421,2.18,New Customers,0.162,0.655,Core,0
17129,Hibernating,United Kingdom,520,1,31.85,31.85,,2,0,1.16,-1.057,-2.412,1.548,3.076,New Customers,0.335,0.477,Settled,0
17131,New Customers,United Kingdom,5,5,2463.17,492.63,11.6,78,70,-1.705,0.303,0.71,1.396,1.507,Champions,0.481,0.095,Borderline,1
17132,At Risk,United Kingdom,452,2,1272.8,636.4,,62,36,1.07,-0.555,0.233,1.103,1.192,Hibernating,0.481,0.019,Borderline,1
17133,Champions,United Kingdom,16,12,14622.33,1218.53,55.9,22,612,-1.037,1.26,1.997,0.706,2.329,At Risk,0.233,0.465,Settled,0
17134,At Risk,United Kingdom,107,3,637.1,212.37,10.0,31,335,0.15,-0.199,-0.267,0.888,1.044,New Customers,0.46,0.117,Borderline,1
17135,Champions,United Kingdom,16,10,1948.36,194.84,70.2,97,563,-1.037,1.053,0.54,0.954,1.576,New Customers,0.377,0.25,Settled,0
17136,Hibernating,United Kingdom,662,1,231.68,231.68,,14,0,1.315,-1.057,-0.997,0.488,2.171,At Risk,0.184,0.645,Core,0
17137,At Risk,United Kingdom,416,6,1133.63,188.94,32.5,125,261,1.017,0.494,0.149,0.717,1.721,Hibernating,0.294,0.437,Settled,0
17138,At Risk,United Kingdom,276,7,4417.27,631.04,47.4,234,397,0.754,0.659,1.132,0.869,2.095,Champions,0.293,0.489,Settled,0
17139,Champions,United Kingdom,16,25,19584.46,783.38,25.3,447,681,-1.037,2.118,2.209,1.036,2.921,At Risk,0.262,0.499,Settled,0
17140,Hibernating,United Kingdom,247,1,465.32,465.32,,16,0,0.683,-1.057,-0.494,0.493,1.662,At Risk,0.229,0.534,Core,0
17141,At Risk,United Kingdom,418,4,754.33,188.58,125.4,138,266,1.02,0.077,-0.145,0.881,1.215,Hibernating,0.42,0.185,Borderline,1
17142,At Risk,United Kingdom,239,4,1283.75,320.94,14.8,78,445,0.662,0.077,0.239,0.396,1.494,Hibernating,0.21,0.473,Settled,0
17143,Hibernating,United Kingdom,417,2,924.11,462.06,,82,98,1.019,-0.555,0.001,0.965,1.138,At Risk,0.459,0.146,Borderline,1
17144,New Customers,United Kingdom,1,2,984.57,492.28,,42,83,-2.41,-0.555,0.047,1.57,2.78,Champions,0.361,0.394,Settled,0
17145,At Risk,United Kingdom,513,4,3120.91,780.23,62.6,168,145,1.151,0.077,0.881,0.907,2.034,Hibernating,0.308,0.439,Settled,0
17146,Champions,United Kingdom,106,13,5860.24,450.79,43.1,164,570,0.144,1.352,1.336,1.291,1.415,At Risk,0.477,-0.014,Borderline,1
17147,Champions,United Kingdom,23,9,3199.95,355.55,38.2,99,675,-0.815,0.935,0.899,0.821,1.445,At Risk,0.362,0.241,Borderline,1
17148,Hibernating,United Kingdom,52,1,124.88,124.88,,9,0,-0.307,-1.057,-1.441,1.315,1.528,New Customers,0.463,0.123,Borderline,1
17149,Hibernating,United Kingdom,451,1,143.1,143.1,,6,0,1.069,-1.057,-1.343,0.518,2.331,At Risk,0.182,0.659,Core,0
17150,At Risk,United Kingdom,377,6,1375.65,229.28,39.6,64,357,0.954,0.494,0.289,0.616,1.806,Hibernating,0.254,0.489,Settled,0
17151,Hibernating,United Kingdom,735,1,231.9,231.9,,4,0,1.382,-1.057,-0.996,0.549,2.2,At Risk,0.2,0.633,Core,0
17152,At Risk,United Kingdom,195,4,2016.5,504.12,66.4,9,230,0.532,0.077,0.565,0.287,1.679,New Customers,0.146,0.545,Core,0
17153,New Customers,United Kingdom,24,1,213.78,213.78,,14,0,-0.789,-1.057,-1.054,1.11,1.685,Hibernating,0.397,0.263,Settled,0
17154,Hibernating,United Kingdom,75,1,329.34,329.34,,23,0,-0.076,-1.057,-0.743,0.986,1.214,New Customers,0.448,0.151,Borderline,1
17155,New Customers,United Kingdom,18,7,892.46,127.49,114.5,43,719,-0.965,0.659,-0.024,0.993,1.478,At Risk,0.402,0.23,Borderline,1
17156,Hibernating,United Kingdom,492,1,591.87,591.87,,39,0,1.124,-1.057,-0.32,0.662,1.709,At Risk,0.279,0.504,Core,0
17157,Champions,United Kingdom,8,19,5151.9,271.15,74.3,78,727,-1.445,1.794,1.243,0.418,2.507,At Risk,0.143,0.556,Core,0
17158,At Risk,United Kingdom,32,5,1980.0,396.0,42.9,74,609,-0.611,0.303,0.552,1.009,1.039,New Customers,0.493,0.04,Borderline,1
17159,New Customers,United Kingdom,22,5,2099.59,419.92,95.7,115,623,-0.843,0.303,0.594,1.037,1.244,At Risk,0.455,0.104,Borderline,1
17160,Champions,United Kingdom,31,17,10209.16,600.54,28.6,215,704,-0.631,1.663,1.738,0.643,2.151,At Risk,0.23,0.451,Settled,0
17161,Hibernating,United Kingdom,444,1,856.01,856.01,,52,0,1.059,-1.057,-0.054,0.89,1.581,At Risk,0.36,0.375,Settled,0
17162,Champions,United Kingdom,29,10,1715.46,171.55,34.0,81,276,-0.672,1.053,0.448,1.128,1.309,At Risk,0.463,0.034,Borderline,1
17163,New Customers,United Kingdom,22,4,699.78,174.94,126.8,27,653,-0.843,0.077,-0.199,0.388,1.403,At Risk,0.217,0.417,Settled,0
17164,At Risk,United Kingdom,33,7,2467.35,352.48,29.3,92,240,-0.592,0.659,0.711,1.086,1.218,Champions,0.471,0.131,Borderline,1
17165,At Risk,United Kingdom,284,6,1794.32,299.05,47.8,77,444,0.773,0.494,0.481,0.435,1.94,Hibernating,0.183,0.56,Core,0
17166,New Customers,United Kingdom,39,2,206.34,103.17,,11,165,-0.488,-0.555,-1.08,0.96,1.41,Hibernating,0.405,0.211,Borderline,1
17167,At Risk,United Kingdom,380,3,867.11,289.04,5.0,64,65,0.959,-0.199,-0.045,0.889,1.087,Hibernating,0.45,0.105,Borderline,1
17168,Hibernating,United Kingdom,499,1,400.2,400.2,,21,0,1.133,-1.057,-0.603,0.44,1.855,At Risk,0.192,0.603,Core,0
17169,New Customers,United Kingdom,58,3,1156.73,385.58,134.5,64,520,-0.238,-0.199,0.164,0.774,0.841,At Risk,0.479,0.02,Borderline,1
17170,Hibernating,United Kingdom,374,2,178.68,89.34,,8,14,0.949,-0.555,-1.184,0.422,1.908,At Risk,0.181,0.592,Core,0
17171,Hibernating,United Kingdom,289,2,384.59,192.3,,25,372,0.784,-0.555,-0.631,0.42,1.416,At Risk,0.229,0.491,Settled,0
17172,At Risk,United Kingdom,79,3,956.57,318.86,28.0,39,647,-0.043,-0.199,0.026,0.77,0.894,New Customers,0.463,0.096,Borderline,1
17173,Champions,United Kingdom,5,8,3766.6,470.83,18.6,36,125,-1.705,0.805,1.017,0.99,1.868,New Customers,0.346,0.315,Settled,0
17174,Hibernating,United Kingdom,218,1,59.9,59.9,,4,0,0.604,-1.057,-1.966,1.115,2.399,New Customers,0.317,0.487,Settled,0
17175,At Risk,United Kingdom,44,4,1443.69,360.92,32.8,42,252,-0.412,0.077,0.324,0.838,0.834,New Customers,0.501,0.021,Borderline,1
17176,At Risk,United Kingdom,202,3,902.32,300.77,87.0,37,475,0.555,-0.199,-0.016,0.684,1.153,Hibernating,0.372,0.245,Borderline,1
17177,Hibernating,United Kingdom,505,1,119.5,119.5,,29,0,1.141,-1.057,-1.472,0.658,2.452,At Risk,0.211,0.643,Core,0
17178,Hibernating,United Kingdom,731,1,436.71,436.71,,31,0,1.378,-1.057,-0.54,0.649,1.933,At Risk,0.251,0.557,Core,0
17179,At Risk,United Kingdom,178,6,1507.26,251.21,48.4,75,384,0.474,0.494,0.355,0.234,1.689,New Customers,0.122,0.557,Core,0
17180,At Risk,United Kingdom,56,11,2256.98,205.18,51.1,189,630,-0.26,1.161,0.647,1.108,1.187,Champions,0.483,0.117,Borderline,1
17181,New Customers,United Kingdom,57,3,465.37,155.12,47.0,28,538,-0.249,-0.199,-0.494,0.694,1.229,At Risk,0.361,0.261,Settled,0
17182,Hibernating,United Kingdom,423,2,321.3,160.65,,4,295,1.028,-0.555,-0.761,0.37,1.596,At Risk,0.188,0.553,Core,0
17183,Champions,United Kingdom,8,6,3347.31,557.89,15.9,42,97,-1.445,0.494,0.931,1.17,1.527,New Customers,0.434,0.128,Borderline,1
17184,Hibernating,United Kingdom,569,2,198.41,99.21,,14,161,1.218,-0.555,-1.108,0.502,1.943,At Risk,0.205,0.584,Core,0
17185,Hibernating,United Kingdom,592,3,229.46,76.49,3.5,38,6,1.243,-0.199,-1.004,0.764,1.741,At Risk,0.305,0.445,Settled,0
17186,New Customers,United Kingdom,47,2,144.0,72.0,,1,13,-0.371,-0.555,-1.339,1.236,1.357,Hibernating,0.477,0.045,Borderline,1
17187,Hibernating,United Kingdom,227,2,467.71,233.86,,21,299,0.629,-0.555,-0.49,0.57,1.275,At Risk,0.309,0.394,Settled,0
17188,Champions,United Kingdom,11,13,4592.93,353.3,44.3,136,719,-1.26,1.352,1.16,0.299,2.093,At Risk,0.125,0.516,Core,0
17189,At Risk,United Kingdom,106,5,957.63,191.53,89.0,101,631,0.144,0.303,0.027,0.476,1.228,New Customers,0.279,0.381,Settled,0
17190,At Risk,United Kingdom,59,7,1741.2,248.74,75.0,159,585,-0.227,0.659,0.459,0.72,1.364,New Customers,0.346,0.346,Settled,0
17191,Champions,United Kingdom,28,15,4836.05,322.4,33.2,269,710,-0.694,1.517,1.197,0.467,1.807,At Risk,0.206,0.425,Settled,0
17192,Hibernating,United Kingdom,536,1,77.83,77.83,,20,0,1.179,-1.057,-1.779,0.947,2.683,New Customers,0.261,0.596,Core,0
17193,Champions,United Kingdom,36,9,2310.04,256.67,119.8,28,702,-0.538,0.935,0.663,1.095,1.154,At Risk,0.487,-0.037,Borderline,1
17194,Hibernating,United Kingdom,361,2,776.66,388.33,,56,169,0.926,-0.555,-0.124,0.838,1.146,At Risk,0.422,0.224,Borderline,1
17195,Hibernating,United Kingdom,655,1,562.98,562.98,,31,0,1.308,-1.057,-0.356,0.723,1.811,At Risk,0.285,0.506,Core,0
17196,Hibernating,United Kingdom,428,1,352.9,352.9,,84,0,1.035,-1.057,-0.693,0.327,1.871,At Risk,0.149,0.629,Core,0
17197,New Customers,United Kingdom,30,1,1013.01,1013.01,,29,0,-0.651,-1.057,0.068,0.847,1.742,At Risk,0.327,0.372,Settled,0
17198,New Customers,United Kingdom,24,3,1213.88,404.63,168.0,89,347,-0.789,-0.199,0.198,0.465,1.299,At Risk,0.264,0.368,Settled,0
17199,Hibernating,United Kingdom,582,1,145.12,145.12,,8,0,1.232,-1.057,-1.333,0.591,2.376,At Risk,0.199,0.65,Core,0
17200,Hibernating,United Kingdom,387,4,356.71,89.18,124.9,25,264,0.971,0.077,-0.686,0.968,1.279,At Risk,0.431,0.184,Borderline,1
17201,At Risk,United Kingdom,54,4,1231.54,307.88,191.3,153,613,-0.283,0.077,0.209,0.742,0.847,New Customers,0.467,0.087,Borderline,1
17202,Hibernating,United Kingdom,421,1,160.65,160.65,,8,0,1.025,-1.057,-1.26,0.433,2.255,At Risk,0.161,0.666,Core,0
17203,Champions,United Kingdom,36,10,5575.88,557.59,102.2,195,352,-0.538,1.053,1.3,0.77,1.482,At Risk,0.342,0.253,Settled,0
17204,At Risk,United Kingdom,175,9,5504.69,611.63,41.6,110,372,0.463,0.935,1.291,1.075,1.708,Champions,0.386,0.326,Settled,0
17205,New Customers,United Kingdom,54,3,999.35,333.12,107.5,27,510,-0.283,-0.199,0.058,0.684,0.914,At Risk,0.428,0.114,Borderline,1
17206,Hibernating,United Kingdom,53,1,204.24,204.24,,7,0,-0.295,-1.057,-1.087,1.203,1.276,New Customers,0.485,0.056,Borderline,1
17207,Hibernating,United Kingdom,652,1,302.37,302.37,,54,0,1.305,-1.057,-0.805,0.48,2.046,At Risk,0.19,0.627,Core,0
17208,Hibernating,United Kingdom,396,1,115.35,115.35,,21,0,0.985,-1.057,-1.498,0.636,2.376,New Customers,0.211,0.637,Core,0
17209,Hibernating,United Kingdom,649,3,611.6,203.87,35.5,36,87,1.302,-0.199,-0.297,0.993,1.266,At Risk,0.44,0.178,Borderline,1
17210,Hibernating,United Kingdom,393,1,253.37,253.37,,47,0,0.981,-1.057,-0.932,0.223,2.007,At Risk,0.1,0.664,Core,0
17211,Champions,United Kingdom,27,13,4046.65,311.28,62.9,217,699,-0.717,1.352,1.069,0.54,1.66,At Risk,0.245,0.381,Settled,0
17212,At Risk,United Kingdom,253,3,794.41,264.8,88.5,29,233,0.699,-0.199,-0.108,0.792,1.05,Hibernating,0.43,0.138,Borderline,1
17213,Champions,United Kingdom,40,13,5182.3,398.64,56.1,130,684,-0.472,1.352,1.247,0.696,1.592,At Risk,0.304,0.311,Settled,0
17214,At Risk,United Kingdom,60,6,1069.12,178.19,53.4,79,298,-0.217,0.494,0.107,0.719,1.101,New Customers,0.395,0.234,Borderline,1
17215,Hibernating,United Kingdom,464,1,186.15,186.15,,11,0,1.087,-1.057,-1.154,0.381,2.196,At Risk,0.148,0.67,Core,0
17216,Hibernating,United Kingdom,554,1,65.05,65.05,,13,0,1.2,-1.057,-1.907,1.073,2.774,New Customers,0.279,0.572,Core,0
17217,Hibernating,United Kingdom,234,2,218.0,109.0,,27,385,0.649,-0.555,-1.04,0.406,1.719,At Risk,0.191,0.553,Core,0
17218,Champions,United Kingdom,4,18,4190.68,232.82,39.2,247,678,-1.822,1.73,1.094,0.762,2.609,New Customers,0.226,0.52,Core,0
17219,New Customers,United Kingdom,32,2,259.13,129.56,,43,384,-0.611,-0.555,-0.916,0.769,1.52,Hibernating,0.336,0.334,Settled,0
17220,Champions,United Kingdom,24,21,4475.85,213.14,40.2,407,664,-0.789,1.912,1.141,0.551,2.127,At Risk,0.206,0.465,Settled,0
17221,New Customers,United Kingdom,7,5,978.52,195.7,234.1,115,599,-1.521,0.303,0.043,0.923,1.844,Champions,0.334,0.399,Settled,0
17222,At Risk,United Kingdom,65,6,1589.11,264.85,146.6,93,632,-0.166,0.494,0.393,0.594,1.251,New Customers,0.322,0.352,Settled,0
17223,At Risk,United Kingdom,310,3,803.53,267.84,25.5,61,64,0.829,-0.199,-0.1,0.846,1.042,Hibernating,0.448,0.103,Borderline,1
17224,Hibernating,United Kingdom,501,1,100.86,100.86,,8,0,1.136,-1.057,-1.594,0.764,2.546,At Risk,0.231,0.627,Core,0
17225,Hibernating,United Kingdom,582,1,131.15,131.15,,5,0,1.232,-1.057,-1.406,0.646,2.43,At Risk,0.21,0.644,Core,0
17226,At Risk,United Kingdom,309,3,900.12,300.04,42.5,51,356,0.827,-0.199,-0.018,0.796,1.107,Hibernating,0.418,0.168,Borderline,1
17227,Champions,United Kingdom,19,12,2022.03,168.5,34.1,58,674,-0.933,1.26,0.567,0.86,1.646,At Risk,0.343,0.29,Settled,0
17228,Champions,United Kingdom,16,13,3177.24,244.4,35.1,199,621,-1.037,1.352,0.894,0.508,1.838,At Risk,0.216,0.437,Settled,0
17229,Hibernating,United Kingdom,96,2,318.76,159.38,,39,46,0.081,-0.555,-0.767,0.864,1.129,New Customers,0.434,0.181,Borderline,1
17230,Champions,United Kingdom,264,18,9924.95,551.39,47.5,141,467,0.726,1.73,1.717,1.904,1.958,At Risk,0.493,-0.029,Borderline,1
17231,Champions,United Kingdom,12,25,7197.04,287.88,18.1,509,719,-1.209,2.118,1.485,0.599,2.647,At Risk,0.184,0.544,Core,0
17232,New Customers,United Kingdom,3,2,421.52,210.76,,30,11,-1.966,-0.555,-0.565,1.152,2.695,At Risk,0.299,0.49,Settled,0
17233,New Customers,United Kingdom,35,3,560.86,186.95,68.5,56,689,-0.555,-0.199,-0.359,0.368,1.328,At Risk,0.217,0.403,Settled,0
17234,Hibernating,United Kingdom,183,1,149.89,149.89,,14,0,0.492,-1.057,-1.31,0.594,1.899,New Customers,0.238,0.549,Core,0
17235,Champions,United Kingdom,25,8,1904.88,238.11,114.1,52,527,-0.764,0.805,0.524,1.169,1.268,At Risk,0.48,-0.001,Borderline,1
17236,Champions,United Kingdom,13,12,1929.26,160.77,44.3,123,629,-1.161,1.26,0.533,0.869,1.769,New Customers,0.329,0.332,Settled,0
17237,New Customers,United Kingdom,11,4,1002.08,250.52,162.4,76,370,-1.26,0.077,0.06,0.614,1.706,At Risk,0.265,0.447,Settled,0
17238,Champions,United Kingdom,3,32,7782.6,243.21,21.7,485,736,-1.966,2.414,1.541,1.222,3.36,At Risk,0.267,0.529,Core,0
17239,At Risk,United Kingdom,313,4,1189.45,297.36,25.8,18,213,0.835,0.077,0.184,0.552,1.437,Hibernating,0.278,0.415,Settled,0
17240,Hibernating,United Kingdom,596,1,130.6,130.6,,7,0,1.247,-1.057,-1.409,0.657,2.438,At Risk,0.212,0.642,Core,0
17241,At Risk,United Kingdom,385,12,2744.14,228.68,21.9,116,276,0.967,1.26,0.788,1.183,2.194,Champions,0.35,0.412,Settled,0
17242,At Risk,United Kingdom,108,5,2889.28,577.86,78.6,44,576,0.156,0.303,0.825,0.457,1.613,New Customers,0.221,0.492,Settled,0
17243,Champions,United Kingdom,1,69,20870.96,302.48,8.6,358,736,-2.41,3.345,2.255,2.388,4.527,At Risk,0.345,0.437,Settled,0
17244,At Risk,United Kingdom,53,5,1826.04,365.21,170.1,109,680,-0.295,0.303,0.493,0.688,1.125,New Customers,0.38,0.26,Settled,0
17245,Hibernating,United Kingdom,205,2,371.63,185.82,,24,484,0.564,-0.555,-0.656,0.503,1.39,At Risk,0.266,0.449,Settled,0
17246,Hibernating,United Kingdom,547,2,38.92,19.46,,6,191,1.192,-0.555,-2.271,1.437,2.916,New Customers,0.33,0.478,Settled,0
17247,New Customers,United Kingdom,15,1,282.19,282.19,,53,0,-1.076,-1.057,-0.855,0.986,1.963,Hibernating,0.334,0.39,Settled,0
17248,Hibernating,United Kingdom,120,2,546.16,273.08,,85,361,0.223,-0.555,-0.378,0.893,1.146,New Customers,0.438,0.188,Borderline,1
17249,Hibernating,United Kingdom,429,1,68.03,68.03,,27,0,1.037,-1.057,-1.875,1.005,2.633,New Customers,0.276,0.57,Core,0
17250,New Customers,United Kingdom,4,2,384.52,192.26,,55,257,-1.822,-0.555,-0.632,1.042,2.598,At Risk,0.286,0.503,Core,0
17251,At Risk,United Kingdom,363,3,812.43,270.81,161.0,65,362,0.93,-0.199,-0.092,0.898,1.049,Hibernating,0.461,0.076,Borderline,1
17252,Hibernating,United Kingdom,117,2,353.86,176.93,,86,69,0.207,-0.555,-0.691,0.767,1.209,New Customers,0.388,0.272,Settled,0
17253,New Customers,United Kingdom,18,1,178.26,178.26,,18,0,-0.965,-1.057,-1.185,1.207,1.874,Hibernating,0.392,0.286,Settled,0
17254,New Customers,United Kingdom,5,3,470.73,156.91,187.5,129,396,-1.705,-0.199,-0.486,0.859,2.34,At Risk,0.268,0.506,Core,0
17255,New Customers,United Kingdom,41,4,799.13,199.78,88.6,163,405,-0.456,0.077,-0.104,0.594,1.025,At Risk,0.367,0.209,Borderline,1
17256,At Risk,United Kingdom,107,5,498.93,99.79,77.4,20,492,0.15,0.303,-0.444,0.91,1.22,New Customers,0.427,0.194,Borderline,1
17257,Hibernating,United Kingdom,436,2,192.73,96.36,,14,0,1.047,-0.555,-1.129,0.417,1.894,At Risk,0.18,0.593,Core,0
17258,Hibernating,United Kingdom,397,2,417.3,208.65,,46,268,0.987,-0.555,-0.573,0.464,1.443,At Risk,0.243,0.494,Settled,0
17259,At Risk,United Kingdom,148,6,1889.34,314.89,71.9,179,507,0.356,0.494,0.518,0.223,1.664,New Customers,0.118,0.552,Core,0
17260,Hibernating,United Kingdom,411,1,120.95,120.95,,6,0,1.009,-1.057,-1.464,0.609,2.378,New Customers,0.204,0.645,Core,0
17261,Hibernating,United Kingdom,510,1,230.44,230.44,,43,0,1.147,-1.057,-1.0,0.348,2.108,At Risk,0.142,0.665,Core,0
17262,Champions,United Kingdom,52,11,2757.62,250.69,57.6,12,672,-0.307,1.161,0.791,1.07,1.172,At Risk,0.477,-0.026,Borderline,1
17263,Hibernating,United Kingdom,208,1,63.44,63.44,,23,0,0.574,-1.057,-1.925,1.084,2.351,New Customers,0.316,0.488,Settled,0
17264,Hibernating,United Kingdom,424,1,279.59,279.59,,70,0,1.029,-1.057,-0.861,0.251,1.975,At Risk,0.113,0.658,Core,0
17265,Hibernating,United Kingdom,139,2,562.9,281.45,,106,41,0.316,-0.555,-0.357,0.841,1.16,At Risk,0.42,0.212,Borderline,1
17266,New Customers,United Kingdom,2,5,517.73,103.55,125.3,95,638,-2.15,0.303,-0.417,1.412,2.388,Champions,0.372,0.361,Settled,0
17267,Hibernating,United Kingdom,127,2,317.62,158.81,,37,0,0.259,-0.555,-0.769,0.703,1.286,New Customers,0.353,0.333,Settled,0
17268,At Risk,United Kingdom,108,11,1733.89,157.63,56.2,26,623,0.156,1.161,0.456,0.902,1.617,Champions,0.358,0.368,Settled,0
17269,Hibernating,United Kingdom,386,1,537.46,537.46,,110,0,0.969,-1.057,-0.39,0.556,1.682,At Risk,0.249,0.531,Core,0
17270,Hibernating,United Kingdom,469,2,604.4,302.2,,45,262,1.094,-0.555,-0.305,0.706,1.325,At Risk,0.348,0.369,Settled,0
17271,Hibernating,United Kingdom,736,1,210.39,210.39,,46,0,1.383,-1.057,-1.066,0.566,2.247,At Risk,0.201,0.636,Core,0
17272,At Risk,United Kingdom,42,4,2148.63,537.16,61.3,70,220,-0.441,0.077,0.611,0.877,1.038,New Customers,0.458,0.115,Borderline,1
17273,Hibernating,United Kingdom,424,1,141.12,141.12,,12,0,1.029,-1.057,-1.353,0.514,2.327,At Risk,0.181,0.659,Core,0
17274,New Customers,United Kingdom,35,2,577.38,288.69,,76,360,-0.555,-0.555,-0.338,0.426,1.485,At Risk,0.223,0.443,Settled,0
17275,Hibernating,United Kingdom,383,1,114.52,114.52,,23,0,0.964,-1.057,-1.503,0.637,2.362,New Customers,0.212,0.634,Core,0
17276,Hibernating,United Kingdom,402,1,507.14,507.14,,49,0,0.995,-1.057,-0.432,0.523,1.712,At Risk,0.234,0.549,Core,0
17277,At Risk,United Kingdom,228,2,1065.35,532.67,,67,95,0.632,-0.555,0.104,0.939,1.081,Hibernating,0.465,0.05,Borderline,1
17278,Hibernating,United Kingdom,241,2,271.24,135.62,,17,323,0.668,-0.555,-0.883,0.372,1.589,At Risk,0.19,0.536,Core,0
17279,Hibernating,United Kingdom,58,1,187.83,187.83,,8,0,-0.238,-1.057,-1.148,1.159,1.343,New Customers,0.463,0.117,Borderline,1
17280,Hibernating,United Kingdom,438,1,118.86,118.86,,6,0,1.05,-1.057,-1.476,0.63,2.416,New Customers,0.207,0.645,Core,0
17281,At Risk,United Kingdom,374,6,797.85,132.98,12.4,2,299,0.949,0.494,-0.105,0.802,1.575,Hibernating,0.337,0.362,Settled,0
17282,At Risk,United Kingdom,130,5,2339.66,467.93,42.3,168,418,0.274,0.303,0.673,0.266,1.6,New Customers,0.143,0.528,Core,0
17283,Hibernating,United Kingdom,379,1,188.46,188.46,,15,0,0.957,-1.057,-1.145,0.322,2.152,At Risk,0.13,0.67,Core,0
17284,At Risk,United Kingdom,60,7,2563.7,366.24,26.4,284,328,-0.217,0.659,0.739,0.773,1.412,Champions,0.354,0.36,Settled,0
17285,Hibernating,United Kingdom,628,2,420.84,210.42,,40,34,1.281,-0.555,-0.566,0.608,1.583,At Risk,0.278,0.482,Settled,0
17286,New Customers,United Kingdom,22,3,395.48,131.83,189.5,89,378,-0.843,-0.199,-0.611,0.385,1.689,At Risk,0.186,0.488,Settled,0
17287,Champions,United Kingdom,26,21,4111.96,195.81,29.6,279,710,-0.74,1.912,1.08,0.608,2.08,At Risk,0.226,0.444,Settled,0
17288,Champions,United Kingdom,9,11,2499.98,227.27,54.9,233,385,-1.377,1.161,0.72,0.778,1.822,New Customers,0.299,0.375,Settled,0
17289,Champions,United Kingdom,32,9,2079.39,231.04,64.0,202,609,-0.611,0.935,0.587,1.108,1.202,At Risk,0.48,-0.014,Borderline,1
17290,Champions,United Kingdom,4,8,1440.96,180.12,116.4,183,722,-1.822,0.805,0.322,1.443,1.558,New Customers,0.481,0.014,Borderline,1
17291,Hibernating,United Kingdom,308,1,550.8,550.8,,1,0,0.825,-1.057,-0.372,0.568,1.629,At Risk,0.258,0.51,Core,0
17292,Hibernating,United Kingdom,472,2,271.75,135.88,,14,107,1.098,-0.555,-0.882,0.378,1.716,At Risk,0.181,0.574,Core,0
17293,Champions,United Kingdom,8,17,3774.23,222.01,38.1,148,727,-1.445,1.663,1.018,0.476,2.366,At Risk,0.168,0.531,Core,0
17294,Hibernating,United Kingdom,669,2,467.79,233.9,,17,0,1.321,-0.555,-0.49,0.679,1.56,At Risk,0.303,0.45,Settled,0
17295,New Customers,United Kingdom,29,3,556.95,185.65,18.0,53,35,-0.672,-0.199,-0.364,0.269,1.416,At Risk,0.16,0.447,Settled,0
17296,Hibernating,United Kingdom,730,1,338.13,338.13,,32,0,1.377,-1.057,-0.724,0.566,2.032,At Risk,0.218,0.601,Core,0
17297,New Customers,United Kingdom,17,1,131.78,131.78,,49,0,-1.0,-1.057,-1.402,1.385,1.953,Hibernating,0.415,0.24,Borderline,1
17298,At Risk,United Kingdom,101,5,941.66,188.33,80.9,60,540,0.113,0.303,0.015,0.503,1.2,New Customers,0.295,0.362,Settled,0
17299,New Customers,United Kingdom,12,6,1016.08,169.35,89.3,96,469,-1.209,0.494,0.07,0.917,1.653,At Risk,0.357,0.333,Settled,0
17300,Hibernating,United Kingdom,391,2,393.64,196.82,,37,90,0.977,-0.555,-0.615,0.432,1.469,At Risk,0.227,0.509,Core,0
17301,New Customers,United Kingdom,21,2,330.43,165.22,,107,603,-0.871,-0.555,-0.741,0.556,1.783,Hibernating,0.238,0.474,Settled,0
17302,New Customers,United Kingdom,15,5,1135.63,227.13,31.9,68,290,-1.076,0.303,0.15,0.749,1.494,At Risk,0.334,0.346,Settled,0
17303,Hibernating,United Kingdom,361,1,250.04,250.04,,53,0,0.926,-1.057,-0.942,0.205,1.998,At Risk,0.093,0.663,Core,0
17304,Hibernating,United Kingdom,534,1,111.5,111.5,,5,0,1.177,-1.057,-1.522,0.715,2.502,At Risk,0.222,0.635,Core,0
17305,Hibernating,United Kingdom,649,1,2135.46,2135.46,,9,0,1.302,-1.057,0.607,1.58,1.636,At Risk,0.491,0.055,Borderline,1
17306,Champions,United Kingdom,11,21,9782.35,465.83,13.9,17,393,-1.26,1.912,1.707,0.527,2.641,At Risk,0.166,0.555,Core,0
17307,At Risk,United Kingdom,395,11,3999.89,363.63,18.9,22,293,0.984,1.161,1.06,1.226,2.171,Champions,0.361,0.392,Settled,0
17308,At Risk,United Kingdom,393,2,4511.76,2255.88,,5,59,0.981,-0.555,1.147,1.254,2.075,Hibernating,0.377,0.316,Settled,0
17309,Hibernating,United Kingdom,95,3,330.59,110.2,3.0,33,577,0.074,-0.199,-0.74,1.054,1.088,New Customers,0.492,0.054,Borderline,1
17310,Hibernating,United Kingdom,387,2,1025.1,512.55,,1,147,0.971,-0.555,0.076,1.03,1.086,At Risk,0.487,0.075,Borderline,1
17311,At Risk,United Kingdom,78,6,3566.56,594.43,70.0,124,596,-0.051,0.494,0.977,0.729,1.551,Champions,0.32,0.412,Settled,0
17312,At Risk,United Kingdom,139,3,644.3,214.77,6.5,11,20,0.316,-0.199,-0.259,0.851,1.081,Hibernating,0.441,0.12,Borderline,1
17313,New Customers,United Kingdom,31,1,2328.84,2328.84,,24,0,-0.631,-1.057,0.669,1.21,1.707,At Risk,0.415,0.21,Borderline,1
17314,Champions,United Kingdom,25,17,4904.43,288.5,32.1,200,711,-0.764,1.663,1.208,0.417,1.954,At Risk,0.176,0.462,Settled,0
17315,Champions,United Kingdom,2,41,9610.52,234.4,7.2,383,436,-2.15,2.712,1.694,1.589,3.73,At Risk,0.299,0.501,Core,0
17316,Hibernating,United Kingdom,420,1,124.45,124.45,,35,0,1.023,-1.057,-1.443,0.593,2.378,New Customers,0.2,0.649,Core,0
17317,At Risk,United Kingdom,46,3,2600.34,866.78,15.5,8,43,-0.384,-0.199,0.749,0.969,1.118,New Customers,0.464,0.101,Borderline,1
17318,Hibernating,United Kingdom,725,1,164.28,164.28,,17,0,1.373,-1.057,-1.244,0.633,2.365,At Risk,0.211,0.636,Core,0
17319,Hibernating,United Kingdom,669,1,29.1,29.1,,3,0,1.321,-1.057,-2.475,1.646,3.229,New Customers,0.338,0.473,Settled,0
17320,At Risk,United Kingdom,100,6,2895.77,482.63,42.1,86,586,0.107,0.494,0.827,0.526,1.666,New Customers,0.24,0.492,Settled,0
17321,New Customers,United Kingdom,8,6,1741.18,290.2,120.1,241,569,-1.445,0.494,0.459,1.201,1.412,Champions,0.46,0.144,Borderline,1
17322,At Risk,United Kingdom,376,5,922.59,184.52,133.6,115,360,0.952,0.303,0.0,0.71,1.476,Hibernating,0.325,0.37,Settled,0
17323,Champions,United Kingdom,15,12,1562.19,130.18,28.9,167,683,-1.076,1.26,0.381,1.016,1.696,New Customers,0.375,0.257,Settled,0
17324,Champions,United Kingdom,18,12,2301.87,191.82,82.8,111,703,-0.965,1.26,0.661,0.767,1.683,At Risk,0.313,0.334,Settled,0
17325,Hibernating,United Kingdom,280,3,609.57,203.19,50.5,39,361,0.764,-0.199,-0.299,0.904,0.957,At Risk,0.486,0.059,Borderline,1
17326,Hibernating,United Kingdom,408,2,321.95,160.98,,82,121,1.005,-0.555,-0.76,0.361,1.586,At Risk,0.186,0.552,Core,0
17327,Hibernating,United Kingdom,410,2,152.35,76.18,,3,152,1.008,-0.555,-1.298,0.517,2.023,At Risk,0.203,0.591,Core,0
17328,Hibernating,United Kingdom,673,1,104.7,104.7,,6,0,1.325,-1.057,-1.567,0.825,2.587,At Risk,0.242,0.615,Core,0
17329,New Customers,United Kingdom,14,5,1004.43,200.89,182.6,80,721,-1.117,0.303,0.062,0.719,1.553,At Risk,0.316,0.374,Settled,0
17330,New Customers,United Kingdom,23,4,423.8,105.95,191.4,7,624,-0.815,0.077,-0.561,0.503,1.578,At Risk,0.242,0.427,Settled,0
17331,Hibernating,United Kingdom,124,1,175.2,175.2,,1,0,0.244,-1.057,-1.198,0.726,1.66,New Customers,0.304,0.442,Settled,0
17332,At Risk,United Kingdom,528,5,827.77,165.55,16.0,81,128,1.17,0.303,-0.078,0.932,1.457,Hibernating,0.39,0.265,Settled,0
17333,Hibernating,United Kingdom,86,1,494.25,494.25,,28,0,0.011,-1.057,-0.45,0.996,1.19,New Customers,0.456,0.139,Borderline,1
17334,Hibernating,United Kingdom,302,3,635.15,211.72,46.0,20,104,0.812,-0.199,-0.269,0.919,0.955,At Risk,0.49,0.048,Borderline,1
17335,Hibernating,United Kingdom,384,2,508.0,254.0,,34,300,0.966,-0.555,-0.431,0.57,1.339,At Risk,0.299,0.429,Settled,0
17336,Hibernating,United Kingdom,472,1,81.12,81.12,,1,0,1.098,-1.057,-1.75,0.897,2.603,New Customers,0.256,0.598,Core,0
17337,At Risk,United Kingdom,151,4,2026.42,506.6,9.9,420,158,0.369,0.077,0.569,0.253,1.545,New Customers,0.141,0.518,Core,0
17338,Champions,United Kingdom,17,17,12133.78,713.75,20.9,589,621,-1.0,1.663,1.862,0.538,2.421,At Risk,0.182,0.517,Core,0
17339,New Customers,United Kingdom,94,3,362.36,120.79,63.5,10,415,0.068,-0.199,-0.674,1.054,1.071,Hibernating,0.496,-0.026,Borderline,1
17340,Champions,United Kingdom,30,18,22404.82,1244.71,26.2,322,633,-0.651,1.73,2.306,1.082,2.581,At Risk,0.295,0.425,Settled,0
17341,At Risk,United Kingdom,157,5,1889.83,377.97,96.8,200,383,0.394,0.303,0.518,0.085,1.611,New Customers,0.05,0.552,Core,0
17342,At Risk,United Kingdom,380,4,1227.54,306.88,63.0,31,290,0.959,0.077,0.206,0.648,1.456,Hibernating,0.308,0.388,Settled,0
17343,At Risk,United Kingdom,355,6,1259.94,209.99,42.4,61,380,0.915,0.494,0.225,0.6,1.764,Hibernating,0.254,0.485,Settled,0
17344,New Customers,United Kingdom,46,2,468.11,234.06,,64,682,-0.384,-0.555,-0.49,0.614,1.362,Hibernating,0.311,0.342,Settled,0
17345,Champions,United Kingdom,15,10,1604.68,160.47,68.6,174,722,-1.076,1.053,0.4,1.074,1.516,New Customers,0.415,0.174,Borderline,1
17346,Champions,United Kingdom,4,26,5315.8,204.45,22.1,516,597,-1.822,2.165,1.266,0.936,3.018,At Risk,0.237,0.54,Core,0
17347,Hibernating,United Kingdom,86,1,228.96,228.96,,1,0,0.011,-1.057,-1.005,0.894,1.397,New Customers,0.39,0.28,Settled,0
17348,Champions,United Kingdom,15,9,2464.31,273.81,75.8,325,624,-1.076,0.935,0.71,0.886,1.577,New Customers,0.36,0.279,Settled,0
17349,At Risk,United Kingdom,179,5,852.25,170.45,72.4,74,452,0.478,0.303,-0.057,0.499,1.494,Hibernating,0.25,0.444,Settled,0
17350,Champions,United Kingdom,8,7,1906.04,272.29,118.8,123,668,-1.445,0.659,0.524,1.25,1.353,New Customers,0.48,0.01,Borderline,1
17351,Champions,United Kingdom,36,12,1964.38,163.7,47.9,44,693,-0.538,1.26,0.546,1.043,1.348,At Risk,0.436,0.085,Borderline,1
17352,Hibernating,United Kingdom,696,1,36.25,36.25,,5,0,1.347,-1.057,-2.321,1.507,3.142,New Customers,0.324,0.499,Settled,0
17353,At Risk,United Kingdom,129,4,3242.0,810.5,129.4,7,495,0.269,0.077,0.908,0.534,1.677,New Customers,0.242,0.48,Settled,0
17354,At Risk,United Kingdom,51,4,3143.46,785.86,178.2,85,377,-0.319,0.077,0.886,0.868,1.322,New Customers,0.396,0.25,Settled,0
17355,Hibernating,United Kingdom,386,1,285.11,285.11,,28,0,0.969,-1.057,-0.847,0.223,1.947,At Risk,0.103,0.655,Core,0
17356,At Risk,United Kingdom,312,5,946.47,189.29,86.2,73,376,0.833,0.303,0.019,0.607,1.486,Hibernating,0.29,0.411,Settled,0
17357,New Customers,United Kingdom,24,2,388.14,194.07,,41,0,-0.789,-0.555,-0.625,0.466,1.717,Hibernating,0.213,0.482,Settled,0
17358,At Risk,United Kingdom,303,5,866.05,173.21,89.9,126,350,0.814,0.303,-0.045,0.64,1.447,Hibernating,0.306,0.386,Settled,0
17359,New Customers,United Kingdom,11,2,284.46,142.23,,36,636,-1.26,-0.555,-0.849,0.753,2.16,Hibernating,0.258,0.498,Settled,0
17360,New Customers,United Kingdom,17,6,1231.38,205.23,84.8,189,417,-1.0,0.494,0.209,0.926,1.424,At Risk,0.394,0.246,Borderline,1
17361,New Customers,United Kingdom,49,5,880.64,176.13,141.2,51,627,-0.344,0.303,-0.033,0.843,0.871,At Risk,0.492,-0.012,Borderline,1
17362,At Risk,United Kingdom,239,7,1024.04,146.29,63.8,99,463,0.662,0.659,0.076,0.582,1.821,Hibernating,0.242,0.499,Settled,0
17363,At Risk,United Kingdom,395,3,940.86,313.62,3.5,34,6,0.984,-0.199,0.014,0.876,1.136,Hibernating,0.435,0.141,Borderline,1
17364,Champions,United Kingdom,1,27,11711.95,433.78,24.4,512,731,-2.41,2.21,1.837,1.521,3.602,New Customers,0.297,0.499,Settled,0
17365,Champions,United Kingdom,13,15,8219.94,548.0,27.9,394,664,-1.161,1.517,1.581,0.228,2.287,At Risk,0.09,0.539,Core,0
17366,Hibernating,United Kingdom,432,2,1096.24,548.12,,120,23,1.041,-0.555,0.125,1.085,1.11,At Risk,0.494,0.054,Borderline,1
17367,Hibernating,United Kingdom,238,1,168.4,168.4,,33,0,0.66,-1.057,-1.226,0.436,1.981,New Customers,0.18,0.611,Core,0
17368,Champions,United Kingdom,23,14,2826.14,201.87,55.2,195,700,-0.815,1.437,0.809,0.641,1.707,At Risk,0.273,0.367,Settled,0
17369,Hibernating,United Kingdom,456,1,979.2,979.2,,1,0,1.076,-1.057,0.043,0.986,1.561,At Risk,0.387,0.323,Settled,0
17370,New Customers,United Kingdom,73,4,446.18,111.54,31.6,31,96,-0.093,0.077,-0.524,0.926,1.094,At Risk,0.458,0.071,Borderline,1
17371,New Customers,United Kingdom,17,6,658.55,109.76,139.1,134,714,-1.0,0.494,-0.243,0.807,1.56,At Risk,0.341,0.331,Settled,0
17372,Champions,United Kingdom,41,27,4346.71,160.99,23.4,411,695,-0.456,2.21,1.12,0.982,2.208,At Risk,0.308,0.373,Settled,0
17373,At Risk,United Kingdom,40,7,1167.5,166.79,70.1,65,609,-0.472,0.659,0.17,0.974,1.129,New Customers,0.463,0.115,Borderline,1
17374,At Risk,United Kingdom,219,3,727.11,242.37,25.5,34,176,0.607,-0.199,-0.172,0.808,1.023,Hibernating,0.441,0.112,Borderline,1
17375,At Risk,United Kingdom,199,4,660.55,165.14,26.6,77,232,0.545,0.077,-0.241,0.724,1.196,Hibernating,0.377,0.25,Settled,0
17376,New Customers,United Kingdom,71,4,453.64,113.41,64.7,41,452,-0.11,0.077,-0.512,0.907,1.092,At Risk,0.454,0.08,Borderline,1
17377,Champions,United Kingdom,24,78,18314.37,234.8,12.5,504,713,-0.789,3.494,2.16,2.142,3.826,At Risk,0.359,0.387,Settled,0
17378,Hibernating,United Kingdom,374,1,10.95,10.95,,1,0,0.949,-1.057,-3.143,2.25,3.514,New Customers,0.39,0.354,Settled,0
17379,New Customers,United Kingdom,11,1,404.66,404.66,,71,0,-1.26,-1.057,-0.595,0.909,2.169,Hibernating,0.295,0.457,Settled,0
17380,Hibernating,United Kingdom,434,3,645.0,215.0,16.0,5,100,1.044,-0.199,-0.258,0.939,1.07,At Risk,0.467,0.106,Borderline,1
17381,Champions,United Kingdom,9,38,40002.37,1052.69,12.4,50,539,-1.377,2.62,2.725,1.762,3.716,At Risk,0.322,0.458,Settled,0
17382,At Risk,United Kingdom,65,8,902.28,112.78,124.1,16,504,-0.166,0.805,-0.016,0.882,1.344,New Customers,0.396,0.259,Settled,0
17383,New Customers,United Kingdom,4,2,309.99,155.0,,51,449,-1.822,-0.555,-0.787,1.109,2.665,At Risk,0.294,0.496,Settled,0
17384,New Customers,United Kingdom,19,3,507.55,169.18,24.0,15,447,-0.933,-0.199,-0.431,0.22,1.655,At Risk,0.117,0.507,Core,0
17385,New Customers,United Kingdom,15,1,261.11,261.11,,42,0,-1.076,-1.057,-0.91,1.022,1.963,Hibernating,0.342,0.378,Settled,0
17386,Champions,United Kingdom,8,7,2812.77,401.82,77.4,32,377,-1.445,0.659,0.806,1.083,1.531,New Customers,0.414,0.171,Borderline,1
17387,New Customers,United Kingdom,20,2,784.11,392.06,,71,13,-0.901,-0.555,-0.117,0.28,1.639,At Risk,0.146,0.497,Settled,0
17388,At Risk,United Kingdom,78,11,2691.57,244.69,46.8,41,651,-0.051,1.161,0.774,1.034,1.286,Champions,0.446,0.201,Borderline,1
17389,Champions,United Kingdom,1,61,57224.68,938.11,16.6,63,734,-2.41,3.194,2.984,2.65,4.773,At Risk,0.357,0.416,Settled,0
17390,Hibernating,United Kingdom,421,1,149.3,149.3,,12,0,1.025,-1.057,-1.313,0.477,2.295,At Risk,0.172,0.662,Core,0
17391,Hibernating,United Kingdom,164,2,508.8,254.4,,2,0,0.422,-0.555,-0.429,0.725,1.209,At Risk,0.375,0.295,Settled,0
17392,Hibernating,United Kingdom,307,3,620.56,206.85,20.0,65,143,0.823,-0.199,-0.286,0.907,0.972,At Risk,0.483,0.067,Borderline,1
17393,Hibernating,United Kingdom,411,2,381.15,190.58,,45,77,1.009,-0.555,-0.638,0.426,1.499,At Risk,0.221,0.518,Core,0
17394,Hibernating,United Kingdom,219,1,203.87,203.87,,4,0,0.607,-1.057,-1.089,0.382,1.874,New Customers,0.169,0.601,Core,0
17395,Hibernating,United Kingdom,508,1,97.5,97.5,,3,0,1.145,-1.057,-1.618,0.789,2.566,New Customers,0.235,0.623,Core,0
17396,Champions,United Kingdom,39,13,8789.1,676.08,61.7,28,402,-0.488,1.352,1.629,0.725,1.824,At Risk,0.285,0.36,Settled,0
17397,New Customers,United Kingdom,22,3,1233.18,411.06,197.0,132,394,-0.843,-0.199,0.21,0.468,1.346,At Risk,0.258,0.382,Settled,0
17398,At Risk,United Kingdom,115,3,653.38,217.79,25.5,30,140,0.196,-0.199,-0.249,0.862,1.089,New Customers,0.442,0.154,Borderline,1
17400,At Risk,United Kingdom,126,8,4677.05,584.63,65.4,345,595,0.254,0.805,1.173,0.911,1.58,Champions,0.366,0.353,Settled,0
17401,Hibernating,United Kingdom,541,1,114.85,114.85,,11,0,1.185,-1.057,-1.501,0.701,2.488,At Risk,0.22,0.637,Core,0
17402,Champions,United Kingdom,5,22,5061.18,230.05,27.9,104,718,-1.705,1.967,1.23,0.725,2.8,At Risk,0.206,0.55,Core,0
17403,New Customers,United Kingdom,36,2,400.57,200.28,,45,414,-0.538,-0.555,-0.602,0.56,1.479,Hibernating,0.275,0.397,Settled,0
17404,Champions,Sweden,4,21,47638.12,2268.48,22.0,124,697,-1.822,1.912,2.851,1.688,3.657,At Risk,0.316,0.46,Settled,0
17405,New Customers,United Kingdom,1,3,1031.41,343.8,3.5,77,149,-2.41,-0.199,0.081,1.56,2.505,Champions,0.384,0.343,Settled,0
17406,At Risk,United Kingdom,333,13,4905.05,377.31,32.0,155,400,0.875,1.352,1.208,1.4,2.022,Champions,0.409,0.292,Settled,0
17407,Hibernating,United Kingdom,412,1,552.9,552.9,,23,0,1.011,-1.057,-0.37,0.583,1.687,At Risk,0.257,0.525,Core,0
17408,Hibernating,United Kingdom,163,3,316.09,105.36,161.5,7,350,0.418,-0.199,-0.773,0.817,1.302,At Risk,0.385,0.272,Settled,0
17409,At Risk,United Kingdom,185,10,7793.51,779.35,58.5,50,543,0.499,1.053,1.542,1.35,1.713,Champions,0.441,0.215,Borderline,1
17410,New Customers,United Kingdom,16,5,1214.72,242.94,40.6,57,199,-1.037,0.303,0.199,0.767,1.447,At Risk,0.347,0.323,Settled,0
17411,New Customers,United Kingdom,12,5,1425.38,285.08,106.8,69,724,-1.209,0.303,0.314,0.886,1.604,At Risk,0.356,0.333,Settled,0
17412,Champions,United Kingdom,3,16,4417.52,276.1,39.7,161,734,-1.966,1.592,1.132,0.864,2.58,New Customers,0.251,0.496,Settled,0
17413,Hibernating,United Kingdom,405,2,560.14,280.07,,10,165,1.0,-0.555,-0.36,0.635,1.31,At Risk,0.327,0.394,Settled,0
17414,At Risk,United Kingdom,44,6,2249.52,374.92,65.0,6,692,-0.412,0.494,0.644,0.855,1.286,New Customers,0.399,0.256,Settled,0
17415,Hibernating,United Kingdom,80,1,507.84,507.84,,14,0,-0.035,-1.057,-0.431,1.045,1.152,New Customers,0.476,0.091,Borderline,1
17416,Champions,United Kingdom,30,22,17298.45,786.29,36.1,324,695,-0.651,1.967,2.119,0.999,2.595,At Risk,0.278,0.452,Settled,0
17417,Hibernating,United Kingdom,549,1,164.18,164.18,,16,0,1.195,-1.057,-1.244,0.506,2.297,At Risk,0.18,0.659,Core,0
17418,New Customers,United Kingdom,42,3,670.06,223.35,108.5,40,344,-0.441,-0.199,-0.231,0.46,1.172,At Risk,0.282,0.327,Settled,0
17419,Champions,United Kingdom,11,18,6500.52,361.14,29.6,203,672,-1.26,1.73,1.411,0.236,2.399,At Risk,0.09,0.557,Core,0
17420,At Risk,United Kingdom,50,6,1084.43,180.74,79.0,43,351,-0.332,0.494,0.117,0.815,1.039,New Customers,0.44,0.155,Borderline,1
17421,At Risk,United Kingdom,386,3,1059.41,353.14,131.5,46,349,0.969,-0.199,0.1,0.828,1.205,Hibernating,0.407,0.203,Borderline,1
17422,Champions,United Kingdom,16,11,3594.76,326.8,18.7,149,518,-1.037,1.161,0.983,0.539,1.76,At Risk,0.235,0.419,Settled,0
17423,New Customers,United Kingdom,46,3,1118.95,372.98,2.5,39,347,-0.384,-0.199,0.14,0.642,0.962,At Risk,0.4,0.161,Borderline,1
17425,New Customers,United Kingdom,19,2,759.17,379.58,,42,41,-0.933,-0.555,-0.141,0.274,1.672,At Risk,0.141,0.505,Core,0
17426,Champions,United Kingdom,8,13,8077.77,621.37,62.1,248,652,-1.445,1.352,1.568,0.421,2.405,At Risk,0.149,0.54,Core,0
17427,Hibernating,United Kingdom,72,1,100.8,100.8,,2,0,-0.102,-1.057,-1.594,1.214,1.734,New Customers,0.412,0.259,Settled,0
17428,Champions,United Kingdom,1,45,31819.76,707.11,19.9,422,737,-2.41,2.825,2.559,2.176,4.335,At Risk,0.334,0.456,Settled,0
17429,At Risk,United Kingdom,128,5,1357.46,271.49,60.1,80,301,0.264,0.303,0.279,0.2,1.404,New Customers,0.125,0.495,Settled,0
17430,New Customers,United Kingdom,33,4,735.17,183.79,133.4,30,446,-0.592,0.077,-0.164,0.491,1.17,At Risk,0.296,0.31,Settled,0
17431,Hibernating,United Kingdom,313,1,403.3,403.3,,41,0,0.835,-1.057,-0.597,0.365,1.754,At Risk,0.172,0.592,Core,0
17432,Champions,United Kingdom,18,9,1751.39,194.6,111.5,213,717,-0.965,0.935,0.463,1.09,1.431,New Customers,0.433,0.136,Borderline,1
17433,New Customers,United Kingdom,88,2,569.96,284.98,,81,297,0.026,-0.555,-0.348,0.953,1.062,Hibernating,0.473,0.03,Borderline,1
17434,Champions,United Kingdom,2,7,2373.82,339.12,9.9,100,82,-2.15,0.659,0.683,1.503,1.839,New Customers,0.45,0.107,Borderline,1
17435,Hibernating,United Kingdom,411,1,331.35,331.35,,15,0,1.009,-1.057,-0.739,0.287,1.89,At Risk,0.132,0.639,Core,0
17436,New Customers,United Kingdom,2,5,534.06,106.81,30.4,8,730,-2.15,0.303,-0.395,1.409,2.372,Champions,0.373,0.358,Settled,0
17437,Hibernating,United Kingdom,530,1,373.17,373.17,,52,0,1.172,-1.057,-0.653,0.433,1.899,At Risk,0.186,0.614,Core,0
17438,At Risk,United Kingdom,254,5,1422.77,284.55,63.5,49,387,0.701,0.303,0.313,0.333,1.693,Hibernating,0.165,0.533,Core,0
17439,Hibernating,United Kingdom,656,1,325.74,325.74,,8,0,1.309,-1.057,-0.751,0.497,2.015,At Risk,0.198,0.618,Core,0
17440,Hibernating,United Kingdom,157,4,323.58,80.9,126.5,4,392,0.394,0.077,-0.756,1.066,1.209,At Risk,0.469,0.091,Borderline,1
17441,Hibernating,United Kingdom,732,1,293.35,293.35,,21,0,1.379,-1.057,-0.827,0.544,2.093,At Risk,0.206,0.617,Core,0
17442,Champions,United Kingdom,37,15,4620.3,308.02,29.4,188,625,-0.521,1.517,1.164,0.642,1.694,At Risk,0.275,0.355,Settled,0
17443,Hibernating,Canada,220,1,534.24,534.24,,1,0,0.609,-1.057,-0.394,0.607,1.596,At Risk,0.275,0.48,Settled,0
17444,At Risk,Canada,152,2,2389.1,1194.55,,131,21,0.373,-0.555,0.688,0.883,1.588,New Customers,0.357,0.339,Settled,0
17446,Hibernating,United Kingdom,177,2,120.9,60.45,,6,133,0.471,-0.555,-1.464,0.758,1.843,New Customers,0.291,0.476,Settled,0
17447,New Customers,United Kingdom,40,2,541.53,270.76,,33,31,-0.472,-0.555,-0.384,0.505,1.459,At Risk,0.257,0.415,Settled,0
17448,Champions,United Kingdom,529,41,14481.97,353.22,7.0,568,115,1.171,2.712,1.99,2.662,2.983,At Risk,0.472,0.07,Borderline,1
17449,Champions,United Kingdom,2,13,4948.15,380.63,42.9,291,728,-2.15,1.352,1.214,1.044,2.543,New Customers,0.291,0.447,Settled,0
17450,Champions,United Kingdom,8,51,246973.09,4842.61,12.4,144,429,-1.445,2.977,4.041,3.062,4.858,At Risk,0.387,0.344,Settled,0
17451,Champions,United Kingdom,1,7,1721.4,245.91,14.6,83,104,-2.41,0.659,0.451,1.796,1.932,New Customers,0.482,0.021,Borderline,1
17453,New Customers,United Kingdom,18,2,486.72,243.36,,19,46,-0.965,-0.555,-0.462,0.34,1.832,At Risk,0.157,0.532,Core,0
17454,At Risk,United Kingdom,192,10,1547.94,154.79,20.5,98,500,0.523,1.053,0.374,0.777,1.985,Champions,0.281,0.498,Settled,0
17455,Hibernating,United Kingdom,204,1,131.7,131.7,,8,0,0.561,-1.057,-1.403,0.623,2.002,New Customers,0.237,0.564,Core,0
17456,At Risk,United Kingdom,365,2,1225.42,612.71,,59,90,0.933,-0.555,0.205,1.03,1.151,Hibernating,0.472,0.038,Borderline,1
17457,Champions,United Kingdom,127,14,5984.81,427.49,22.1,30,605,0.259,1.437,1.351,1.396,1.475,At Risk,0.486,-0.034,Borderline,1
17458,New Customers,United Kingdom,15,2,529.58,264.79,,81,366,-1.076,-0.555,-0.401,0.349,1.887,At Risk,0.156,0.538,Core,0
17459,New Customers,United Kingdom,43,2,657.3,328.65,,88,16,-0.426,-0.555,-0.245,0.525,1.357,At Risk,0.279,0.379,Settled,0
17460,At Risk,United Kingdom,94,16,2228.27,139.27,29.1,93,592,0.068,1.592,0.637,1.357,1.401,Champions,0.492,0.095,Borderline,1
17461,New Customers,United Kingdom,23,3,757.46,252.49,3.5,104,6,-0.815,-0.199,-0.142,0.164,1.423,At Risk,0.103,0.463,Settled,0
17462,New Customers,United Kingdom,60,2,675.69,337.84,,25,223,-0.217,-0.555,-0.225,0.716,1.232,At Risk,0.368,0.263,Settled,0
17463,Champions,United Kingdom,16,7,2557.91,365.42,75.3,234,572,-1.037,0.659,0.737,1.08,1.384,New Customers,0.438,0.12,Borderline,1
17464,At Risk,United Kingdom,158,3,1000.94,333.65,133.5,35,461,0.398,-0.199,0.059,0.616,1.262,Hibernating,0.328,0.321,Settled,0
17465,At Risk,United Kingdom,426,7,2542.79,363.26,24.4,103,310,1.032,0.659,0.733,0.798,2.239,Hibernating,0.263,0.521,Core,0
17466,New Customers,United Kingdom,10,2,763.28,381.64,,41,68,-1.316,-0.555,-0.137,0.507,1.988,At Risk,0.203,0.524,Core,0
17467,Hibernating,United Kingdom,395,1,102.6,102.6,,4,0,0.984,-1.057,-1.582,0.715,2.42,New Customers,0.228,0.622,Core,0
17468,New Customers,United Kingdom,10,3,194.8,64.93,178.5,8,364,-1.316,-0.199,-1.121,0.982,2.302,Hibernating,0.299,0.456,Settled,0
17469,Champions,United Kingdom,16,17,5051.25,297.13,45.5,165,706,-1.037,1.663,1.229,0.202,2.134,At Risk,0.087,0.52,Core,0
17470,Champions,United Kingdom,45,11,2804.87,254.99,35.2,111,463,-0.398,1.161,0.804,0.994,1.232,At Risk,0.447,0.05,Borderline,1
17471,Hibernating,United Kingdom,475,1,321.65,321.65,,19,0,1.102,-1.057,-0.76,0.33,1.936,At Risk,0.146,0.641,Core,0
17472,At Risk,United Kingdom,191,4,935.1,233.77,134.3,183,437,0.519,0.077,0.01,0.491,1.357,Hibernating,0.266,0.406,Settled,0
17473,Hibernating,United Kingdom,409,2,607.0,303.5,,33,47,1.006,-0.555,-0.302,0.686,1.279,At Risk,0.349,0.36,Settled,0
17474,Hibernating,United Kingdom,600,1,1047.0,1047.0,,6,0,1.252,-1.057,0.092,1.08,1.635,At Risk,0.398,0.304,Settled,0
17475,Hibernating,United Kingdom,79,1,194.37,194.37,,14,0,-0.043,-1.057,-1.123,0.966,1.433,New Customers,0.403,0.259,Settled,0
17476,Hibernating,United Kingdom,396,2,489.86,244.93,,29,341,0.985,-0.555,-0.457,0.552,1.364,At Risk,0.288,0.444,Settled,0
17477,Hibernating,United Kingdom,613,2,1144.3,572.15,,44,34,1.265,-0.555,0.156,1.168,1.248,At Risk,0.484,0.08,Borderline,1
17478,At Risk,United Kingdom,408,2,1272.8,636.4,,40,225,1.005,-0.555,0.233,1.064,1.183,Hibernating,0.474,0.037,Borderline,1
17479,Hibernating,United Kingdom,633,1,389.26,389.26,,18,0,1.286,-1.057,-0.623,0.533,1.932,At Risk,0.216,0.594,Core,0
17480,New Customers,United Kingdom,78,2,902.03,451.02,,50,366,-0.051,-0.555,-0.016,0.903,1.054,At Risk,0.461,0.077,Borderline,1
17481,New Customers,United Kingdom,4,4,1255.59,313.9,19.4,69,90,-1.822,0.077,0.223,1.112,1.973,Champions,0.36,0.368,Settled,0
17482,Hibernating,United Kingdom,487,2,778.19,389.1,,50,91,1.118,-0.555,-0.123,0.872,1.246,At Risk,0.412,0.254,Settled,0
17483,New Customers,United Kingdom,65,4,591.73,147.93,81.5,23,349,-0.166,0.077,-0.321,0.821,0.961,At Risk,0.461,0.057,Borderline,1
17484,Hibernating,United Kingdom,576,2,209.57,104.78,,14,47,1.225,-0.555,-1.069,0.493,1.915,At Risk,0.205,0.582,Core,0
17486,Hibernating,United Kingdom,261,1,396.87,396.87,,24,0,0.719,-1.057,-0.609,0.387,1.735,At Risk,0.182,0.578,Core,0
17487,Hibernating,United Kingdom,728,1,160.55,160.55,,8,0,1.376,-1.057,-1.26,0.644,2.378,At Risk,0.213,0.635,Core,0
17488,Hibernating,United Kingdom,641,1,336.5,336.5,,18,0,1.294,-1.057,-0.728,0.492,1.995,At Risk,0.198,0.616,Core,0
17489,New Customers,United Kingdom,59,2,376.64,188.32,,28,153,-0.227,-0.555,-0.646,0.813,1.175,Hibernating,0.409,0.177,Borderline,1
17490,Champions,United Kingdom,1,9,2750.5,305.61,79.3,93,568,-2.41,0.935,0.789,1.522,2.219,New Customers,0.407,0.229,Borderline,1
17491,Champions,United Kingdom,1,17,5981.07,351.83,20.2,105,589,-2.41,1.663,1.351,1.283,2.956,New Customers,0.303,0.458,Settled,0
17492,At Risk,United Kingdom,248,3,1122.42,374.14,95.0,32,270,0.686,-0.199,0.142,0.642,1.252,Hibernating,0.339,0.308,Settled,0
17493,Hibernating,United Kingdom,385,1,100.91,100.91,,8,0,0.967,-1.057,-1.594,0.724,2.414,New Customers,0.231,0.618,Core,0
17494,Hibernating,United Kingdom,502,1,54.7,54.7,,3,0,1.137,-1.057,-2.03,1.174,2.803,New Customers,0.295,0.546,Core,0
17495,New Customers,United Kingdom,8,3,806.72,268.91,160.5,38,383,-1.445,-0.199,-0.097,0.586,1.973,At Risk,0.229,0.508,Core,0
17496,At Risk,United Kingdom,359,4,1412.89,353.22,65.8,54,335,0.923,0.077,0.308,0.587,1.533,Hibernating,0.277,0.431,Settled,0
17497,Hibernating,United Kingdom,390,2,287.25,143.62,,7,220,0.976,-0.555,-0.842,0.328,1.638,At Risk,0.167,0.567,Core,0
17498,Hibernating,United Kingdom,76,1,272.22,272.22,,17,0,-0.067,-1.057,-0.88,0.965,1.282,New Customers,0.429,0.195,Borderline,1
17499,At Risk,United Kingdom,290,2,1341.39,670.7,,66,271,0.786,-0.555,0.271,0.947,1.216,Hibernating,0.438,0.124,Borderline,1
17500,New Customers,United Kingdom,17,3,1138.0,379.33,0.0,3,12,-1.0,-0.199,0.152,0.425,1.501,At Risk,0.221,0.439,Settled,0
17501,Hibernating,United Kingdom,221,2,288.6,144.3,,18,0,0.612,-0.555,-0.838,0.41,1.543,At Risk,0.21,0.515,Core,0
17502,New Customers,United Kingdom,9,4,689.1,172.28,4.2,25,19,-1.377,0.077,-0.211,0.622,1.894,At Risk,0.247,0.483,Settled,0
17503,New Customers,United Kingdom,3,2,558.96,279.48,,36,35,-1.966,-0.555,-0.362,1.112,2.627,At Risk,0.297,0.489,Settled,0
17504,Champions,United Kingdom,206,18,9565.12,531.4,23.9,244,463,0.567,1.73,1.69,1.744,1.919,At Risk,0.476,0.02,Borderline,1
17505,At Risk,United Kingdom,162,5,2435.48,487.1,136.7,83,443,0.414,0.303,0.702,0.269,1.72,New Customers,0.135,0.552,Core,0
17506,Hibernating,United Kingdom,76,1,302.2,302.2,,14,0,-0.067,-1.057,-0.805,0.969,1.246,New Customers,0.438,0.176,Borderline,1
17507,Hibernating,United Kingdom,262,2,605.58,302.79,,79,47,0.721,-0.555,-0.304,0.691,1.17,At Risk,0.371,0.306,Settled,0
17508,At Risk,Greece,281,8,4579.23,572.4,21.9,199,451,0.766,0.805,1.158,0.964,2.046,Champions,0.32,0.45,Settled,0
17509,Champions,United Kingdom,58,8,6115.14,764.39,1.4,75,5,-0.238,0.805,1.367,1.157,1.238,At Risk,0.483,-0.036,Borderline,1
17510,New Customers,United Kingdom,25,2,514.56,257.28,,28,395,-0.764,-0.555,-0.421,0.33,1.667,At Risk,0.165,0.504,Core,0
17511,Champions,United Kingdom,3,60,175603.55,2926.73,9.1,657,734,-1.966,3.174,3.794,3.052,5.016,At Risk,0.378,0.368,Settled,0
17512,Champions,United Kingdom,29,18,5467.82,303.77,39.0,102,700,-0.672,1.73,1.286,0.504,1.982,At Risk,0.203,0.449,Settled,0
17513,At Risk,United Kingdom,72,3,1158.8,386.27,132.5,18,407,-0.102,-0.199,0.165,0.744,0.893,New Customers,0.455,0.109,Borderline,1
17514,Hibernating,United Kingdom,128,2,542.83,271.42,,72,541,0.264,-0.555,-0.383,0.86,1.182,At Risk,0.421,0.21,Borderline,1
17515,At Risk,United Kingdom,31,9,1617.46,179.72,43.9,91,519,-0.631,0.935,0.406,1.209,1.233,Champions,0.495,0.072,Borderline,1
17516,New Customers,United Kingdom,15,6,957.55,159.59,38.3,150,363,-1.076,0.494,0.027,0.865,1.535,At Risk,0.36,0.311,Settled,0
17517,Hibernating,United Kingdom,309,1,153.94,153.94,,11,0,0.827,-1.057,-1.291,0.437,2.145,New Customers,0.169,0.645,Core,0
17518,Hibernating,United Kingdom,426,2,329.42,164.71,,71,195,1.032,-0.555,-0.743,0.379,1.585,At Risk,0.193,0.548,Core,0
17519,Champions,United Kingdom,17,15,5109.47,340.63,30.6,142,721,-1.0,1.517,1.237,0.18,2.021,At Risk,0.082,0.506,Core,0
17520,New Customers,United Kingdom,54,1,546.81,546.81,,30,0,-0.283,-1.057,-0.377,0.974,1.289,Hibernating,0.43,0.15,Borderline,1
17521,New Customers,United Kingdom,30,5,1278.06,255.61,66.8,65,404,-0.651,0.303,0.236,0.81,1.061,At Risk,0.433,0.126,Borderline,1
17522,New Customers,United Kingdom,2,5,1066.15,213.23,49.2,58,216,-2.15,0.303,0.105,1.444,2.031,Champions,0.415,0.263,Settled,0
17523,New Customers,United Kingdom,11,4,652.74,163.18,1.9,25,7,-1.26,0.077,-0.25,0.534,1.8,At Risk,0.229,0.483,Settled,0
17524,Hibernating,United Kingdom,361,3,539.14,179.71,38.5,37,76,0.926,-0.199,-0.388,0.841,1.096,At Risk,0.434,0.178,Borderline,1
17525,At Risk,United Kingdom,360,3,1161.9,387.3,3.5,19,69,0.924,-0.199,0.167,0.772,1.259,Hibernating,0.38,0.255,Settled,0
17526,Champions,United Kingdom,5,12,4166.04,347.17,74.7,67,717,-1.705,1.26,1.09,0.69,2.213,New Customers,0.238,0.474,Settled,0
17527,New Customers,United Kingdom,54,4,939.37,234.84,38.2,45,164,-0.283,0.077,0.013,0.761,0.822,At Risk,0.48,0.011,Borderline,1
17528,Champions,United Kingdom,1,8,3628.5,453.56,5.1,183,70,-2.41,0.805,0.99,1.518,2.252,New Customers,0.403,0.238,Borderline,1
17529,Hibernating,United Kingdom,610,2,1240.25,620.12,,78,87,1.262,-0.555,0.214,1.22,1.234,At Risk,0.497,0.041,Borderline,1
17530,Champions,United Kingdom,1,12,3136.92,261.41,65.9,358,732,-2.41,1.26,0.884,1.39,2.458,New Customers,0.361,0.334,Settled,0
17531,At Risk,United Kingdom,190,3,1266.82,422.27,123.0,54,428,0.516,-0.199,0.229,0.545,1.36,Hibernating,0.286,0.382,Settled,0
17532,Hibernating,United Kingdom,386,1,65.34,65.34,,4,0,0.969,-1.057,-1.904,1.024,2.602,New Customers,0.282,0.558,Core,0
17533,Hibernating,United Kingdom,435,1,34.8,34.8,,1,0,1.046,-1.057,-2.35,1.47,2.956,New Customers,0.332,0.48,Settled,0
17534,At Risk,United Kingdom,54,5,1668.83,333.77,145.9,76,598,-0.283,0.303,0.428,0.674,1.09,New Customers,0.382,0.251,Settled,0
17535,Hibernating,United Kingdom,280,1,164.4,164.4,,13,0,0.764,-1.057,-1.243,0.409,2.072,New Customers,0.165,0.636,Core,0
17536,Hibernating,United Kingdom,177,3,364.83,121.61,9.5,16,505,0.471,-0.199,-0.669,0.812,1.209,At Risk,0.402,0.237,Borderline,1
17537,New Customers,United Kingdom,30,2,897.62,448.81,,74,273,-0.651,-0.555,-0.02,0.411,1.416,At Risk,0.225,0.419,Settled,0
17538,New Customers,United Kingdom,26,1,98.42,98.42,,9,0,-0.74,-1.057,-1.611,1.568,1.776,Hibernating,0.469,0.092,Borderline,1
17539,At Risk,United Kingdom,628,3,1211.57,403.86,21.0,131,98,1.281,-0.199,0.197,1.043,1.346,Hibernating,0.437,0.153,Borderline,1
17540,New Customers,United Kingdom,25,6,1590.6,265.1,93.0,41,575,-0.764,0.494,0.394,1.03,1.173,At Risk,0.467,0.067,Borderline,1
17541,Hibernating,United Kingdom,510,1,124.46,124.46,,31,0,1.147,-1.057,-1.443,0.635,2.431,At Risk,0.207,0.646,Core,0
17542,Hibernating,United Kingdom,270,3,341.7,113.9,186.0,57,371,0.74,-0.199,-0.717,0.702,1.298,At Risk,0.351,0.33,Settled,0
17543,Hibernating,United Kingdom,550,1,120.05,120.05,,13,0,1.196,-1.057,-1.469,0.679,2.467,At Risk,0.216,0.64,Core,0
17544,At Risk,United Kingdom,390,3,960.69,320.23,0.0,80,0,0.976,-0.199,0.029,0.863,1.148,Hibernating,0.429,0.154,Borderline,1
17545,At Risk,United Kingdom,43,6,1448.54,241.42,140.2,204,534,-0.426,0.494,0.326,0.849,1.085,New Customers,0.439,0.162,Borderline,1
17547,Hibernating,United Kingdom,376,2,727.85,363.92,,22,289,0.952,-0.555,-0.171,0.797,1.181,At Risk,0.403,0.264,Settled,0
17548,At Risk,United Kingdom,234,4,731.26,182.82,64.2,22,162,0.649,0.077,-0.168,0.688,1.214,Hibernating,0.362,0.277,Settled,0
17549,New Customers,United Kingdom,24,2,148.86,74.43,,5,27,-0.789,-0.555,-1.315,1.104,1.744,Hibernating,0.388,0.274,Settled,0
17550,At Risk,United Kingdom,197,9,2547.64,283.07,50.5,250,472,0.539,0.935,0.734,0.727,1.883,Champions,0.279,0.493,Settled,0
17551,Hibernating,United Kingdom,359,1,306.84,306.84,,39,0,0.923,-1.057,-0.794,0.228,1.899,At Risk,0.107,0.645,Core,0
17552,Champions,United Kingdom,60,12,3085.29,257.11,82.9,78,567,-0.217,1.26,0.872,1.073,1.226,At Risk,0.467,-0.001,Borderline,1
17553,At Risk,United Kingdom,130,4,3757.6,939.4,135.0,2,481,0.274,0.077,1.015,0.63,1.755,New Customers,0.264,0.47,Settled,0
17554,New Customers,United Kingdom,1,5,1952.45,390.49,18.1,58,146,-2.41,0.303,0.542,1.818,1.955,Champions,0.482,0.091,Borderline,1
17555,New Customers,United Kingdom,20,5,1057.74,211.55,112.2,220,566,-0.901,0.303,0.099,0.699,1.335,At Risk,0.344,0.306,Settled,0
17556,Hibernating,United Kingdom,206,2,300.67,150.34,,13,173,0.567,-0.555,-0.809,0.446,1.513,At Risk,0.228,0.497,Settled,0
17557,New Customers,United Kingdom,14,4,575.46,143.86,291.1,28,718,-1.117,0.077,-0.341,0.457,1.708,At Risk,0.211,0.477,Settled,0
17558,Hibernating,United Kingdom,393,1,259.17,259.17,,28,0,0.981,-1.057,-0.916,0.222,1.996,At Risk,0.1,0.663,Core,0
17559,Hibernating,United Kingdom,513,1,167.62,167.62,,12,0,1.151,-1.057,-1.229,0.469,2.272,At Risk,0.171,0.664,Core,0
17560,At Risk,United Kingdom,95,8,1895.8,236.98,24.7,37,565,0.074,0.805,0.521,0.611,1.641,Champions,0.271,0.47,Settled,0
17561,New Customers,United Kingdom,19,4,722.34,180.58,97.5,163,713,-0.933,0.077,-0.177,0.391,1.473,At Risk,0.21,0.437,Settled,0
17562,New Customers,United Kingdom,14,7,1122.38,160.34,9.9,48,159,-1.117,0.659,0.142,1.064,1.499,Champions,0.415,0.239,Borderline,1
17563,Hibernating,United Kingdom,578,2,392.38,196.19,,27,33,1.228,-0.555,-0.617,0.546,1.587,At Risk,0.256,0.505,Core,0
17564,New Customers,United Kingdom,24,3,454.01,151.34,8.0,38,55,-0.789,-0.199,-0.512,0.305,1.589,At Risk,0.161,0.481,Settled,0
17565,Hibernating,United Kingdom,587,1,131.83,131.83,,30,0,1.238,-1.057,-1.402,0.646,2.429,At Risk,0.21,0.643,Core,0
17566,New Customers,United Kingdom,8,2,901.21,450.6,,113,17,-1.445,-0.555,-0.017,0.651,2.071,At Risk,0.239,0.506,Core,0
17567,Champions,United Kingdom,7,9,5356.03,595.11,21.1,128,434,-1.521,0.935,1.271,0.722,2.058,New Customers,0.26,0.435,Settled,0
17568,Hibernating,United Kingdom,633,1,382.79,382.79,,61,0,1.286,-1.057,-0.635,0.526,1.939,At Risk,0.214,0.597,Core,0
17569,Hibernating,United Kingdom,332,1,344.14,344.14,,29,0,0.873,-1.057,-0.712,0.274,1.833,At Risk,0.13,0.625,Core,0
17571,At Risk,United Kingdom,50,5,1702.5,340.5,80.5,289,492,-0.332,0.303,0.443,0.723,1.073,New Customers,0.402,0.22,Borderline,1
17572,At Risk,United Kingdom,71,10,723.01,72.3,50.4,14,653,-0.11,1.053,-0.176,1.098,1.567,New Customers,0.412,0.244,Borderline,1
17573,New Customers,United Kingdom,29,3,380.6,126.87,24.0,24,64,-0.672,-0.199,-0.639,0.463,1.587,At Risk,0.226,0.449,Settled,0
17574,Hibernating,United Kingdom,243,1,185.65,185.65,,8,0,0.673,-1.057,-1.156,0.38,1.958,New Customers,0.162,0.62,Core,0
17575,Hibernating,United Kingdom,667,1,171.7,171.7,,5,0,1.319,-1.057,-1.212,0.574,2.321,At Risk,0.198,0.646,Core,0
17576,Champions,United Kingdom,8,41,9050.46,220.74,10.5,416,728,-1.445,2.712,1.65,1.249,3.274,At Risk,0.276,0.508,Core,0
17577,Hibernating,United Kingdom,645,2,348.75,174.38,,20,23,1.298,-0.555,-0.702,0.558,1.681,At Risk,0.249,0.521,Core,0
17578,At Risk,United Kingdom,218,7,1047.33,149.62,92.1,57,311,0.604,0.659,0.092,0.546,1.808,New Customers,0.232,0.513,Core,0
17579,New Customers,United Kingdom,5,4,753.28,188.32,151.5,89,573,-1.705,0.077,-0.146,0.908,2.172,Champions,0.295,0.469,Settled,0
17580,At Risk,United Kingdom,253,5,542.32,108.46,15.3,77,169,0.699,0.303,-0.383,0.873,1.288,Hibernating,0.404,0.219,Borderline,1
17581,Champions,United Kingdom,1,43,18757.75,436.23,21.5,387,735,-2.41,2.77,2.177,1.955,4.127,At Risk,0.321,0.476,Settled,0
17582,At Risk,United Kingdom,236,5,1450.7,290.14,67.7,92,387,0.654,0.303,0.327,0.285,1.708,Hibernating,0.143,0.544,Core,0
17583,Hibernating,United Kingdom,560,1,135.95,135.95,,7,0,1.207,-1.057,-1.38,0.612,2.402,At Risk,0.203,0.648,Core,0
17584,Champions,United Kingdom,7,6,5309.42,884.9,105.6,85,676,-1.521,0.494,1.265,1.118,1.821,New Customers,0.38,0.25,Settled,0
17585,At Risk,United Kingdom,109,7,2093.3,299.04,34.9,295,368,0.162,0.659,0.592,0.462,1.653,New Customers,0.219,0.509,Core,0
17586,Hibernating,United Kingdom,619,1,167.4,167.4,,8,0,1.272,-1.057,-1.23,0.549,2.315,At Risk,0.192,0.652,Core,0
17587,Hibernating,United Kingdom,628,1,178.71,178.71,,41,0,1.281,-1.057,-1.183,0.529,2.285,At Risk,0.188,0.652,Core,0
17588,At Risk,United Kingdom,100,7,2939.55,419.94,37.0,35,537,0.107,0.659,0.838,0.616,1.606,Champions,0.277,0.466,Settled,0
17589,Champions,United Kingdom,60,18,14018.2,778.79,36.7,600,582,-0.217,1.73,1.967,1.118,2.189,At Risk,0.338,0.334,Settled,0
17590,New Customers,United Kingdom,2,3,1477.97,492.66,4.0,161,37,-2.15,-0.199,0.341,1.395,2.255,Champions,0.382,0.338,Settled,0
17591,At Risk,United Kingdom,73,8,2776.67,347.08,98.0,93,617,-0.093,0.805,0.796,0.794,1.391,Champions,0.363,0.345,Settled,0
17592,Hibernating,United Kingdom,739,1,148.3,148.3,,13,0,1.385,-1.057,-1.317,0.684,2.423,At Risk,0.22,0.63,Core,0
17593,Champions,United Kingdom,4,11,8095.8,735.98,54.9,311,731,-1.822,1.161,1.57,0.814,2.513,New Customers,0.245,0.489,Settled,0
17594,At Risk,United Kingdom,85,4,2497.88,624.47,16.6,70,519,0.004,0.077,0.72,0.526,1.368,New Customers,0.278,0.401,Settled,0
17595,New Customers,United Kingdom,12,2,388.79,194.4,,68,24,-1.209,-0.555,-0.624,0.556,2.096,At Risk,0.21,0.537,Core,0
17596,Champions,United Kingdom,23,13,4920.67,378.51,30.9,274,701,-0.815,1.352,1.21,0.396,1.785,At Risk,0.182,0.439,Settled,0
17597,At Risk,United Kingdom,214,5,3484.09,696.82,66.6,109,369,0.592,0.303,0.96,0.564,2.003,New Customers,0.22,0.545,Core,0
17598,Hibernating,United Kingdom,381,1,409.98,409.98,,10,0,0.961,-1.057,-0.585,0.382,1.783,At Risk,0.176,0.6,Core,0
17599,Hibernating,United Kingdom,478,1,52.05,52.05,,3,0,1.106,-1.057,-2.066,1.201,2.803,New Customers,0.3,0.537,Core,0
17600,New Customers,United Kingdom,18,1,161.67,161.67,,13,0,-0.965,-1.057,-1.255,1.263,1.886,Hibernating,0.401,0.268,Settled,0
17601,Hibernating,United Kingdom,239,2,421.06,210.53,,68,141,0.662,-0.555,-0.566,0.503,1.337,At Risk,0.273,0.439,Settled,0
17602,Champions,United Kingdom,2,14,7451.13,532.22,56.1,450,616,-2.15,1.437,1.51,1.033,2.776,New Customers,0.271,0.486,Settled,0
17603,At Risk,United Kingdom,78,4,1793.48,448.37,227.7,104,651,-0.051,0.077,0.48,0.492,1.171,New Customers,0.296,0.35,Settled,0
17604,At Risk,United Kingdom,217,6,945.93,157.66,31.5,142,464,0.601,0.494,0.018,0.508,1.662,Hibernating,0.234,0.484,Settled,0
17605,Hibernating,United Kingdom,590,1,160.75,160.75,,13,0,1.241,-1.057,-1.26,0.546,2.325,At Risk,0.19,0.654,Core,0
17606,Hibernating,United Kingdom,737,1,87.3,87.3,,6,0,1.383,-1.057,-1.697,0.962,2.71,At Risk,0.262,0.592,Core,0
17607,Hibernating,United Kingdom,376,1,333.81,333.81,,22,0,0.952,-1.057,-0.733,0.269,1.869,At Risk,0.126,0.636,Core,0
17608,New Customers,United Kingdom,33,4,498.53,124.63,171.5,134,573,-0.592,0.077,-0.444,0.524,1.335,At Risk,0.282,0.352,Settled,0
17609,Champions,United Kingdom,41,11,1881.8,171.07,77.1,316,568,-0.456,1.161,0.515,1.144,1.218,At Risk,0.484,-0.034,Borderline,1
17610,At Risk,United Kingdom,540,5,1529.49,305.9,41.3,114,193,1.184,0.303,0.365,0.796,1.749,Hibernating,0.313,0.415,Settled,0
17611,Champions,United Kingdom,7,28,8321.98,297.21,18.4,721,731,-1.521,2.254,1.59,0.846,2.974,At Risk,0.221,0.55,Core,0
17612,Champions,United Kingdom,53,18,5394.86,299.71,21.8,213,669,-0.295,1.73,1.276,0.864,1.804,At Risk,0.324,0.313,Settled,0
17613,Champions,United Kingdom,23,14,4559.15,325.65,15.5,211,282,-0.815,1.437,1.155,0.39,1.814,At Risk,0.177,0.445,Settled,0
17614,New Customers,United Kingdom,57,1,390.07,390.07,,97,0,-0.249,-1.057,-0.621,1.056,1.177,Hibernating,0.473,0.051,Borderline,1
17615,At Risk,United Kingdom,130,6,733.2,122.2,50.9,47,355,0.274,0.494,-0.166,0.644,1.413,New Customers,0.313,0.383,Settled,0
17616,At Risk,United Kingdom,174,4,1060.8,265.2,14.4,1,277,0.46,0.077,0.101,0.401,1.436,Hibernating,0.218,0.455,Settled,0
17617,Hibernating,United Kingdom,559,1,395.33,395.33,,18,0,1.206,-1.057,-0.612,0.481,1.89,At Risk,0.203,0.6,Core,0
17618,Champions,United Kingdom,6,11,4073.24,370.29,70.0,202,679,-1.606,1.161,1.073,0.668,2.098,New Customers,0.241,0.459,Settled,0
17619,Hibernating,United Kingdom,312,1,218.52,218.52,,71,0,0.833,-1.057,-1.039,0.242,2.039,New Customers,0.106,0.66,Core,0
17620,Hibernating,United Kingdom,60,1,81.44,81.44,,4,0,-0.217,-1.057,-1.747,1.396,1.81,New Customers,0.435,0.205,Borderline,1
17621,Champions,United Kingdom,21,6,3175.12,529.19,105.5,61,410,-0.871,0.494,0.893,1.172,1.358,At Risk,0.463,0.047,Borderline,1
17622,Hibernating,United Kingdom,598,2,1130.21,565.1,,19,0,1.249,-0.555,0.147,1.155,1.239,At Risk,0.483,0.084,Borderline,1
17623,At Risk,United Kingdom,33,7,2383.67,340.52,125.6,130,692,-0.592,0.659,0.686,1.08,1.231,Champions,0.467,0.141,Borderline,1
17624,New Customers,United Kingdom,15,4,1568.63,392.16,33.8,91,704,-1.076,0.077,0.384,0.759,1.483,At Risk,0.338,0.337,Settled,0
17625,Champions,United Kingdom,18,8,6067.8,758.48,49.7,429,706,-0.965,0.805,1.361,0.753,1.722,At Risk,0.304,0.339,Settled,0
17626,Hibernating,United Kingdom,603,1,254.0,254.0,,18,0,1.255,-1.057,-0.93,0.426,2.103,At Risk,0.168,0.649,Core,0
17627,Hibernating,United Kingdom,479,1,296.36,296.36,,10,0,1.107,-1.057,-0.819,0.313,1.975,At Risk,0.137,0.65,Core,0
17628,Hibernating,United Kingdom,81,1,75.75,75.75,,5,0,-0.027,-1.057,-1.799,1.288,1.93,New Customers,0.4,0.295,Settled,0
17629,Champions,United Kingdom,6,10,2455.52,245.55,25.2,129,415,-1.606,1.053,0.707,0.938,1.808,New Customers,0.342,0.318,Settled,0
17630,Hibernating,United Kingdom,170,2,503.6,251.8,,24,62,0.445,-0.555,-0.437,0.706,1.215,At Risk,0.367,0.307,Settled,0
17631,New Customers,United Kingdom,2,7,998.49,142.64,89.9,66,728,-2.15,0.659,0.057,1.617,1.869,Champions,0.464,0.14,Borderline,1
17633,At Risk,United Kingdom,31,7,2057.39,293.91,90.1,84,357,-0.631,0.659,0.58,1.096,1.276,Champions,0.462,0.134,Borderline,1
17634,Champions,United Kingdom,36,9,2361.97,262.44,26.5,209,301,-0.538,0.935,0.679,1.085,1.157,At Risk,0.484,-0.03,Borderline,1
17635,At Risk,United Kingdom,424,3,1265.58,421.86,19.0,60,166,1.029,-0.199,0.229,0.83,1.32,Hibernating,0.386,0.253,Settled,0
17636,New Customers,United Kingdom,19,1,285.56,285.56,,20,0,-0.933,-1.057,-0.846,0.964,1.821,Hibernating,0.346,0.361,Settled,0
17637,New Customers,United Kingdom,31,2,547.06,273.53,,35,83,-0.631,-0.555,-0.377,0.382,1.554,At Risk,0.197,0.47,Settled,0
17638,Hibernating,United Kingdom,647,2,842.4,421.2,,2,74,1.3,-0.555,-0.065,0.987,1.338,At Risk,0.424,0.23,Borderline,1
17639,At Risk,United Kingdom,276,6,615.17,102.53,47.8,59,207,0.754,0.494,-0.292,0.837,1.492,Hibernating,0.36,0.316,Settled,0
17640,At Risk,United Kingdom,87,6,3168.94,528.16,97.9,48,539,0.018,0.494,0.892,0.624,1.623,Champions,0.278,0.463,Settled,0
17642,At Risk,United Kingdom,120,5,1824.49,364.9,74.5,88,614,0.223,0.303,0.493,0.178,1.465,New Customers,0.109,0.511,Core,0
17643,Hibernating,United Kingdom,373,2,541.25,270.62,,30,132,0.947,-0.555,-0.385,0.606,1.302,At Risk,0.318,0.402,Settled,0
17644,Champions,United Kingdom,1,20,6028.6,301.43,30.0,160,660,-2.41,1.854,1.357,1.316,3.089,New Customers,0.299,0.472,Settled,0
17646,At Risk,United Kingdom,219,12,4149.79,345.82,17.6,124,504,0.607,1.26,1.087,1.189,1.782,Champions,0.4,0.306,Settled,0
17647,New Customers,United Kingdom,65,3,331.66,110.55,302.0,12,604,-0.166,-0.199,-0.738,0.881,1.247,Hibernating,0.414,0.17,Borderline,1
17648,At Risk,United Kingdom,61,5,2216.37,443.27,56.5,114,324,-0.206,0.303,0.633,0.63,1.267,New Customers,0.332,0.341,Settled,0
17649,At Risk,United Kingdom,138,3,1578.89,526.3,164.0,88,334,0.312,-0.199,0.388,0.498,1.36,New Customers,0.268,0.416,Settled,0
17650,New Customers,United Kingdom,21,1,166.08,166.08,,8,0,-0.871,-1.057,-1.236,1.245,1.791,Hibernating,0.41,0.243,Borderline,1
17651,Champions,United Kingdom,12,16,5703.52,356.47,78.6,198,514,-1.209,1.592,1.317,0.101,2.244,At Risk,0.043,0.545,Core,0
17652,Champions,United Kingdom,25,12,4867.72,405.64,17.7,118,255,-0.764,1.26,1.202,0.487,1.693,At Risk,0.224,0.401,Settled,0
17653,New Customers,United Kingdom,37,4,1207.56,301.89,24.6,44,83,-0.521,0.077,0.195,0.688,0.966,At Risk,0.416,0.138,Borderline,1
17654,Hibernating,United Kingdom,277,1,117.55,117.55,,22,0,0.757,-1.057,-1.484,0.625,2.193,New Customers,0.222,0.604,Core,0
17655,Champions,United Kingdom,11,9,3652.48,405.83,27.5,75,406,-1.26,0.935,0.994,0.715,1.792,New Customers,0.285,0.39,Settled,0
17656,At Risk,United Kingdom,73,5,1674.69,334.94,3.6,67,55,-0.093,0.303,0.431,0.484,1.208,New Customers,0.286,0.372,Settled,0
17657,Hibernating,United Kingdom,430,1,126.0,126.0,,7,0,1.038,-1.057,-1.434,0.589,2.386,New Customers,0.198,0.65,Core,0
17658,New Customers,United Kingdom,26,2,595.42,297.71,,17,185,-0.74,-0.555,-0.316,0.299,1.598,At Risk,0.158,0.492,Settled,0
17659,Champions,United Kingdom,17,14,3834.79,273.91,26.0,150,368,-1.0,1.437,1.03,0.367,1.899,At Risk,0.162,0.47,Settled,0
17660,Hibernating,United Kingdom,141,2,359.47,179.74,,75,595,0.326,-0.555,-0.68,0.669,1.314,New Customers,0.338,0.362,Settled,0
17662,Hibernating,United Kingdom,662,2,412.92,206.46,,14,60,1.315,-0.555,-0.58,0.624,1.611,At Risk,0.279,0.483,Settled,0
17663,Champions,United Kingdom,26,17,5175.83,304.46,29.5,153,619,-0.74,1.663,1.246,0.427,1.956,At Risk,0.179,0.46,Settled,0
17664,New Customers,United Kingdom,19,4,1166.23,291.56,47.6,68,601,-0.933,0.077,0.169,0.565,1.366,At Risk,0.293,0.365,Settled,0
17665,Hibernating,United Kingdom,493,1,563.1,563.1,,19,0,1.126,-1.057,-0.356,0.631,1.726,At Risk,0.268,0.519,Core,0
17666,New Customers,United Kingdom,4,5,2047.8,409.56,163.0,30,523,-1.822,0.303,0.576,1.384,1.615,Champions,0.461,0.146,Borderline,1
17667,At Risk,United Kingdom,66,9,3950.7,438.97,43.7,140,588,-0.157,0.935,1.051,1.047,1.188,Champions,0.469,0.15,Borderline,1
17668,New Customers,United Kingdom,1,2,347.75,173.88,,14,36,-2.41,-0.555,-0.704,1.61,3.139,At Risk,0.339,0.44,Settled,0
17669,Champions,United Kingdom,43,10,6142.35,614.24,56.7,85,574,-0.426,1.053,1.37,0.857,1.459,At Risk,0.37,0.208,Borderline,1
17670,Hibernating,United Kingdom,228,1,205.7,205.7,,11,0,0.632,-1.057,-1.082,0.361,1.892,New Customers,0.16,0.61,Core,0
17671,New Customers,United Kingdom,16,5,2403.34,480.67,60.2,54,360,-1.037,0.303,0.692,1.126,1.406,Champions,0.445,0.161,Borderline,1
17672,At Risk,United Kingdom,50,6,5663.74,943.96,100.5,178,591,-0.332,0.494,1.312,1.155,1.318,Champions,0.467,0.147,Borderline,1
17673,Champions,United Kingdom,2,13,4233.58,325.66,25.2,195,628,-2.15,1.352,1.101,1.065,2.48,New Customers,0.3,0.431,Settled,0
17674,New Customers,United Kingdom,74,2,851.7,425.85,,19,294,-0.084,-0.555,-0.058,0.862,1.087,At Risk,0.442,0.119,Borderline,1
17675,Champions,United Kingdom,1,70,38259.6,546.57,7.2,345,728,-2.41,3.362,2.693,2.597,4.732,At Risk,0.354,0.422,Settled,0
17676,Champions,United Kingdom,4,10,2765.84,276.58,63.8,85,615,-1.822,1.053,0.793,1.013,1.948,New Customers,0.342,0.33,Settled,0
17677,Champions,United Kingdom,2,54,36692.91,679.5,14.6,346,721,-2.15,3.046,2.662,2.239,4.361,At Risk,0.339,0.447,Settled,0
17678,Hibernating,United Kingdom,264,2,599.76,299.88,,27,339,0.726,-0.555,-0.311,0.683,1.175,At Risk,0.368,0.312,Settled,0
17679,At Risk,United Kingdom,53,7,3577.61,511.09,147.9,70,683,-0.295,0.659,0.98,0.951,1.272,Champions,0.428,0.229,Borderline,1
17680,New Customers,United Kingdom,24,3,497.45,165.82,116.0,20,487,-0.789,-0.199,-0.446,0.249,1.551,At Risk,0.138,0.481,Settled,0
17681,At Risk,United Kingdom,597,5,731.2,146.24,20.6,12,96,1.248,0.303,-0.168,1.048,1.426,Hibernating,0.423,0.195,Borderline,1
17682,Champions,United Kingdom,10,11,4456.78,405.16,27.6,85,631,-1.316,1.161,1.138,0.473,2.042,At Risk,0.188,0.488,Settled,0
17683,At Risk,United Kingdom,386,3,819.01,273.0,41.5,41,168,0.969,-0.199,-0.086,0.919,1.056,Hibernating,0.465,0.067,Borderline,1
17684,New Customers,United Kingdom,44,1,239.41,239.41,,15,0,-0.412,-1.057,-0.973,1.15,1.306,Hibernating,0.468,0.075,Borderline,1
17685,Champions,United Kingdom,17,12,5943.17,495.26,47.8,124,649,-1.0,1.26,1.346,0.309,1.926,At Risk,0.138,0.479,Settled,0
17686,Champions,United Kingdom,7,9,8296.81,921.87,44.6,283,526,-1.521,0.935,1.588,0.753,2.301,New Customers,0.247,0.466,Settled,0
17687,Hibernating,United Kingdom,421,1,432.68,432.68,,26,0,1.025,-1.057,-0.546,0.432,1.783,At Risk,0.195,0.59,Core,0
17688,Hibernating,United Kingdom,394,1,304.2,304.2,,19,0,0.982,-1.057,-0.8,0.244,1.921,At Risk,0.113,0.649,Core,0
17689,Hibernating,United Kingdom,388,2,317.08,158.54,,17,85,0.972,-0.555,-0.771,0.347,1.582,At Risk,0.18,0.553,Core,0
17690,Champions,United Kingdom,30,20,7448.1,372.4,50.1,237,644,-0.651,1.854,1.51,0.596,2.165,At Risk,0.216,0.465,Settled,0
17691,At Risk,United Kingdom,358,4,780.05,195.01,60.2,37,188,0.921,0.077,-0.121,0.796,1.222,Hibernating,0.394,0.233,Borderline,1
17692,At Risk,United Kingdom,127,12,2960.44,246.7,28.5,89,413,0.259,1.26,0.843,1.061,1.51,Champions,0.413,0.273,Settled,0
17693,Hibernating,United Kingdom,137,1,200.47,200.47,,16,0,0.307,-1.057,-1.101,0.634,1.652,New Customers,0.278,0.473,Settled,0
17694,At Risk,United Kingdom,142,3,1695.97,565.32,159.5,54,421,0.33,-0.199,0.44,0.493,1.401,New Customers,0.26,0.428,Settled,0
17695,At Risk,United Kingdom,132,5,1746.04,349.21,83.4,46,549,0.284,0.303,0.461,0.111,1.497,New Customers,0.069,0.525,Core,0
17696,Champions,United Kingdom,38,27,7679.59,284.43,24.6,191,690,-0.504,2.21,1.532,0.937,2.386,At Risk,0.282,0.427,Settled,0
17697,Hibernating,United Kingdom,236,1,338.95,338.95,,19,0,0.654,-1.057,-0.722,0.347,1.781,New Customers,0.163,0.595,Core,0
17698,Hibernating,United Kingdom,261,1,154.95,154.95,,8,0,0.719,-1.057,-1.286,0.459,2.057,New Customers,0.182,0.622,Core,0
17699,Hibernating,United Kingdom,477,2,442.0,221.0,,17,84,1.105,-0.555,-0.531,0.533,1.468,At Risk,0.266,0.48,Settled,0
17700,Champions,United Kingdom,17,14,6679.97,477.14,31.2,259,722,-1.0,1.437,1.431,0.183,2.06,At Risk,0.082,0.51,Core,0
17701,Hibernating,United Kingdom,253,1,417.95,417.95,,24,0,0.699,-1.057,-0.571,0.424,1.709,At Risk,0.199,0.563,Core,0
17702,At Risk,United Kingdom,30,6,3144.04,524.01,55.1,120,370,-0.651,0.494,0.886,1.154,1.243,Champions,0.481,0.105,Borderline,1
17703,New Customers,United Kingdom,35,4,1094.84,273.71,109.3,63,382,-0.555,0.077,0.124,0.627,1.018,At Risk,0.381,0.195,Borderline,1
17704,At Risk,United Kingdom,169,2,885.19,442.6,,27,71,0.441,-0.555,-0.03,0.965,1.023,Hibernating,0.486,-0.0,Borderline,1
17705,Champions,United Kingdom,3,11,2083.9,189.45,42.1,74,573,-1.966,1.161,0.589,1.193,2.002,New Customers,0.373,0.282,Settled,0
17706,Champions,United Kingdom,4,31,20749.98,669.35,32.1,408,685,-1.822,2.375,2.25,1.405,3.542,At Risk,0.284,0.514,Core,0
17707,At Risk,United Kingdom,185,8,609.3,76.16,36.6,9,547,0.499,0.805,-0.299,0.902,1.778,New Customers,0.337,0.388,Settled,0
17708,At Risk,United Kingdom,188,4,887.93,221.98,47.4,57,235,0.509,0.077,-0.027,0.522,1.335,Hibernating,0.281,0.389,Settled,0
17709,At Risk,United Kingdom,170,5,671.01,134.2,116.8,37,433,0.445,0.303,-0.23,0.666,1.413,Hibernating,0.32,0.36,Settled,0
17710,Hibernating,United Kingdom,424,1,293.5,293.5,,20,0,1.029,-1.057,-0.826,0.259,1.952,At Risk,0.117,0.653,Core,0
17711,New Customers,United Kingdom,11,2,385.1,192.55,,22,279,-1.26,-0.555,-0.63,0.592,2.139,At Risk,0.217,0.537,Core,0
17712,New Customers,United Kingdom,45,1,522.91,522.91,,29,0,-0.398,-1.057,-0.41,0.912,1.381,Hibernating,0.398,0.223,Borderline,1
17713,At Risk,United Kingdom,382,4,1198.09,299.52,14.1,55,166,0.962,0.077,0.189,0.657,1.442,Hibernating,0.313,0.381,Settled,0
17714,At Risk,United Kingdom,321,5,1410.18,282.04,34.1,69,192,0.851,0.303,0.307,0.478,1.679,Hibernating,0.221,0.5,Core,0
17715,Hibernating,United Kingdom,201,2,489.6,244.8,,1,392,0.552,-0.555,-0.457,0.631,1.239,At Risk,0.338,0.353,Settled,0
17716,Champions,United Kingdom,23,24,15956.97,664.87,31.8,334,714,-0.815,2.07,2.06,0.938,2.696,At Risk,0.258,0.484,Settled,0
17717,Hibernating,United Kingdom,421,1,376.92,376.92,,26,0,1.025,-1.057,-0.646,0.355,1.839,At Risk,0.162,0.618,Core,0
17718,Hibernating,United Kingdom,232,2,439.18,219.59,,22,412,0.643,-0.555,-0.536,0.532,1.311,At Risk,0.289,0.42,Settled,0
17719,Champions,United Kingdom,38,15,5396.04,359.74,9.8,111,217,-0.504,1.517,1.277,0.635,1.737,At Risk,0.268,0.367,Settled,0
17720,Champions,United Kingdom,26,10,2768.91,276.89,42.0,81,552,-0.74,1.053,0.794,0.84,1.411,At Risk,0.373,0.217,Borderline,1
17721,Hibernating,United Kingdom,659,1,307.21,307.21,,11,0,1.312,-1.057,-0.793,0.489,2.042,At Risk,0.193,0.624,Core,0
17722,At Risk,United Kingdom,96,5,4430.36,886.07,48.1,163,279,0.081,0.303,1.134,0.766,1.747,Champions,0.305,0.441,Settled,0
17723,At Risk,United Kingdom,127,7,3378.4,482.63,53.8,6,248,0.259,0.659,0.938,0.639,1.699,Champions,0.273,0.478,Settled,0
17724,At Risk,United Kingdom,71,3,1033.0,344.33,24.5,38,67,-0.11,-0.199,0.082,0.784,0.85,New Customers,0.48,0.062,Borderline,1
17725,Champions,United Kingdom,16,11,3439.08,312.64,8.0,115,250,-1.037,1.161,0.951,0.562,1.75,At Risk,0.243,0.412,Settled,0
17726,At Risk,United Kingdom,395,7,1092.06,156.01,46.0,52,286,0.984,0.659,0.122,0.765,1.837,Hibernating,0.294,0.448,Settled,0
17727,New Customers,United Kingdom,15,1,1060.25,1060.25,,66,0,-1.076,-1.057,0.101,0.848,2.019,At Risk,0.296,0.436,Settled,0
17728,Champions,United Kingdom,4,5,4238.76,847.75,119.6,196,449,-1.822,0.303,1.102,1.437,1.748,New Customers,0.451,0.095,Borderline,1
17729,Hibernating,United Kingdom,596,1,438.65,438.65,,23,0,1.247,-1.057,-0.537,0.556,1.868,At Risk,0.229,0.574,Core,0
17730,Champions,United Kingdom,3,20,7773.8,388.69,16.0,177,586,-1.966,1.854,1.541,0.909,3.002,New Customers,0.232,0.547,Core,0
17731,At Risk,United Kingdom,79,6,1708.99,284.83,161.3,82,589,-0.043,0.494,0.446,0.479,1.352,New Customers,0.262,0.424,Settled,0
17732,At Risk,United Kingdom,373,8,2470.39,308.8,9.0,90,115,0.947,0.805,0.712,0.807,2.298,Champions,0.26,0.535,Core,0
17733,New Customers,United Kingdom,39,2,692.19,346.1,,33,222,-0.488,-0.555,-0.207,0.473,1.377,At Risk,0.256,0.399,Settled,0
17734,At Risk,United Kingdom,54,6,1442.32,240.39,89.6,76,588,-0.283,0.494,0.323,0.713,1.152,New Customers,0.382,0.262,Settled,0
17735,Champions,United Kingdom,2,26,17244.93,663.27,11.6,391,495,-2.15,2.165,2.117,1.416,3.578,At Risk,0.284,0.517,Core,0
17736,New Customers,United Kingdom,9,3,377.44,125.81,19.0,24,104,-1.377,-0.199,-0.645,0.642,2.128,At Risk,0.232,0.518,Core,0
17737,New Customers,United Kingdom,9,2,168.24,84.12,,8,49,-1.377,-0.555,-1.227,1.126,2.298,Hibernating,0.329,0.417,Settled,0
17738,Champions,United Kingdom,19,13,4183.56,321.81,52.0,173,611,-0.933,1.352,1.093,0.38,1.82,At Risk,0.173,0.453,Settled,0
17739,Champions,United Kingdom,12,18,7730.59,429.48,35.2,56,720,-1.209,1.73,1.536,0.274,2.418,At Risk,0.102,0.555,Core,0
17740,At Risk,United Kingdom,389,6,426.9,71.15,39.8,5,308,0.974,0.494,-0.556,1.167,1.402,Hibernating,0.454,0.121,Borderline,1
17741,Hibernating,United Kingdom,407,2,101.1,50.55,,6,153,1.003,-0.555,-1.592,0.765,2.279,At Risk,0.251,0.567,Core,0
17742,At Risk,United Kingdom,113,11,2098.48,190.77,56.8,52,625,0.185,1.161,0.594,0.909,1.568,Champions,0.367,0.353,Settled,0
17743,Hibernating,United Kingdom,448,1,229.2,229.2,,3,0,1.064,-1.057,-1.004,0.289,2.083,At Risk,0.122,0.669,Core,0
17744,Champions,United Kingdom,4,7,2649.14,378.45,75.2,121,377,-1.822,0.659,0.762,1.265,1.678,New Customers,0.43,0.147,Borderline,1
17745,Hibernating,United Kingdom,478,2,600.34,300.17,,27,78,1.106,-0.555,-0.31,0.705,1.334,At Risk,0.346,0.372,Settled,0
17746,At Risk,United Kingdom,240,4,904.18,226.04,95.0,32,370,0.665,0.077,-0.014,0.567,1.31,Hibernating,0.302,0.366,Settled,0
17747,Hibernating,United Kingdom,113,1,71.4,71.4,,1,0,0.185,-1.057,-1.841,1.182,2.065,New Customers,0.364,0.38,Settled,0
17748,Hibernating,United Kingdom,527,1,358.15,358.15,,17,0,1.168,-1.057,-0.683,0.414,1.915,At Risk,0.178,0.621,Core,0
17749,At Risk,United Kingdom,178,3,1026.18,342.06,106.0,52,368,0.474,-0.199,0.077,0.611,1.25,Hibernating,0.328,0.318,Settled,0
17750,Champions,United Kingdom,5,9,1781.28,197.92,5.6,100,158,-1.705,0.935,0.475,1.211,1.651,New Customers,0.423,0.161,Borderline,1
17751,Hibernating,United Kingdom,421,1,157.86,157.86,,31,0,1.025,-1.057,-1.273,0.444,2.265,At Risk,0.164,0.665,Core,0
17752,Hibernating,United Kingdom,359,1,80.64,80.64,,1,0,0.923,-1.057,-1.754,0.875,2.475,New Customers,0.261,0.583,Core,0
17753,Hibernating,United Kingdom,464,4,390.56,97.64,101.8,63,238,1.087,0.077,-0.62,1.003,1.281,At Risk,0.439,0.168,Borderline,1
17754,Champions,United Kingdom,1,13,4577.53,352.12,41.9,185,727,-2.41,1.352,1.158,1.306,2.651,New Customers,0.33,0.398,Settled,0
17756,At Risk,United Kingdom,376,3,733.7,244.57,0.5,54,18,0.952,-0.199,-0.165,0.956,0.994,Hibernating,0.49,0.002,Borderline,1
17757,Champions,United Kingdom,1,56,9418.5,168.19,8.3,361,693,-2.41,3.09,1.679,2.036,4.152,At Risk,0.329,0.459,Settled,0
17758,Champions,United Kingdom,19,12,5012.53,417.71,56.4,403,549,-0.933,1.26,1.223,0.368,1.821,At Risk,0.168,0.453,Settled,0
17759,New Customers,United Kingdom,17,5,1275.66,255.13,85.6,113,566,-1.0,0.303,0.234,0.782,1.405,At Risk,0.358,0.302,Settled,0
17760,New Customers,United Kingdom,22,6,918.93,153.16,135.6,58,627,-0.843,0.494,-0.003,0.836,1.324,At Risk,0.387,0.237,Borderline,1
17761,New Customers,United Kingdom,33,1,712.78,712.78,,19,0,-0.592,-1.057,-0.186,0.81,1.646,Hibernating,0.33,0.355,Settled,0
17762,Hibernating,United Kingdom,456,1,129.75,129.75,,16,0,1.076,-1.057,-1.413,0.582,2.387,At Risk,0.196,0.652,Core,0
17763,Hibernating,United Kingdom,263,4,86.15,21.54,182.4,11,395,0.724,0.077,-1.707,1.246,2.177,At Risk,0.364,0.369,Settled,0
17764,At Risk,United Kingdom,51,5,1623.64,324.73,23.5,126,685,-0.319,0.303,0.409,0.711,1.058,New Customers,0.402,0.219,Borderline,1
17765,At Risk,United Kingdom,159,4,530.8,132.7,67.5,71,289,0.402,0.077,-0.399,0.86,1.167,Hibernating,0.424,0.166,Borderline,1
17766,Hibernating,United Kingdom,381,2,299.61,149.8,,21,0,0.961,-0.555,-0.811,0.33,1.609,At Risk,0.17,0.561,Core,0
17767,New Customers,United Kingdom,15,2,413.05,206.52,,35,394,-1.076,-0.555,-0.58,0.459,1.973,At Risk,0.189,0.537,Core,0
17768,Champions,United Kingdom,8,7,3509.51,501.36,106.2,134,729,-1.445,0.659,0.966,1.011,1.644,New Customers,0.381,0.241,Borderline,1
17769,Champions,United Kingdom,13,17,7103.08,417.83,34.4,330,676,-1.161,1.663,1.475,0.175,2.319,At Risk,0.07,0.549,Core,0
17770,At Risk,United Kingdom,199,5,1143.27,228.65,24.7,33,83,0.545,0.303,0.155,0.319,1.608,New Customers,0.166,0.517,Core,0
17771,New Customers,United Kingdom,57,4,386.93,96.73,65.2,62,532,-0.249,0.077,-0.627,0.838,1.257,At Risk,0.4,0.197,Borderline,1
17772,New Customers,United Kingdom,11,3,384.77,128.26,191.0,94,381,-1.26,-0.199,-0.631,0.548,2.025,At Risk,0.213,0.52,Core,0
17773,Hibernating,United Kingdom,514,2,585.27,292.64,,48,175,1.152,-0.555,-0.328,0.707,1.37,At Risk,0.34,0.384,Settled,0
17774,At Risk,United Kingdom,97,9,3327.05,369.67,26.3,285,572,0.088,0.935,0.927,0.867,1.428,Champions,0.378,0.327,Settled,0
17775,Hibernating,United Kingdom,255,1,56.4,56.4,,3,0,0.704,-1.057,-2.009,1.136,2.493,New Customers,0.313,0.5,Core,0
17776,Hibernating,United Kingdom,387,2,337.3,168.65,,73,336,0.971,-0.555,-0.726,0.366,1.548,At Risk,0.191,0.542,Core,0
17777,New Customers,United Kingdom,25,3,665.86,221.95,23.0,141,75,-0.764,-0.199,-0.235,0.164,1.422,At Risk,0.103,0.462,Settled,0
17778,Hibernating,United Kingdom,662,1,197.7,197.7,,10,0,1.315,-1.057,-1.111,0.522,2.248,At Risk,0.189,0.648,Core,0
17779,New Customers,United Kingdom,21,3,658.57,219.52,5.0,73,122,-0.871,-0.199,-0.243,0.108,1.513,At Risk,0.067,0.488,Settled,0
17780,Hibernating,United Kingdom,667,3,352.91,117.64,8.5,76,17,1.319,-0.199,-0.693,0.824,1.54,At Risk,0.348,0.367,Settled,0
17781,Hibernating,United Kingdom,159,2,188.02,94.01,,12,93,0.402,-0.555,-1.147,0.616,1.594,New Customers,0.279,0.461,Settled,0
17782,Hibernating,United Kingdom,383,2,679.02,339.51,,29,0,0.964,-0.555,-0.221,0.752,1.213,At Risk,0.383,0.302,Settled,0
17783,New Customers,United Kingdom,72,3,379.91,126.64,45.0,91,440,-0.102,-0.199,-0.64,0.887,1.211,Hibernating,0.423,0.15,Borderline,1
17784,Hibernating,United Kingdom,550,1,112.86,112.86,,19,0,1.196,-1.057,-1.513,0.716,2.501,At Risk,0.223,0.634,Core,0
17785,New Customers,United Kingdom,53,3,403.38,134.46,136.0,48,512,-0.295,-0.199,-0.597,0.698,1.331,At Risk,0.344,0.299,Settled,0
17786,Hibernating,United Kingdom,85,2,278.74,139.37,,57,231,0.004,-0.555,-0.863,0.927,1.114,New Customers,0.454,0.137,Borderline,1
17787,At Risk,United Kingdom,153,4,2601.47,650.37,57.1,94,218,0.378,0.077,0.749,0.381,1.654,New Customers,0.187,0.515,Core,0
17788,New Customers,United Kingdom,74,2,1112.95,556.48,,2,55,-0.084,-0.555,0.136,0.923,1.014,At Risk,0.476,0.04,Borderline,1
17789,Hibernating,United Kingdom,281,2,397.15,198.58,,27,379,0.766,-0.555,-0.608,0.439,1.393,At Risk,0.24,0.479,Settled,0
17790,Champions,United Kingdom,27,20,2783.61,139.18,23.9,188,517,-0.717,1.854,0.798,0.764,1.951,At Risk,0.282,0.377,Settled,0
17791,New Customers,United Kingdom,30,1,106.1,106.1,,10,0,-0.651,-1.057,-1.558,1.532,1.674,Hibernating,0.478,0.063,Borderline,1
17792,Hibernating,United Kingdom,467,2,370.05,185.02,,45,11,1.091,-0.555,-0.659,0.446,1.549,At Risk,0.224,0.525,Core,0
17793,New Customers,United Kingdom,25,1,323.04,323.04,,49,0,-0.764,-1.057,-0.757,0.918,1.659,Hibernating,0.356,0.329,Settled,0
17794,Hibernating,United Kingdom,687,2,147.3,73.65,,7,1,1.338,-0.555,-1.322,0.695,2.167,At Risk,0.243,0.57,Core,0
17795,Hibernating,United Kingdom,180,2,350.39,175.2,,43,85,0.481,-0.555,-0.699,0.541,1.416,At Risk,0.276,0.44,Settled,0
17796,At Risk,United Kingdom,40,7,1361.99,194.57,94.5,149,381,-0.472,0.659,0.282,0.95,1.175,New Customers,0.447,0.153,Borderline,1
17797,Champions,United Kingdom,22,8,1985.87,248.23,74.4,222,701,-0.843,0.805,0.554,1.125,1.342,At Risk,0.456,0.066,Borderline,1
17798,Hibernating,United Kingdom,582,1,177.19,177.19,,42,0,1.232,-1.057,-1.19,0.496,2.271,At Risk,0.179,0.658,Core,0
17799,Champions,United Kingdom,22,20,6341.89,317.09,25.3,478,703,-0.843,1.854,1.393,0.43,2.211,At Risk,0.163,0.502,Core,0
17800,At Risk,United Kingdom,37,9,1198.01,133.11,20.4,50,296,-0.521,0.935,0.189,1.143,1.365,New Customers,0.456,0.142,Borderline,1
17801,At Risk,United Kingdom,451,3,798.33,266.11,22.0,66,240,1.069,-0.199,-0.104,0.994,1.055,Hibernating,0.485,0.018,Borderline,1
17802,At Risk,United Kingdom,82,10,5053.12,505.31,61.5,283,644,-0.019,1.053,1.229,1.176,1.222,Champions,0.49,0.101,Borderline,1
17803,Hibernating,United Kingdom,392,1,184.66,184.66,,27,0,0.979,-1.057,-1.16,0.339,2.168,At Risk,0.135,0.67,Core,0
17804,Hibernating,United Kingdom,376,3,385.23,128.41,25.0,82,362,0.952,-0.199,-0.63,0.72,1.299,At Risk,0.357,0.328,Settled,0
17805,New Customers,United Kingdom,74,2,927.03,463.52,,10,536,-0.084,-0.555,0.004,0.877,1.061,At Risk,0.453,0.095,Borderline,1
17806,New Customers,United Kingdom,11,1,546.04,546.04,,43,0,-1.26,-1.057,-0.379,0.849,2.21,Hibernating,0.278,0.479,Settled,0
17807,Hibernating,United Kingdom,395,3,437.87,145.96,29.5,88,309,0.984,-0.199,-0.538,0.764,1.239,At Risk,0.381,0.285,Settled,0
17808,Hibernating,United Kingdom,549,4,262.64,65.66,9.1,29,32,1.195,0.077,-0.906,0.991,1.577,At Risk,0.386,0.294,Settled,0
17809,Champions,United Kingdom,16,20,11337.39,566.87,28.2,59,720,-1.037,1.854,1.813,0.564,2.527,At Risk,0.182,0.531,Core,0
17810,Hibernating,United Kingdom,669,2,344.86,172.43,,50,15,1.321,-0.555,-0.71,0.573,1.7,At Risk,0.252,0.52,Core,0
17811,Champions,United Kingdom,4,47,9603.1,204.32,9.0,537,441,-1.822,2.877,1.693,1.543,3.63,At Risk,0.298,0.496,Settled,0
17812,New Customers,United Kingdom,13,7,1165.89,166.56,114.4,162,517,-1.161,0.659,0.169,1.085,1.477,Champions,0.423,0.222,Borderline,1
17813,New Customers,United Kingdom,14,5,1770.88,354.18,7.5,297,57,-1.117,0.303,0.471,0.967,1.508,At Risk,0.391,0.264,Settled,0
17814,At Risk,United Kingdom,375,2,1617.32,808.66,,112,47,0.951,-0.555,0.406,1.014,1.346,Hibernating,0.43,0.155,Borderline,1
17815,Hibernating,United Kingdom,393,1,591.96,591.96,,13,0,0.981,-1.057,-0.32,0.623,1.653,At Risk,0.274,0.502,Core,0
17816,New Customers,United Kingdom,37,6,112.32,18.72,97.2,41,687,-0.521,0.494,-1.517,1.548,2.042,Hibernating,0.431,0.182,Borderline,1
17817,New Customers,United Kingdom,4,6,807.85,134.64,101.2,115,417,-1.822,0.494,-0.096,1.239,1.917,Champions,0.393,0.303,Settled,0
17818,Hibernating,United Kingdom,738,1,130.18,130.18,,42,0,1.384,-1.057,-1.411,0.744,2.491,At Risk,0.23,0.624,Core,0
17819,Champions,United Kingdom,72,12,6612.52,551.04,39.2,66,654,-0.102,1.26,1.424,1.071,1.471,At Risk,0.421,0.118,Borderline,1
17820,Hibernating,United Kingdom,374,1,183.56,183.56,,39,0,0.949,-1.057,-1.164,0.334,2.163,At Risk,0.134,0.669,Core,0
17821,Hibernating,United Kingdom,406,1,334.62,334.62,,6,0,1.001,-1.057,-0.732,0.288,1.883,At Risk,0.133,0.637,Core,0
17822,At Risk,United Kingdom,420,5,2179.65,435.93,60.6,151,140,1.023,0.303,0.621,0.66,1.924,Hibernating,0.255,0.499,Settled,0
17823,Hibernating,United Kingdom,421,2,494.25,247.12,,88,0,1.025,-0.555,-0.45,0.566,1.378,At Risk,0.291,0.443,Settled,0
17824,New Customers,United Kingdom,51,1,298.4,298.4,,13,0,-0.319,-1.057,-0.814,1.102,1.216,Hibernating,0.475,0.05,Borderline,1
17825,At Risk,United Kingdom,599,4,731.96,182.99,59.9,24,126,1.251,0.077,-0.167,1.07,1.25,Hibernating,0.461,0.096,Borderline,1
17826,Hibernating,United Kingdom,374,1,134.59,134.59,,33,0,0.949,-1.057,-1.387,0.527,2.29,New Customers,0.187,0.651,Core,0
17827,Champions,United Kingdom,5,6,2388.05,398.01,110.6,240,616,-1.705,0.494,0.687,1.366,1.475,New Customers,0.481,0.01,Borderline,1
17828,New Customers,Malta,23,4,1165.09,291.27,30.2,53,162,-0.815,0.077,0.169,0.568,1.253,At Risk,0.312,0.323,Settled,0
17829,At Risk,United Arab Emirates,299,5,4756.74,951.35,61.6,121,356,0.806,0.303,1.185,0.859,2.298,New Customers,0.272,0.519,Core,0
17830,New Customers,United Kingdom,2,3,398.7,132.9,116.5,18,287,-2.15,-0.199,-0.605,1.317,2.788,At Risk,0.321,0.461,Settled,0
17831,Hibernating,United Kingdom,33,1,35.4,35.4,,2,0,-0.592,-1.057,-2.338,2.063,2.245,New Customers,0.479,0.083,Borderline,1
17832,Hibernating,United Kingdom,50,1,155.37,155.37,,61,0,-0.332,-1.057,-1.284,1.283,1.399,New Customers,0.478,0.076,Borderline,1
17833,Hibernating,United Kingdom,723,1,342.36,342.36,,28,0,1.371,-1.057,-0.715,0.563,2.024,At Risk,0.218,0.6,Core,0
17834,Hibernating,United Kingdom,415,2,730.47,365.24,,54,30,1.015,-0.555,-0.168,0.808,1.211,At Risk,0.4,0.273,Settled,0
17835,New Customers,United Kingdom,3,3,350.64,116.88,3.5,45,20,-1.966,-0.199,-0.698,1.174,2.659,At Risk,0.306,0.476,Settled,0
17836,Hibernating,United Kingdom,47,1,109.83,109.83,,22,0,-0.371,-1.057,-1.533,1.412,1.579,New Customers,0.472,0.097,Borderline,1
17837,At Risk,United Kingdom,42,8,1587.48,198.44,23.0,109,120,-0.441,0.805,0.392,0.979,1.356,New Customers,0.419,0.225,Borderline,1
17838,Champions,United Kingdom,27,13,6722.9,517.15,56.0,141,604,-0.717,1.352,1.436,0.463,1.832,At Risk,0.202,0.429,Settled,0
17839,New Customers,United Kingdom,42,1,338.8,338.8,,50,0,-0.441,-1.057,-0.723,0.997,1.345,Hibernating,0.426,0.173,Borderline,1
17840,Hibernating,United Kingdom,444,1,185.72,185.72,,44,0,1.059,-1.057,-1.156,0.368,2.188,At Risk,0.144,0.67,Core,0
17841,Champions,United Kingdom,2,211,70858.77,335.82,2.1,2115,735,-2.15,4.717,3.138,3.783,5.776,At Risk,0.396,0.332,Settled,0
17842,Hibernating,United Kingdom,602,1,430.69,430.69,,18,0,1.254,-1.057,-0.55,0.552,1.878,At Risk,0.227,0.578,Core,0
17843,Hibernating,United Kingdom,303,2,318.48,159.24,,57,108,0.814,-0.555,-0.767,0.341,1.529,At Risk,0.182,0.537,Core,0
17844,Hibernating,Canada,107,1,51.56,51.56,,5,0,0.15,-1.057,-2.072,1.391,2.233,New Customers,0.384,0.345,Settled,0
17845,At Risk,United Kingdom,555,4,598.19,149.55,9.9,42,21,1.202,0.077,-0.313,1.123,1.155,Hibernating,0.493,0.009,Borderline,1
17847,Hibernating,United Kingdom,516,2,125.74,62.87,,8,129,1.155,-0.555,-1.436,0.675,2.19,At Risk,0.236,0.579,Core,0
17848,Champions,United Kingdom,81,30,3619.75,120.66,20.7,104,652,-0.027,2.336,0.988,1.413,2.161,At Risk,0.395,0.225,Borderline,1
17849,At Risk,United Kingdom,218,8,1063.76,132.97,43.9,24,416,0.604,0.805,0.103,0.648,1.892,New Customers,0.255,0.507,Core,0
17850,Champions,United Kingdom,372,155,56600.08,365.16,10.8,100,362,0.945,4.337,2.976,3.844,4.811,At Risk,0.444,0.182,Borderline,1
17851,At Risk,United Kingdom,422,6,1563.34,260.56,62.9,185,313,1.026,0.494,0.381,0.669,1.873,Hibernating,0.263,0.488,Settled,0
17852,New Customers,United Kingdom,12,5,663.21,132.64,177.1,82,719,-1.209,0.303,-0.238,0.688,1.735,At Risk,0.284,0.425,Settled,0
17853,At Risk,United Kingdom,407,3,1608.19,536.06,95.5,84,329,1.003,-0.199,0.402,0.784,1.468,Hibernating,0.348,0.328,Settled,0
17854,At Risk,United Kingdom,185,6,1071.45,178.58,97.1,113,546,0.499,0.494,0.108,0.399,1.639,New Customers,0.196,0.52,Core,0
17855,Hibernating,United Kingdom,373,1,417.94,417.94,,17,0,0.947,-1.057,-0.571,0.391,1.771,At Risk,0.181,0.595,Core,0
17856,New Customers,United Kingdom,2,4,1418.03,354.51,98.2,12,279,-2.15,0.077,0.311,1.431,2.065,Champions,0.409,0.278,Settled,0
17857,Champions,United Kingdom,4,23,27104.74,1178.47,56.2,20,637,-1.822,2.019,2.443,1.374,3.454,At Risk,0.285,0.504,Core,0
17858,Champions,United Kingdom,6,30,12797.65,426.59,21.3,173,727,-1.606,2.336,1.901,1.076,3.214,At Risk,0.251,0.539,Core,0
17859,Hibernating,United Kingdom,305,1,148.21,148.21,,23,0,0.818,-1.057,-1.318,0.463,2.152,New Customers,0.177,0.64,Core,0
17860,At Risk,United Kingdom,369,4,1015.54,253.88,129.6,127,359,0.94,0.077,0.07,0.693,1.353,Hibernating,0.339,0.336,Settled,0
17861,Champions,United Kingdom,3,18,5127.69,284.87,31.9,329,726,-1.966,1.73,1.24,0.862,2.74,New Customers,0.239,0.52,Core,0
17862,At Risk,United Kingdom,324,4,1279.09,319.77,67.3,90,239,0.857,0.077,0.236,0.549,1.476,Hibernating,0.271,0.427,Settled,0
17863,Champions,United Kingdom,59,12,5745.2,478.77,27.2,154,593,-0.227,1.26,1.322,0.948,1.453,At Risk,0.395,0.166,Borderline,1
17864,New Customers,United Kingdom,13,5,924.32,184.86,53.2,93,414,-1.161,0.303,0.002,0.711,1.611,At Risk,0.306,0.393,Settled,0
17865,Champions,United Kingdom,31,46,26372.29,573.31,15.1,390,708,-0.631,2.851,2.424,1.765,3.401,At Risk,0.342,0.407,Settled,0
17866,At Risk,United Kingdom,143,3,1134.95,378.32,50.5,20,582,0.335,-0.199,0.15,0.568,1.289,New Customers,0.306,0.373,Settled,0
17867,Champions,United Kingdom,30,14,1599.95,114.28,42.9,117,707,-0.651,1.437,0.398,1.077,1.55,At Risk,0.41,0.156,Borderline,1
17868,Hibernating,United Kingdom,386,1,234.65,234.65,,18,0,0.969,-1.057,-0.987,0.232,2.042,At Risk,0.102,0.668,Core,0
17869,At Risk,United Kingdom,107,7,1036.16,148.02,43.8,72,440,0.15,0.659,0.084,0.563,1.455,New Customers,0.279,0.422,Settled,0
17870,Champions,United Kingdom,2,13,3108.15,239.09,60.9,215,379,-2.15,1.352,0.878,1.139,2.366,New Customers,0.325,0.388,Settled,0
17871,At Risk,United Kingdom,205,5,1118.99,223.8,68.5,64,488,0.564,0.303,0.14,0.342,1.594,Hibernating,0.177,0.51,Core,0
17872,Hibernating,United Kingdom,382,1,235.87,235.87,,15,0,0.962,-1.057,-0.984,0.228,2.037,At Risk,0.101,0.667,Core,0
17873,Champions,United Kingdom,80,18,6386.5,354.81,30.2,64,643,-0.035,1.73,1.398,1.116,1.785,At Risk,0.385,0.219,Borderline,1
17874,At Risk,United Kingdom,185,6,683.46,113.91,17.4,37,70,0.499,0.494,-0.216,0.69,1.566,Hibernating,0.306,0.398,Settled,0
17875,Hibernating,United Kingdom,688,1,167.1,167.1,,25,0,1.339,-1.057,-1.232,0.6,2.343,At Risk,0.204,0.642,Core,0
17876,At Risk,United Kingdom,400,3,3424.02,1141.34,65.0,3,275,0.992,-0.199,0.948,0.93,1.969,Hibernating,0.321,0.411,Settled,0
17877,Hibernating,United Kingdom,170,1,237.61,237.61,,12,0,0.445,-1.057,-0.978,0.481,1.697,New Customers,0.221,0.536,Core,0
17878,New Customers,United Kingdom,44,3,1412.33,470.78,176.0,82,351,-0.412,-0.199,0.308,0.736,0.948,At Risk,0.437,0.104,Borderline,1
17879,Hibernating,United Kingdom,174,1,178.52,178.52,,6,0,0.46,-1.057,-1.184,0.54,1.807,New Customers,0.23,0.544,Core,0
17880,At Risk,United Kingdom,365,3,824.92,274.97,92.0,43,365,0.933,-0.199,-0.081,0.893,1.057,Hibernating,0.458,0.084,Borderline,1
17881,Hibernating,United Kingdom,304,1,133.35,133.35,,8,0,0.816,-1.057,-1.394,0.532,2.189,New Customers,0.196,0.63,Core,0
17882,Hibernating,United Kingdom,379,2,313.46,156.73,,47,0,0.957,-0.555,-0.779,0.34,1.583,At Risk,0.177,0.554,Core,0
17883,New Customers,United Kingdom,3,7,995.85,142.26,99.4,155,648,-1.966,0.659,0.055,1.477,1.777,Champions,0.454,0.165,Borderline,1
17884,Champions,United Kingdom,4,20,3067.89,153.39,67.9,304,731,-1.822,1.854,0.868,0.901,2.603,New Customers,0.257,0.487,Settled,0
17885,New Customers,United Kingdom,12,1,190.19,190.19,,50,0,-1.209,-1.057,-1.139,1.212,2.109,Hibernating,0.365,0.35,Settled,0
17886,At Risk,United Kingdom,32,6,1608.38,268.06,66.2,138,557,-0.611,0.494,0.402,1.023,1.064,New Customers,0.49,0.048,Borderline,1
17887,Hibernating,United Kingdom,129,1,111.35,111.35,,10,0,0.269,-1.057,-1.523,0.891,1.881,New Customers,0.321,0.442,Settled,0
17888,Champions,United Kingdom,21,25,1820.44,72.82,25.4,145,696,-0.871,2.118,0.491,1.074,2.222,At Risk,0.326,0.349,Settled,0
17889,At Risk,United Kingdom,212,7,774.87,110.7,81.6,97,406,0.586,0.659,-0.126,0.698,1.732,Hibernating,0.287,0.441,Settled,0
17890,Hibernating,United Kingdom,323,2,602.09,301.04,,88,38,0.855,-0.555,-0.308,0.669,1.217,At Risk,0.355,0.341,Settled,0
17891,Hibernating,United Kingdom,162,1,203.86,203.86,,34,0,0.414,-1.057,-1.089,0.536,1.725,New Customers,0.237,0.525,Core,0
17892,New Customers,United Kingdom,56,3,244.1,81.37,48.5,27,99,-0.26,-0.199,-0.959,0.958,1.318,Hibernating,0.421,0.164,Borderline,1
17893,Hibernating,United Kingdom,225,1,112.25,112.25,,15,0,0.624,-1.057,-1.517,0.693,2.115,New Customers,0.247,0.567,Core,0
17894,Champions,United Kingdom,72,18,2452.96,136.28,43.2,214,397,-0.102,1.73,0.707,1.234,1.546,At Risk,0.444,0.072,Borderline,1
17895,Hibernating,United Kingdom,44,1,98.0,98.0,,15,0,-0.412,-1.057,-1.614,1.486,1.634,New Customers,0.476,0.085,Borderline,1
17896,New Customers,United Kingdom,23,1,256.32,256.32,,2,0,-0.815,-1.057,-0.924,1.016,1.704,Hibernating,0.374,0.307,Settled,0
17897,At Risk,United Kingdom,173,9,2538.15,282.02,66.3,210,403,0.456,0.935,0.731,0.714,1.811,Champions,0.283,0.482,Settled,0
17898,New Customers,United Kingdom,85,4,299.18,74.8,59.7,48,481,0.004,0.077,-0.812,1.125,1.286,Hibernating,0.467,0.058,Borderline,1
17899,Hibernating,United Kingdom,159,1,155.8,155.8,,29,0,0.402,-1.057,-1.282,0.639,1.819,New Customers,0.26,0.516,Core,0
17900,Hibernating,United Kingdom,190,2,112.2,56.1,,4,0,0.516,-0.555,-1.518,0.776,1.912,New Customers,0.289,0.486,Settled,0
17901,New Customers,United Kingdom,29,3,260.08,86.69,246.0,22,492,-0.672,-0.199,-0.913,0.712,1.685,Hibernating,0.297,0.396,Settled,0
17902,Hibernating,United Kingdom,547,1,216.4,216.4,,24,0,1.192,-1.057,-1.046,0.397,2.156,At Risk,0.156,0.662,Core,0
17903,Hibernating,United Kingdom,394,1,381.09,381.09,,44,0,0.982,-1.057,-0.638,0.345,1.82,At Risk,0.16,0.615,Core,0
17904,New Customers,United Kingdom,21,1,191.67,191.67,,33,0,-0.871,-1.057,-1.133,1.164,1.774,Hibernating,0.396,0.271,Settled,0
17905,At Risk,United Kingdom,71,13,2373.02,182.54,53.4,128,608,-0.11,1.352,0.683,1.2,1.239,Champions,0.492,0.098,Borderline,1
17906,Hibernating,United Kingdom,247,1,72.9,72.9,,12,0,0.683,-1.057,-1.826,0.963,2.353,New Customers,0.29,0.53,Core,0
17907,Hibernating,United Kingdom,641,1,291.76,291.76,,13,0,1.294,-1.057,-0.831,0.466,2.057,At Risk,0.185,0.632,Core,0
17908,At Risk,United Kingdom,374,5,1411.54,282.31,26.4,178,351,0.949,0.303,0.307,0.572,1.681,Hibernating,0.254,0.474,Settled,0
17909,Hibernating,United Kingdom,737,1,132.55,132.55,,8,0,1.383,-1.057,-1.398,0.735,2.481,At Risk,0.228,0.625,Core,0
17910,Hibernating,United Kingdom,726,1,261.7,261.7,,25,0,1.374,-1.057,-0.909,0.534,2.141,At Risk,0.2,0.628,Core,0
17911,New Customers,United Kingdom,9,1,366.23,366.23,,39,0,-1.377,-1.057,-0.667,0.991,2.275,Hibernating,0.303,0.455,Settled,0
17912,At Risk,United Kingdom,310,6,372.55,62.09,18.4,47,65,0.829,0.494,-0.654,1.191,1.379,Hibernating,0.463,0.097,Borderline,1
17913,Champions,United Kingdom,59,14,3475.44,248.25,73.0,223,677,-0.227,1.437,0.959,0.994,1.405,At Risk,0.414,0.124,Borderline,1
17914,New Customers,United Kingdom,4,1,336.43,336.43,,72,0,-1.822,-1.057,-0.728,1.293,2.712,Hibernating,0.323,0.451,Settled,0
17915,Hibernating,United Kingdom,551,1,242.13,242.13,,27,0,1.197,-1.057,-0.965,0.38,2.103,At Risk,0.153,0.658,Core,0
17916,Hibernating,United Kingdom,629,2,43.87,21.94,,15,104,1.282,-0.555,-2.187,1.381,2.894,At Risk,0.323,0.489,Settled,0
17917,New Customers,United Kingdom,45,3,341.28,113.76,52.5,77,317,-0.398,-0.199,-0.718,0.69,1.449,Hibernating,0.323,0.335,Settled,0
17918,Hibernating,United Kingdom,501,3,388.44,129.48,1.5,33,4,1.136,-0.199,-0.624,0.764,1.384,At Risk,0.356,0.341,Settled,0
17919,At Risk,United Kingdom,88,2,1840.32,920.16,,37,350,0.026,-0.555,0.499,0.923,1.204,New Customers,0.434,0.167,Borderline,1
17920,Champions,United Kingdom,4,54,24492.66,453.57,17.3,714,729,-1.822,3.046,2.37,1.943,4.03,At Risk,0.325,0.466,Settled,0
17921,At Risk,United Kingdom,64,10,2423.5,242.35,41.0,230,447,-0.176,1.053,0.698,0.987,1.259,Champions,0.439,0.211,Borderline,1
17922,Hibernating,United Kingdom,543,1,170.4,170.4,,8,0,1.188,-1.057,-1.218,0.483,2.275,At Risk,0.175,0.661,Core,0
17923,Hibernating,United Kingdom,282,3,497.0,165.67,114.0,2,262,0.768,-0.199,-0.446,0.812,1.075,At Risk,0.43,0.182,Borderline,1
17924,Champions,United Kingdom,12,8,3536.7,442.09,75.6,27,402,-1.209,0.805,0.971,0.832,1.677,New Customers,0.332,0.323,Settled,0
17925,Hibernating,United Kingdom,373,1,488.16,488.16,,1,0,0.947,-1.057,-0.459,0.49,1.71,At Risk,0.223,0.557,Core,0
17926,At Risk,United Kingdom,133,5,1035.49,207.1,82.0,27,446,0.288,0.303,0.084,0.365,1.364,New Customers,0.211,0.457,Settled,0
17927,Hibernating,United Kingdom,722,1,294.0,294.0,,10,0,1.37,-1.057,-0.825,0.536,2.088,At Risk,0.204,0.619,Core,0
17928,New Customers,United Kingdom,45,3,313.16,104.39,62.0,26,525,-0.398,-0.199,-0.78,0.734,1.442,Hibernating,0.337,0.315,Settled,0
17929,Champions,United Kingdom,11,12,3082.1,256.84,46.8,6,719,-1.26,1.26,0.872,0.573,1.958,New Customers,0.226,0.457,Settled,0
17930,Champions,United Kingdom,36,13,4275.22,328.86,40.9,39,609,-0.538,1.352,1.108,0.672,1.564,At Risk,0.3,0.314,Settled,0
17931,At Risk,United Kingdom,134,14,3437.29,245.52,44.1,274,527,0.293,1.437,0.951,1.262,1.486,Champions,0.459,0.175,Borderline,1
17932,New Customers,United Kingdom,29,3,1331.57,443.86,53.0,84,182,-0.672,-0.199,0.265,0.563,1.182,At Risk,0.323,0.293,Settled,0
17933,Hibernating,United Kingdom,632,1,105.99,105.99,,11,0,1.285,-1.057,-1.558,0.796,2.566,At Risk,0.237,0.621,Core,0
17934,New Customers,United Kingdom,52,3,1049.15,349.72,170.5,36,354,-0.307,-0.199,0.093,0.68,0.918,At Risk,0.426,0.118,Borderline,1
17935,At Risk,United Kingdom,138,7,683.24,97.61,101.5,59,596,0.312,0.659,-0.217,0.752,1.54,New Customers,0.328,0.381,Settled,0
17936,New Customers,United Kingdom,5,1,389.84,389.84,,68,0,-1.705,-1.057,-0.622,1.173,2.605,Hibernating,0.31,0.464,Settled,0
17937,Champions,United Kingdom,9,7,4301.22,614.46,45.9,19,353,-1.377,0.659,1.113,0.945,1.735,New Customers,0.353,0.293,Settled,0
17938,Hibernating,United Kingdom,420,1,144.29,144.29,,29,0,1.023,-1.057,-1.337,0.498,2.313,At Risk,0.177,0.66,Core,0
17939,Hibernating,United Kingdom,160,1,99.14,99.14,,12,0,0.406,-1.057,-1.606,0.869,2.024,New Customers,0.3,0.487,Settled,0
17940,Champions,United Kingdom,49,14,28475.98,2034.0,44.3,9,687,-0.344,1.437,2.479,1.376,2.458,At Risk,0.359,0.316,Settled,0
17941,At Risk,United Kingdom,131,4,1433.28,358.32,190.7,5,571,0.279,0.077,0.318,0.267,1.351,New Customers,0.165,0.471,Settled,0
17942,New Customers,United Kingdom,8,1,77.5,77.5,,2,0,-1.445,-1.057,-1.782,1.801,2.491,Hibernating,0.42,0.243,Borderline,1
17944,Hibernating,United Kingdom,423,1,75.41,75.41,,24,0,1.028,-1.057,-1.802,0.932,2.581,New Customers,0.265,0.584,Core,0
17945,Hibernating,United Kingdom,697,3,359.5,119.83,0.0,65,0,1.348,-0.199,-0.68,0.843,1.548,At Risk,0.352,0.361,Settled,0
17946,Hibernating,United Kingdom,233,2,149.58,74.79,,18,26,0.646,-0.555,-1.311,0.561,1.886,New Customers,0.229,0.55,Core,0
17947,New Customers,United Kingdom,37,1,176.68,176.68,,9,0,-0.521,-1.057,-1.192,1.264,1.441,Hibernating,0.467,0.086,Borderline,1
17948,Hibernating,United Kingdom,147,1,358.56,358.56,,1,0,0.352,-1.057,-0.682,0.602,1.515,New Customers,0.284,0.451,Settled,0
17949,Champions,United Kingdom,1,116,109147.48,940.93,9.3,56,736,-2.41,3.981,3.451,3.462,5.529,At Risk,0.385,0.358,Settled,0
17950,At Risk,United Kingdom,72,7,1432.81,204.69,95.1,133,631,-0.102,0.659,0.318,0.626,1.366,New Customers,0.314,0.379,Settled,0
17951,New Customers,United Kingdom,40,4,1636.08,409.02,139.7,24,364,-0.472,0.077,0.414,0.868,0.889,At Risk,0.494,-0.011,Borderline,1
17952,At Risk,United Kingdom,378,4,819.61,204.9,76.8,85,163,0.956,0.077,-0.085,0.796,1.247,Hibernating,0.39,0.245,Borderline,1
17953,Hibernating,United Kingdom,540,1,150.32,150.32,,19,0,1.184,-1.057,-1.308,0.544,2.34,At Risk,0.189,0.656,Core,0
17954,Champions,United Kingdom,5,19,3963.5,208.61,35.0,478,725,-1.705,1.794,1.054,0.696,2.6,New Customers,0.211,0.53,Core,0
17955,At Risk,United Kingdom,199,6,949.9,158.32,171.5,16,466,0.545,0.494,0.021,0.485,1.663,New Customers,0.226,0.493,Settled,0
17956,Hibernating,United Kingdom,249,1,12.75,12.75,,1,0,0.689,-1.057,-3.042,2.156,3.298,New Customers,0.395,0.339,Settled,0
17957,Hibernating,United Kingdom,66,1,110.72,110.72,,30,0,-0.157,-1.057,-1.527,1.223,1.657,New Customers,0.425,0.226,Borderline,1
17958,At Risk,United Kingdom,117,2,973.88,486.94,,35,611,0.207,-0.555,0.039,0.951,1.158,New Customers,0.451,0.116,Borderline,1
17959,Hibernating,United Kingdom,592,1,140.75,140.75,,2,0,1.243,-1.057,-1.355,0.614,2.396,At Risk,0.204,0.647,Core,0
17960,Hibernating,United Kingdom,171,3,135.08,45.03,116.0,37,470,0.449,-0.199,-1.384,0.925,1.76,New Customers,0.344,0.387,Settled,0
17961,Champions,United Kingdom,21,100,2995.54,29.96,7.5,486,717,-0.871,3.798,0.851,2.33,3.752,At Risk,0.383,0.323,Settled,0
17962,At Risk,United Kingdom,142,4,686.37,171.59,168.4,145,552,0.33,0.077,-0.213,0.684,1.277,New Customers,0.349,0.306,Settled,0
17963,At Risk,United Kingdom,471,4,651.51,162.88,49.9,98,217,1.097,0.077,-0.251,1.006,1.164,Hibernating,0.464,0.086,Borderline,1
17964,New Customers,United Kingdom,32,2,733.46,366.73,,84,340,-0.611,-0.555,-0.165,0.381,1.441,At Risk,0.209,0.437,Settled,0
17965,Champions,United Kingdom,38,29,7237.23,249.56,19.9,587,687,-0.504,2.296,1.489,0.993,2.436,At Risk,0.29,0.422,Settled,0
17966,Champions,United Kingdom,38,10,1974.42,197.44,98.3,82,652,-0.504,1.053,0.55,1.132,1.182,At Risk,0.489,-0.044,Borderline,1
17967,Hibernating,United Kingdom,372,2,357.29,178.64,,59,44,0.945,-0.555,-0.684,0.382,1.508,At Risk,0.202,0.529,Core,0
17968,At Risk,United Kingdom,374,4,888.04,222.01,54.5,106,138,0.949,0.077,-0.027,0.755,1.286,Hibernating,0.37,0.282,Settled,0
17969,At Risk,United Kingdom,166,20,2369.94,118.5,48.6,113,566,0.43,1.854,0.682,1.584,1.731,Champions,0.478,0.124,Borderline,1
17970,Hibernating,United Kingdom,211,1,582.59,582.59,,27,0,0.583,-1.057,-0.332,0.672,1.561,At Risk,0.301,0.447,Settled,0
17971,Hibernating,United Kingdom,548,1,161.94,161.94,,21,0,1.193,-1.057,-1.254,0.512,2.304,At Risk,0.182,0.659,Core,0
17972,Hibernating,United Kingdom,242,1,136.04,136.04,,30,0,0.67,-1.057,-1.379,0.555,2.07,New Customers,0.212,0.599,Core,0
17973,New Customers,United Kingdom,52,1,337.04,337.04,,15,0,-0.307,-1.057,-0.727,1.066,1.213,Hibernating,0.468,0.068,Borderline,1
17974,New Customers,United Kingdom,25,6,1858.06,309.68,75.2,279,382,-0.764,0.494,0.506,1.103,1.175,At Risk,0.484,0.024,Borderline,1
17975,Champions,United Kingdom,15,24,7025.53,292.73,14.9,242,475,-1.076,2.07,1.467,0.546,2.527,At Risk,0.178,0.534,Core,0
17976,Hibernating,United Kingdom,372,1,706.38,706.38,,56,0,0.945,-1.057,-0.193,0.74,1.586,At Risk,0.318,0.439,Settled,0
17977,New Customers,United Kingdom,29,2,1565.63,782.82,,94,370,-0.672,-0.555,0.382,0.708,1.359,At Risk,0.342,0.297,Settled,0
17978,At Risk,United Kingdom,365,4,1461.76,365.44,108.6,62,366,0.933,0.077,0.333,0.591,1.553,Hibernating,0.276,0.434,Settled,0
17979,New Customers,United Kingdom,36,4,754.31,188.58,55.5,115,224,-0.538,0.077,-0.145,0.528,1.115,At Risk,0.322,0.275,Settled,0
17980,At Risk,United Kingdom,166,4,1033.42,258.36,55.9,41,227,0.43,0.077,0.082,0.413,1.41,New Customers,0.226,0.451,Settled,0
17981,Hibernating,United Kingdom,411,1,239.12,239.12,,17,0,1.009,-1.057,-0.974,0.246,2.044,At Risk,0.108,0.668,Core,0
17982,Hibernating,United Kingdom,681,1,138.18,138.18,,13,0,1.333,-1.057,-1.368,0.68,2.439,At Risk,0.218,0.635,Core,0
17983,Hibernating,United Kingdom,395,1,171.71,171.71,,23,0,0.984,-1.057,-1.212,0.381,2.208,At Risk,0.147,0.668,Core,0
17984,At Risk,United Kingdom,145,5,1187.77,237.55,102.4,208,593,0.343,0.303,0.183,0.256,1.438,New Customers,0.151,0.499,Settled,0
17985,New Customers,United Kingdom,22,1,634.95,634.95,,20,0,-0.843,-1.057,-0.27,0.753,1.843,Hibernating,0.29,0.427,Settled,0
17986,Hibernating,United Kingdom,56,1,20.8,20.8,,1,0,-0.26,-1.057,-2.709,2.143,2.652,New Customers,0.447,0.188,Borderline,1
17987,At Risk,United Kingdom,185,5,1003.64,200.73,80.6,139,365,0.499,0.303,0.061,0.388,1.545,New Customers,0.201,0.491,Settled,0
17988,New Customers,United Kingdom,12,13,485.69,37.36,72.5,114,720,-1.209,1.352,-0.463,1.703,1.83,Champions,0.482,0.084,Borderline,1
17989,Hibernating,United Kingdom,379,1,228.83,228.83,,26,0,0.957,-1.057,-1.006,0.235,2.051,At Risk,0.103,0.668,Core,0
17990,At Risk,United Kingdom,237,6,1527.61,254.6,73.9,40,495,0.657,0.494,0.364,0.342,1.843,New Customers,0.157,0.566,Core,0
17991,Hibernating,United Kingdom,225,3,318.9,106.3,182.0,36,366,0.624,-0.199,-0.766,0.722,1.317,At Risk,0.354,0.325,Settled,0
17992,Hibernating,United Kingdom,389,1,254.13,254.13,,49,0,0.974,-1.057,-0.93,0.22,2.004,At Risk,0.099,0.664,Core,0
17993,Hibernating,United Kingdom,617,1,235.19,235.19,,60,0,1.269,-1.057,-0.986,0.446,2.145,At Risk,0.172,0.651,Core,0
17994,At Risk,United Kingdom,122,11,2307.32,209.76,33.1,226,499,0.233,1.161,0.662,0.914,1.578,Champions,0.367,0.354,Settled,0
17995,Hibernating,United Kingdom,282,3,495.48,165.16,48.0,28,105,0.768,-0.199,-0.449,0.811,1.077,At Risk,0.429,0.183,Borderline,1
17996,Hibernating,United Kingdom,380,3,469.73,156.58,83.5,62,166,0.959,-0.199,-0.487,0.786,1.188,At Risk,0.398,0.252,Settled,0
17997,At Risk,United Kingdom,74,8,1970.67,246.33,10.3,133,89,-0.084,0.805,0.549,0.71,1.514,Champions,0.319,0.414,Settled,0
17998,Hibernating,United Kingdom,380,3,639.24,213.08,178.0,57,358,0.959,-0.199,-0.265,0.923,1.025,At Risk,0.474,0.089,Borderline,1
17999,New Customers,United Kingdom,37,3,730.9,243.63,158.5,125,341,-0.521,-0.199,-0.168,0.39,1.197,At Risk,0.246,0.356,Settled,0
18000,Hibernating,United Kingdom,564,1,124.25,124.25,,6,0,1.212,-1.057,-1.444,0.666,2.453,At Risk,0.214,0.641,Core,0
18001,New Customers,United Kingdom,12,6,953.84,158.97,124.9,120,725,-1.209,0.494,0.024,0.902,1.664,At Risk,0.352,0.34,Settled,0
18002,Hibernating,United Kingdom,376,4,243.17,60.79,23.3,51,355,0.952,0.077,-0.962,0.944,1.519,At Risk,0.383,0.293,Settled,0
18003,Hibernating,United Kingdom,376,1,358.61,358.61,,23,0,0.952,-1.057,-0.682,0.304,1.837,At Risk,0.142,0.625,Core,0
18004,Hibernating,United Kingdom,362,1,169.47,169.47,,32,0,0.928,-1.057,-1.222,0.377,2.195,New Customers,0.147,0.666,Core,0
18005,New Customers,United Kingdom,4,2,249.72,124.86,,52,43,-1.822,-0.555,-0.943,1.193,2.717,Hibernating,0.305,0.48,Settled,0
18006,New Customers,United Kingdom,23,4,997.86,249.46,103.3,57,699,-0.815,0.077,0.057,0.492,1.282,At Risk,0.278,0.357,Settled,0
18007,Hibernating,United Kingdom,393,1,220.32,220.32,,46,0,0.981,-1.057,-1.033,0.257,2.077,At Risk,0.11,0.67,Core,0
18008,Champions,United Kingdom,70,23,19787.13,860.31,32.2,77,632,-0.119,2.019,2.216,1.414,2.535,At Risk,0.358,0.328,Settled,0
18009,At Risk,United Kingdom,235,8,2155.83,269.48,101.8,145,417,0.652,0.805,0.613,0.605,2.068,Champions,0.226,0.557,Core,0
18010,Hibernating,United Kingdom,257,1,174.8,174.8,,14,0,0.709,-1.057,-1.199,0.393,2.007,New Customers,0.164,0.627,Core,0
18011,Hibernating,United Kingdom,373,2,527.03,263.52,,63,194,0.947,-0.555,-0.404,0.589,1.314,At Risk,0.31,0.413,Settled,0
18012,Hibernating,United Kingdom,723,1,115.3,115.3,,13,0,1.371,-1.057,-1.498,0.798,2.551,At Risk,0.238,0.618,Core,0
18013,Hibernating,United Kingdom,155,2,187.29,93.65,,31,0,0.386,-0.555,-1.15,0.63,1.583,New Customers,0.285,0.453,Settled,0
18014,New Customers,United Kingdom,28,1,158.47,158.47,,28,0,-0.694,-1.057,-1.27,1.286,1.625,Hibernating,0.442,0.161,Borderline,1
18015,New Customers,United Kingdom,4,1,120.03,120.03,,46,0,-1.822,-1.057,-1.469,1.714,2.765,Hibernating,0.383,0.338,Settled,0
18016,At Risk,United Kingdom,32,7,1960.46,280.07,80.3,115,648,-0.611,0.659,0.545,1.073,1.277,New Customers,0.457,0.138,Borderline,1
18017,At Risk,United Kingdom,81,4,688.0,172.0,21.9,1,350,-0.027,0.077,-0.212,0.798,0.943,New Customers,0.458,0.113,Borderline,1
18018,Hibernating,United Kingdom,108,4,297.99,74.5,73.7,43,312,0.156,0.077,-0.815,1.187,1.25,New Customers,0.487,0.065,Borderline,1
18019,Hibernating,United Kingdom,52,1,38.45,38.45,,5,0,-0.307,-1.057,-2.28,1.827,2.247,New Customers,0.448,0.179,Borderline,1
18020,Hibernating,United Kingdom,544,1,190.48,190.48,,12,0,1.189,-1.057,-1.138,0.436,2.218,At Risk,0.164,0.663,Core,0
18021,Hibernating,United Kingdom,510,2,227.06,113.53,,32,2,1.147,-0.555,-1.011,0.423,1.837,At Risk,0.187,0.585,Core,0
18022,At Risk,United Kingdom,36,5,1651.16,330.23,137.3,305,510,-0.538,0.303,0.421,0.929,0.967,New Customers,0.49,0.047,Borderline,1
18024,Hibernating,United Kingdom,153,2,389.78,194.89,,21,0,0.378,-0.555,-0.622,0.65,1.344,New Customers,0.326,0.377,Settled,0
18025,At Risk,United Kingdom,380,6,1177.72,196.29,57.7,83,239,0.959,0.494,0.177,0.656,1.735,Hibernating,0.274,0.461,Settled,0
18026,At Risk,United Kingdom,501,2,2074.07,1037.04,,12,4,1.136,-0.555,0.585,1.137,1.541,Hibernating,0.425,0.182,Borderline,1
18027,Hibernating,United Kingdom,99,1,115.31,115.31,,21,0,0.1,-1.057,-1.498,0.998,1.765,New Customers,0.361,0.365,Settled,0
18028,Hibernating,United Kingdom,583,1,192.05,192.05,,4,0,1.233,-1.057,-1.132,0.466,2.231,At Risk,0.173,0.659,Core,0
18029,Hibernating,United Kingdom,642,1,433.77,433.77,,18,0,1.295,-1.057,-0.545,0.584,1.895,At Risk,0.236,0.571,Core,0
18030,New Customers,United Kingdom,4,2,230.65,115.32,,8,38,-1.822,-0.555,-1.0,1.228,2.719,Hibernating,0.311,0.47,Settled,0
18031,Hibernating,United Kingdom,379,1,462.1,462.1,,49,0,0.957,-1.057,-0.499,0.456,1.734,At Risk,0.208,0.572,Core,0
18032,Hibernating,United Kingdom,334,1,73.5,73.5,,5,0,0.876,-1.057,-1.82,0.938,2.482,New Customers,0.274,0.564,Core,0
18033,Hibernating,United Kingdom,65,1,97.97,97.97,,32,0,-0.166,-1.057,-1.615,1.278,1.722,New Customers,0.426,0.225,Borderline,1
18034,New Customers,United Kingdom,22,3,792.85,264.28,177.0,181,353,-0.843,-0.199,-0.109,0.178,1.434,At Risk,0.11,0.464,Settled,0
18035,New Customers,United Kingdom,36,5,1276.74,255.35,147.0,52,349,-0.538,0.303,0.235,0.85,0.95,At Risk,0.472,0.037,Borderline,1
18036,Champions,United Kingdom,32,11,1563.64,142.15,56.7,221,689,-0.611,1.161,0.381,1.168,1.329,At Risk,0.468,0.019,Borderline,1
18037,At Risk,United Kingdom,154,15,167.42,11.16,34.5,31,583,0.382,1.517,-1.23,2.068,2.431,New Customers,0.46,0.138,Borderline,1
18038,Hibernating,United Kingdom,556,1,149.41,149.41,,25,0,1.203,-1.057,-1.312,0.558,2.35,At Risk,0.192,0.654,Core,0
18039,At Risk,United Kingdom,374,4,579.17,144.79,56.6,137,266,0.949,0.077,-0.336,0.974,1.099,Hibernating,0.47,0.066,Borderline,1
18040,New Customers,United Kingdom,19,2,357.2,178.6,,18,226,-0.933,-0.555,-0.685,0.509,1.848,Hibernating,0.216,0.499,Settled,0
18041,Champions,United Kingdom,12,38,8752.38,230.33,13.7,464,683,-1.209,2.62,1.626,1.118,3.068,At Risk,0.267,0.505,Core,0
18042,New Customers,United Kingdom,54,2,281.15,140.57,,13,488,-0.283,-0.555,-0.857,0.897,1.201,Hibernating,0.427,0.146,Borderline,1
18043,New Customers,United Kingdom,25,3,875.97,291.99,11.0,106,342,-0.764,-0.199,-0.037,0.263,1.34,At Risk,0.164,0.428,Settled,0
18044,Champions,United Kingdom,4,18,3505.61,194.76,27.6,128,555,-1.822,1.73,0.965,0.815,2.545,New Customers,0.243,0.498,Settled,0
18045,New Customers,United Kingdom,45,1,189.4,189.4,,43,0,-0.398,-1.057,-1.142,1.269,1.312,Hibernating,0.492,0.012,Borderline,1
18046,Hibernating,United Kingdom,650,1,189.63,189.63,,26,0,1.303,-1.057,-1.141,0.525,2.264,At Risk,0.188,0.65,Core,0
18047,Hibernating,United Kingdom,381,2,342.69,171.34,,74,0,0.961,-0.555,-0.715,0.369,1.536,At Risk,0.194,0.539,Core,0
18048,Hibernating,United Kingdom,203,3,401.73,133.91,145.0,56,290,0.558,-0.199,-0.6,0.795,1.156,At Risk,0.408,0.224,Borderline,1
18049,Hibernating,United Kingdom,437,2,556.1,278.05,,81,153,1.049,-0.555,-0.365,0.642,1.336,At Risk,0.324,0.401,Settled,0
18050,Hibernating,United Kingdom,359,2,412.06,206.03,,22,33,0.923,-0.555,-0.582,0.446,1.424,At Risk,0.239,0.492,Settled,0
18051,At Risk,United Kingdom,634,7,2282.28,326.04,4.0,41,96,1.287,0.659,0.655,0.994,2.215,Hibernating,0.31,0.456,Settled,0
18052,At Risk,United Kingdom,565,1,10877.18,10877.18,,16,0,1.213,-1.057,1.783,2.077,2.714,Hibernating,0.433,0.201,Borderline,1
18053,New Customers,United Kingdom,71,3,571.07,190.36,226.5,29,456,-0.11,-0.199,-0.346,0.792,1.048,At Risk,0.43,0.129,Borderline,1
18054,Hibernating,United Kingdom,393,1,176.5,176.5,,11,0,0.981,-1.057,-1.192,0.364,2.193,At Risk,0.143,0.669,Core,0
18055,Champions,United Kingdom,7,14,11195.57,799.68,26.7,320,406,-1.521,1.437,1.804,0.601,2.617,At Risk,0.187,0.538,Core,0
18056,Hibernating,United Kingdom,288,2,554.6,277.3,,28,330,0.782,-0.555,-0.367,0.624,1.228,At Risk,0.337,0.362,Settled,0
18057,At Risk,United Kingdom,393,3,1182.39,394.13,62.5,120,297,0.981,-0.199,0.179,0.807,1.273,Hibernating,0.388,0.244,Borderline,1
18058,New Customers,United Kingdom,10,3,774.06,258.02,203.0,12,657,-1.316,-0.199,-0.127,0.457,1.862,At Risk,0.197,0.513,Core,0
18059,New Customers,United Kingdom,23,3,306.46,102.15,1.0,17,44,-0.815,-0.199,-0.795,0.566,1.79,At Risk,0.24,0.47,Settled,0
18060,At Risk,United Kingdom,408,2,1185.46,592.73,,74,156,1.005,-0.555,0.181,1.075,1.134,Hibernating,0.487,-0.001,Borderline,1
18061,Champions,United Kingdom,22,28,6488.97,231.75,14.7,30,713,-0.843,2.254,1.41,0.774,2.516,At Risk,0.235,0.488,Settled,0
18062,At Risk,United Kingdom,173,6,1632.67,272.11,60.9,46,424,0.456,0.494,0.413,0.215,1.696,New Customers,0.112,0.56,Core,0
18063,Hibernating,United Kingdom,391,2,186.6,93.3,,2,242,0.977,-0.555,-1.152,0.408,1.891,At Risk,0.177,0.593,Core,0
18064,At Risk,United Kingdom,133,11,4495.03,408.64,60.0,53,543,0.288,1.161,1.145,1.129,1.486,Champions,0.432,0.234,Borderline,1
18065,Champions,United Kingdom,6,28,5846.63,208.81,30.7,192,724,-1.606,2.254,1.335,0.858,2.942,At Risk,0.226,0.542,Core,0
18066,At Risk,United Kingdom,75,3,1440.4,480.13,141.0,37,340,-0.076,-0.199,0.322,0.685,0.996,New Customers,0.408,0.192,Borderline,1
18067,New Customers,United Kingdom,40,1,396.33,396.33,,36,0,-0.472,-1.057,-0.61,0.934,1.394,Hibernating,0.401,0.223,Borderline,1
18068,Hibernating,United Kingdom,289,1,101.7,101.7,,1,0,0.784,-1.057,-1.588,0.719,2.273,New Customers,0.24,0.593,Core,0
18069,Champions,United Kingdom,26,11,4524.66,411.33,28.8,601,622,-0.74,1.161,1.149,0.583,1.597,At Risk,0.268,0.356,Settled,0
18070,Hibernating,United Kingdom,669,1,314.1,314.1,,9,0,1.321,-1.057,-0.777,0.501,2.037,At Risk,0.197,0.62,Core,0
18071,At Risk,United Kingdom,258,6,1428.63,238.1,89.5,52,477,0.711,0.494,0.316,0.398,1.83,Hibernating,0.178,0.548,Core,0
18072,Hibernating,United Kingdom,186,1,247.44,247.44,,18,0,0.502,-1.057,-0.949,0.425,1.731,New Customers,0.197,0.559,Core,0
18073,At Risk,United Kingdom,114,12,3877.52,323.13,5.6,23,82,0.19,1.26,1.038,1.16,1.389,Champions,0.455,0.184,Borderline,1
18074,At Risk,United Kingdom,374,2,1509.04,754.52,,37,131,0.949,-0.555,0.356,1.016,1.297,Hibernating,0.439,0.129,Borderline,1
18075,Champions,United Kingdom,23,20,5783.29,289.16,17.1,180,475,-0.815,1.854,1.327,0.449,2.168,At Risk,0.172,0.492,Settled,0
18076,Hibernating,United Kingdom,380,1,151.49,151.49,,8,0,0.959,-1.057,-1.302,0.452,2.258,New Customers,0.167,0.662,Core,0
18077,Champions,United Kingdom,8,18,4338.56,241.03,38.0,141,724,-1.445,1.73,1.119,0.436,2.432,At Risk,0.152,0.544,Core,0
18078,At Risk,United Kingdom,217,4,844.6,211.15,68.9,65,410,0.601,0.077,-0.064,0.58,1.289,Hibernating,0.31,0.352,Settled,0
18079,At Risk,United Kingdom,45,5,4242.75,848.55,91.4,107,446,-0.398,0.303,1.103,1.034,1.46,Champions,0.415,0.256,Settled,0
18080,New Customers,United Kingdom,19,2,1231.5,615.75,,2,223,-0.933,-0.555,0.209,0.519,1.586,At Risk,0.246,0.429,Settled,0
18081,New Customers,United Kingdom,36,3,343.45,114.48,27.5,14,97,-0.538,-0.199,-0.713,0.595,1.554,At Risk,0.277,0.406,Settled,0
18082,New Customers,United Kingdom,26,1,703.37,703.37,,62,0,-0.74,-1.057,-0.196,0.767,1.776,Hibernating,0.302,0.405,Settled,0
18083,Hibernating,United Kingdom,398,1,470.73,470.73,,36,0,0.989,-1.057,-0.486,0.474,1.737,At Risk,0.214,0.568,Core,0
18084,New Customers,United Kingdom,16,3,812.93,270.98,181.0,7,372,-1.037,-0.199,-0.091,0.238,1.598,At Risk,0.13,0.495,Settled,0
18085,At Risk,United Kingdom,330,4,1645.75,411.44,96.4,42,298,0.869,0.077,0.418,0.523,1.621,Hibernating,0.244,0.471,Settled,0
18086,Hibernating,United Kingdom,274,1,101.34,101.34,,7,0,0.75,-1.057,-1.59,0.726,2.25,New Customers,0.244,0.585,Core,0
18087,Champions,United Kingdom,291,16,13908.72,869.3,32.1,43,448,0.788,1.592,1.961,2.015,2.046,At Risk,0.496,-0.035,Borderline,1
18088,Hibernating,United Kingdom,61,1,167.67,167.67,,35,0,-0.206,-1.057,-1.229,1.148,1.414,New Customers,0.448,0.157,Borderline,1
18089,Hibernating,United Kingdom,447,1,428.45,428.45,,9,0,1.063,-1.057,-0.554,0.441,1.801,At Risk,0.197,0.592,Core,0
18090,Hibernating,United Kingdom,422,1,349.4,349.4,,47,0,1.026,-1.057,-0.701,0.318,1.872,At Risk,0.145,0.631,Core,0
18091,Hibernating,United Kingdom,593,1,360.85,360.85,,25,0,1.244,-1.057,-0.677,0.473,1.944,At Risk,0.196,0.612,Core,0
18092,Champions,United Kingdom,2,18,16179.44,898.86,32.3,42,733,-2.15,1.73,2.07,1.257,3.331,New Customers,0.274,0.514,Core,0
18093,At Risk,United Kingdom,93,8,4452.71,556.59,65.4,43,525,0.061,0.805,1.138,0.932,1.418,Champions,0.397,0.294,Settled,0
18094,Champions,United Kingdom,82,13,6391.52,491.66,52.4,55,619,-0.019,1.352,1.399,1.13,1.492,At Risk,0.431,0.1,Borderline,1
18095,At Risk,United Kingdom,313,5,2303.09,460.62,54.9,37,286,0.835,0.303,0.661,0.499,1.95,Hibernating,0.204,0.545,Core,0
18096,New Customers,United Kingdom,12,6,1785.57,297.59,141.2,298,501,-1.209,0.494,0.477,1.123,1.367,Champions,0.451,0.161,Borderline,1
18097,Champions,United Kingdom,8,11,4663.32,423.94,62.8,86,715,-1.445,1.161,1.171,0.523,2.113,New Customers,0.199,0.492,Settled,0
18098,Hibernating,United Kingdom,396,1,550.84,550.84,,85,0,0.985,-1.057,-0.372,0.576,1.679,At Risk,0.255,0.525,Core,0
18099,Hibernating,United Kingdom,127,1,168.31,168.31,,19,0,0.259,-1.057,-1.226,0.725,1.687,New Customers,0.301,0.45,Settled,0
18100,Hibernating,United Kingdom,550,1,451.56,451.56,,30,0,1.196,-1.057,-0.516,0.538,1.834,At Risk,0.227,0.573,Core,0
18101,New Customers,United Kingdom,11,5,629.16,125.83,104.2,89,662,-1.26,0.303,-0.276,0.714,1.797,At Risk,0.284,0.432,Settled,0
18102,Champions,United Kingdom,1,145,608821.65,4198.77,9.1,382,738,-2.41,4.255,4.693,4.489,6.458,At Risk,0.41,0.296,Settled,0
18103,Hibernating,United Kingdom,549,1,105.8,105.8,,10,0,1.195,-1.057,-1.56,0.755,2.537,At Risk,0.229,0.628,Core,0
18104,New Customers,United Kingdom,37,1,754.64,754.64,,38,0,-0.521,-1.057,-0.145,0.842,1.602,Hibernating,0.345,0.328,Settled,0
18105,New Customers,United Kingdom,38,1,113.48,113.48,,18,0,-0.504,-1.057,-1.509,1.521,1.521,Hibernating,0.5,-0.01,Borderline,1
18106,At Risk,United Kingdom,330,6,1461.46,243.58,73.5,126,364,0.869,0.494,0.332,0.529,1.834,Hibernating,0.224,0.519,Core,0
18107,Hibernating,United Kingdom,442,1,167.13,167.13,,38,0,1.056,-1.057,-1.232,0.422,2.243,At Risk,0.158,0.668,Core,0
18108,At Risk,United Kingdom,254,3,848.81,282.94,100.5,43,483,0.701,-0.199,-0.06,0.761,1.086,Hibernating,0.412,0.175,Borderline,1
18109,Champions,United Kingdom,2,38,9893.96,260.37,10.3,203,524,-2.15,2.62,1.715,1.528,3.678,At Risk,0.293,0.508,Core,0
18110,New Customers,United Kingdom,20,2,435.43,217.72,,58,391,-0.901,-0.555,-0.542,0.389,1.826,At Risk,0.176,0.524,Core,0
18111,Hibernating,United Kingdom,589,1,405.85,405.85,,27,0,1.24,-1.057,-0.593,0.516,1.895,At Risk,0.214,0.591,Core,0
18112,New Customers,United Kingdom,12,4,775.96,193.99,51.9,59,539,-1.209,0.077,-0.125,0.514,1.708,At Risk,0.231,0.47,Settled,0
18113,Hibernating,United Kingdom,369,1,152.64,152.64,,1,0,0.94,-1.057,-1.297,0.444,2.24,New Customers,0.166,0.661,Core,0
18114,Hibernating,United Kingdom,290,1,220.1,220.1,,28,0,0.786,-1.057,-1.034,0.252,1.998,New Customers,0.112,0.653,Core,0
18115,Hibernating,United Kingdom,698,1,9.7,9.7,,3,0,1.349,-1.057,-3.223,2.376,3.8,New Customers,0.385,0.369,Settled,0
18116,At Risk,United Kingdom,68,13,2150.7,165.44,44.7,310,343,-0.138,1.352,0.612,1.199,1.257,Champions,0.488,0.106,Borderline,1
18117,New Customers,United Kingdom,26,1,319.47,319.47,,67,0,-0.74,-1.057,-0.765,0.927,1.635,Hibernating,0.362,0.318,Settled,0
18118,Champions,United Kingdom,11,29,6730.82,232.1,11.8,443,370,-1.26,2.296,1.436,0.772,2.785,At Risk,0.217,0.533,Core,0
18119,Hibernating,United Kingdom,368,1,362.24,362.24,,29,0,0.938,-1.057,-0.675,0.307,1.829,At Risk,0.144,0.622,Core,0
18120,Hibernating,United Kingdom,214,1,111.15,111.15,,17,0,0.592,-1.057,-1.524,0.711,2.096,New Customers,0.253,0.558,Core,0
18121,Hibernating,United Kingdom,149,2,673.1,336.55,,28,5,0.361,-0.555,-0.228,0.904,1.074,At Risk,0.457,0.135,Borderline,1
18122,New Customers,United Kingdom,8,6,1824.99,304.17,19.7,238,142,-1.445,0.494,0.493,1.222,1.391,Champions,0.468,0.125,Borderline,1
18123,New Customers,United Kingdom,24,3,684.59,228.2,237.5,53,489,-0.789,-0.199,-0.215,0.148,1.433,At Risk,0.094,0.467,Settled,0
18124,Hibernating,United Kingdom,472,1,111.53,111.53,,20,0,1.098,-1.057,-1.522,0.686,2.478,At Risk,0.217,0.638,Core,0
18125,New Customers,United Kingdom,30,4,1142.99,285.75,61.7,164,286,-0.651,0.077,0.155,0.601,1.099,At Risk,0.354,0.245,Borderline,1
18126,Hibernating,United Kingdom,61,1,204.49,204.49,,51,0,-0.206,-1.057,-1.086,1.116,1.319,New Customers,0.458,0.128,Borderline,1
18127,New Customers,United Kingdom,19,4,561.53,140.38,110.7,56,384,-0.933,0.077,-0.358,0.402,1.557,At Risk,0.205,0.451,Settled,0
18128,Hibernating,United Kingdom,537,1,420.04,420.04,,42,0,1.181,-1.057,-0.568,0.492,1.855,At Risk,0.21,0.59,Core,0
18129,Hibernating,United Kingdom,243,1,112.55,112.55,,13,0,0.673,-1.057,-1.515,0.675,2.149,New Customers,0.239,0.58,Core,0
18130,New Customers,United Kingdom,15,3,1059.39,353.13,8.0,58,41,-1.076,-0.199,0.1,0.406,1.582,At Risk,0.204,0.463,Settled,0
18131,Hibernating,United Kingdom,632,1,222.96,222.96,,4,0,1.285,-1.057,-1.024,0.468,2.177,At Risk,0.177,0.65,Core,0
18132,Hibernating,United Kingdom,504,1,226.9,226.9,,60,0,1.14,-1.057,-1.012,0.345,2.113,At Risk,0.14,0.666,Core,0
18133,Hibernating,United Kingdom,212,1,931.5,931.5,,1,0,0.586,-1.057,0.007,0.975,1.427,At Risk,0.406,0.27,Settled,0
18134,Hibernating,United Kingdom,598,2,445.0,222.5,,27,96,1.249,-0.555,-0.526,0.612,1.541,At Risk,0.284,0.471,Settled,0
18135,At Risk,United Kingdom,29,10,1249.62,124.96,58.6,23,605,-0.672,1.053,0.219,1.326,1.319,Champions,0.501,0.053,Borderline,1
18136,At Risk,United Kingdom,63,5,1631.36,326.27,38.1,77,387,-0.186,0.303,0.412,0.577,1.137,New Customers,0.337,0.312,Settled,0
18137,Hibernating,United Kingdom,551,2,145.99,73.0,,26,0,1.197,-0.555,-1.329,0.615,2.114,At Risk,0.225,0.583,Core,0
18138,Hibernating,United Kingdom,295,1,152.65,152.65,,8,0,0.797,-1.057,-1.297,0.447,2.124,New Customers,0.174,0.638,Core,0
18139,Champions,United Kingdom,18,6,8438.34,1406.39,0.4,35,0,-0.965,0.494,1.6,1.086,1.8,At Risk,0.376,0.241,Borderline,1
18140,Hibernating,West Indies,474,1,536.41,536.41,,49,0,1.101,-1.057,-0.391,0.591,1.732,At Risk,0.254,0.534,Core,0
18141,Hibernating,United Kingdom,402,2,882.47,441.24,,38,187,0.995,-0.555,-0.032,0.931,1.139,At Risk,0.45,0.167,Borderline,1
18142,At Risk,United Kingdom,157,2,1019.52,509.76,,9,58,0.394,-0.555,0.072,0.919,1.131,Hibernating,0.448,0.094,Borderline,1
18143,At Risk,United Kingdom,117,2,1000.16,500.08,,59,25,0.207,-0.555,0.058,0.943,1.163,New Customers,0.448,0.128,Borderline,1
18144,Champions,United Kingdom,8,19,5058.0,266.21,27.4,51,715,-1.445,1.794,1.23,0.422,2.503,At Risk,0.144,0.555,Core,0
18145,Champions,United Kingdom,13,11,5617.79,510.71,38.3,250,718,-1.161,1.161,1.306,0.382,1.982,At Risk,0.162,0.484,Settled,0
18146,Hibernating,United Kingdom,141,2,160.35,80.18,,10,79,0.326,-0.555,-1.261,0.726,1.603,New Customers,0.312,0.422,Settled,0
18147,New Customers,United Kingdom,46,2,179.34,89.67,,7,62,-0.384,-0.555,-1.181,1.093,1.328,Hibernating,0.452,0.107,Borderline,1
18148,Hibernating,United Kingdom,647,1,114.1,114.1,,9,0,1.3,-1.057,-1.506,0.762,2.53,At Risk,0.231,0.626,Core,0
18149,At Risk,United Kingdom,51,7,1624.71,232.1,38.3,54,584,-0.319,0.659,0.409,0.801,1.296,New Customers,0.382,0.286,Settled,0
18150,New Customers,United Kingdom,32,3,566.58,188.86,23.5,29,169,-0.611,-0.199,-0.352,0.316,1.364,At Risk,0.188,0.424,Settled,0
18151,At Risk,United Kingdom,135,6,1879.44,313.24,48.6,99,511,0.298,0.494,0.514,0.238,1.619,New Customers,0.128,0.54,Core,0
18152,Hibernating,United Kingdom,646,1,426.69,426.69,,10,0,1.299,-1.057,-0.556,0.58,1.903,At Risk,0.233,0.574,Core,0
18153,Hibernating,United Kingdom,659,1,246.22,246.22,,17,0,1.312,-1.057,-0.953,0.479,2.141,At Risk,0.183,0.642,Core,0
18154,New Customers,United Kingdom,3,5,932.6,186.52,131.3,34,487,-1.966,0.303,0.008,1.263,2.009,Champions,0.386,0.323,Settled,0
18155,New Customers,United Kingdom,75,3,371.62,123.87,13.0,19,216,-0.076,-0.199,-0.656,0.917,1.187,Hibernating,0.436,0.122,Borderline,1
18156,New Customers,United Kingdom,13,2,941.17,470.58,,100,356,-1.161,-0.555,0.015,0.451,1.816,At Risk,0.199,0.5,Core,0
18157,Hibernating,United Kingdom,571,1,215.35,215.35,,25,0,1.22,-1.057,-1.049,0.421,2.168,At Risk,0.163,0.66,Core,0
18158,New Customers,United Kingdom,9,2,453.4,226.7,,24,79,-1.377,-0.555,-0.513,0.612,2.176,At Risk,0.219,0.537,Core,0
18159,Hibernating,United Kingdom,301,1,530.15,530.15,,23,0,0.81,-1.057,-0.4,0.544,1.639,At Risk,0.249,0.519,Core,0
18160,New Customers,United Kingdom,57,3,1003.88,334.63,21.5,56,328,-0.249,-0.199,0.061,0.716,0.887,At Risk,0.447,0.082,Borderline,1
18161,New Customers,United Kingdom,15,6,1803.1,300.52,21.5,57,364,-1.076,0.494,0.484,1.098,1.362,Champions,0.446,0.17,Borderline,1
18162,Hibernating,United Kingdom,732,1,379.16,379.16,,45,0,1.379,-1.057,-0.642,0.598,1.987,At Risk,0.231,0.583,Core,0
18163,Hibernating,United Kingdom,584,1,728.84,728.84,,33,0,1.234,-1.057,-0.17,0.838,1.7,At Risk,0.33,0.433,Settled,0
18164,New Customers,United Kingdom,37,1,399.65,399.65,,24,0,-0.521,-1.057,-0.604,0.911,1.443,Hibernating,0.387,0.253,Settled,0
18165,Hibernating,United Kingdom,177,1,302.46,302.46,,10,0,0.471,-1.057,-0.805,0.462,1.651,New Customers,0.219,0.532,Core,0
18166,Hibernating,United Kingdom,624,1,175.5,175.5,,10,0,1.277,-1.057,-1.196,0.533,2.293,At Risk,0.189,0.652,Core,0
18167,New Customers,United Kingdom,23,3,1384.86,461.62,29.0,24,82,-0.815,-0.199,0.294,0.553,1.309,At Risk,0.297,0.343,Settled,0
18168,At Risk,United Kingdom,176,16,3770.27,235.64,16.2,209,560,0.467,1.592,1.017,1.429,1.637,Champions,0.466,0.156,Borderline,1
18169,Hibernating,United Kingdom,61,1,202.65,202.65,,9,0,-0.206,-1.057,-1.093,1.117,1.323,New Customers,0.458,0.13,Borderline,1
18170,Champions,United Kingdom,33,9,2878.0,319.78,47.4,59,667,-0.592,0.935,0.822,0.97,1.238,At Risk,0.439,0.076,Borderline,1
18171,At Risk,United Kingdom,59,9,2437.31,270.81,29.8,76,644,-0.227,0.935,0.702,0.933,1.27,Champions,0.424,0.24,Borderline,1
18172,Champions,United Kingdom,15,52,17479.84,336.15,19.4,176,714,-1.076,3.0,2.126,1.653,3.516,At Risk,0.32,0.454,Settled,0
18173,At Risk,United Kingdom,87,5,2696.36,539.27,123.2,34,526,0.018,0.303,0.775,0.505,1.493,New Customers,0.253,0.451,Settled,0
18174,New Customers,United Kingdom,7,2,162.5,81.25,,1,596,-1.521,-0.555,-1.252,1.216,2.442,Hibernating,0.332,0.42,Settled,0
18175,Hibernating,United Kingdom,676,1,176.1,176.1,,7,0,1.328,-1.057,-1.194,0.571,2.312,At Risk,0.198,0.645,Core,0
18176,Hibernating,United Kingdom,358,1,476.35,476.35,,30,0,0.921,-1.057,-0.477,0.47,1.711,At Risk,0.216,0.561,Core,0
18177,Champions,United Kingdom,31,9,2216.87,246.32,91.0,66,692,-0.631,0.935,0.634,1.067,1.225,At Risk,0.466,0.022,Borderline,1
18178,At Risk,United Kingdom,129,11,6103.74,554.89,21.2,204,530,0.269,1.161,1.366,1.281,1.452,Champions,0.469,0.15,Borderline,1
18179,Champions,United Kingdom,9,8,2547.55,318.44,75.8,101,654,-1.377,0.805,0.734,0.992,1.559,New Customers,0.389,0.223,Borderline,1
18180,New Customers,United Kingdom,5,6,1843.75,307.29,20.3,108,137,-1.705,0.494,0.5,1.364,1.467,Champions,0.482,0.091,Borderline,1
18181,New Customers,United Kingdom,24,5,1205.94,241.19,132.8,139,710,-0.789,0.303,0.194,0.756,1.204,At Risk,0.386,0.227,Borderline,1
18182,Hibernating,United Kingdom,463,1,291.13,291.13,,10,0,1.086,-1.057,-0.832,0.294,1.975,At Risk,0.13,0.653,Core,0
18183,Hibernating,United Kingdom,227,2,632.07,316.04,,36,47,0.629,-0.555,-0.273,0.743,1.127,At Risk,0.397,0.259,Settled,0
18184,New Customers,United Kingdom,15,1,49.8,49.8,,1,0,-1.076,-1.057,-2.097,2.009,2.297,Hibernating,0.466,0.105,Borderline,1
18185,Hibernating,United Kingdom,249,1,304.25,304.25,,17,0,0.689,-1.057,-0.8,0.29,1.833,New Customers,0.137,0.617,Core,0
18186,Hibernating,United Kingdom,723,1,329.58,329.58,,11,0,1.371,-1.057,-0.743,0.555,2.04,At Risk,0.214,0.606,Core,0
18187,Hibernating,United Kingdom,632,1,724.89,724.89,,48,0,1.285,-1.057,-0.174,0.858,1.727,At Risk,0.332,0.432,Settled,0
18188,Champions,United Kingdom,15,6,3280.59,546.76,68.1,95,608,-1.076,0.494,0.917,1.135,1.422,New Customers,0.444,0.106,Borderline,1
18189,At Risk,United Kingdom,78,3,1403.73,467.91,84.0,79,548,-0.051,-0.199,0.303,0.672,1.006,New Customers,0.4,0.204,Borderline,1
18190,At Risk,United Kingdom,192,5,745.62,149.12,89.3,34,525,0.523,0.303,-0.154,0.602,1.429,Hibernating,0.296,0.39,Settled,0
18191,Hibernating,United Kingdom,262,2,529.4,264.7,,15,215,0.721,-0.555,-0.401,0.608,1.233,At Risk,0.33,0.368,Settled,0
18192,New Customers,United Kingdom,72,1,957.97,957.97,,45,0,-0.102,-1.057,0.027,1.121,1.364,Hibernating,0.451,0.1,Borderline,1
18193,At Risk,United Kingdom,165,3,1207.35,402.45,76.5,66,277,0.426,-0.199,0.194,0.546,1.359,Hibernating,0.286,0.381,Settled,0
18194,At Risk,United Kingdom,82,6,4162.04,693.67,121.0,23,597,-0.019,0.494,1.089,0.799,1.551,Champions,0.34,0.384,Settled,0
18195,Hibernating,United Kingdom,387,1,101.16,101.16,,5,0,0.971,-1.057,-1.592,0.722,2.416,New Customers,0.23,0.619,Core,0
18196,At Risk,United Kingdom,95,4,1462.39,365.6,14.0,209,537,0.074,0.077,0.333,0.394,1.185,New Customers,0.25,0.388,Settled,0
18197,Hibernating,United Kingdom,576,1,230.1,230.1,,9,0,1.225,-1.057,-1.002,0.411,2.138,At Risk,0.161,0.657,Core,0
18198,Champions,United Kingdom,4,17,5425.56,319.15,12.9,81,332,-1.822,1.663,1.281,0.704,2.66,New Customers,0.209,0.539,Core,0
18199,Hibernating,United Kingdom,684,1,344.75,344.75,,20,0,1.336,-1.057,-0.71,0.534,2.004,At Risk,0.21,0.606,Core,0
18200,Hibernating,United Kingdom,106,1,163.8,163.8,,29,0,0.144,-1.057,-1.246,0.833,1.623,New Customers,0.339,0.388,Settled,0
18201,Hibernating,United Kingdom,723,1,447.53,447.53,,27,0,1.371,-1.057,-0.522,0.653,1.921,At Risk,0.254,0.553,Core,0
18202,At Risk,United Kingdom,200,3,1396.99,465.66,56.0,55,111,0.549,-0.199,0.3,0.531,1.412,Hibernating,0.273,0.402,Settled,0
18203,At Risk,United Kingdom,157,4,494.42,123.6,23.6,39,573,0.394,0.077,-0.45,0.909,1.149,Hibernating,0.442,0.13,Borderline,1
18204,At Risk,United Kingdom,71,3,1993.7,664.57,22.5,159,121,-0.11,-0.199,0.557,0.711,1.121,New Customers,0.388,0.234,Borderline,1
18205,New Customers,United Kingdom,36,2,517.36,258.68,,30,38,-0.538,-0.555,-0.417,0.464,1.517,At Risk,0.234,0.439,Settled,0
18206,Hibernating,United Kingdom,553,1,314.66,314.66,,19,0,1.199,-1.057,-0.776,0.398,1.983,At Risk,0.167,0.636,Core,0
18207,Hibernating,United Kingdom,499,1,544.47,544.47,,31,0,1.133,-1.057,-0.381,0.614,1.741,At Risk,0.261,0.528,Core,0
18208,Hibernating,United Kingdom,566,1,360.08,360.08,,17,0,1.214,-1.057,-0.679,0.449,1.932,At Risk,0.189,0.616,Core,0
18209,New Customers,United Kingdom,29,1,139.1,139.1,,8,0,-0.672,-1.057,-1.363,1.366,1.628,Hibernating,0.456,0.124,Borderline,1
18210,Champions,United Kingdom,2,7,2768.83,395.55,77.9,116,381,-2.15,0.659,0.794,1.457,1.898,New Customers,0.434,0.148,Borderline,1
18211,New Customers,United Kingdom,26,5,600.07,120.01,47.0,37,252,-0.74,0.303,-0.31,0.63,1.354,At Risk,0.318,0.322,Settled,0
18212,Hibernating,United Kingdom,326,2,546.72,273.36,,40,351,0.861,-0.555,-0.378,0.608,1.263,At Risk,0.325,0.385,Settled,0
18213,Hibernating,United Kingdom,237,1,232.48,232.48,,15,0,0.657,-1.057,-0.994,0.308,1.875,New Customers,0.141,0.618,Core,0
18214,At Risk,United Kingdom,531,4,1780.34,445.08,4.2,38,23,1.173,0.077,0.475,0.812,1.693,Hibernating,0.324,0.392,Settled,0
18215,At Risk,United Kingdom,89,5,2247.49,449.5,125.6,53,534,0.033,0.303,0.643,0.415,1.416,New Customers,0.227,0.455,Settled,0
18216,New Customers,United Kingdom,31,1,481.75,481.75,,26,0,-0.631,-1.057,-0.469,0.826,1.581,Hibernating,0.343,0.334,Settled,0
18217,New Customers,United Kingdom,29,4,945.04,236.26,196.4,33,496,-0.672,0.077,0.018,0.511,1.161,At Risk,0.306,0.304,Settled,0
18218,At Risk,United Kingdom,211,4,1142.0,285.5,116.9,25,448,0.583,0.077,0.154,0.4,1.444,Hibernating,0.217,0.458,Settled,0
18219,Champions,United Kingdom,3,17,3562.89,209.58,29.4,87,729,-1.966,1.663,0.977,0.923,2.555,New Customers,0.265,0.477,Settled,0
18220,At Risk,United Kingdom,227,6,1921.76,320.29,47.6,17,497,0.629,0.494,0.53,0.328,1.882,New Customers,0.149,0.58,Core,0
18221,New Customers,United Kingdom,22,6,1424.94,237.49,54.4,71,367,-0.843,0.494,0.314,0.976,1.256,At Risk,0.437,0.143,Borderline,1
18222,Hibernating,United Kingdom,93,1,443.0,443.0,,19,0,0.061,-1.057,-0.529,0.919,1.244,New Customers,0.425,0.207,Borderline,1
18223,Champions,United Kingdom,5,26,14000.85,538.49,15.7,192,730,-1.705,2.165,1.966,1.045,3.203,At Risk,0.246,0.543,Core,0
18224,Hibernating,United Kingdom,264,1,158.95,158.95,,10,0,0.726,-1.057,-1.268,0.441,2.054,New Customers,0.177,0.625,Core,0
18225,Champions,United Kingdom,3,26,13054.26,502.09,19.3,266,731,-1.966,2.165,1.915,1.182,3.356,At Risk,0.261,0.537,Core,0
18226,Champions,United Kingdom,44,26,11878.88,456.88,20.5,299,600,-0.412,2.165,1.847,1.074,2.481,At Risk,0.302,0.412,Settled,0
18227,Hibernating,United Kingdom,218,2,388.75,194.38,,6,266,0.604,-0.555,-0.624,0.497,1.37,At Risk,0.266,0.447,Settled,0
18228,New Customers,United Kingdom,57,2,779.9,389.95,,23,22,-0.249,-0.555,-0.121,0.697,1.197,At Risk,0.368,0.254,Settled,0
18229,Champions,United Kingdom,12,28,10803.71,385.85,23.8,73,724,-1.209,2.254,1.778,0.834,2.868,At Risk,0.225,0.535,Core,0
18230,Champions,United Kingdom,9,9,4291.06,476.78,36.5,42,516,-1.377,0.935,1.111,0.695,1.901,New Customers,0.268,0.415,Settled,0
18231,Champions,United Kingdom,192,28,6875.07,245.54,23.9,217,506,0.523,2.254,1.452,1.806,2.216,At Risk,0.449,0.108,Borderline,1
18232,At Risk,United Kingdom,82,4,592.97,148.24,29.1,31,115,-0.019,0.077,-0.319,0.883,0.953,New Customers,0.481,0.069,Borderline,1
18233,Hibernating,United Kingdom,326,1,440.0,440.0,,1,0,0.861,-1.057,-0.534,0.417,1.724,At Risk,0.195,0.576,Core,0
18234,Hibernating,United Kingdom,552,1,179.6,179.6,,30,0,1.198,-1.057,-1.18,0.467,2.252,At Risk,0.172,0.662,Core,0
18235,At Risk,United Kingdom,72,3,1796.48,598.83,24.0,100,145,-0.102,-0.199,0.482,0.696,1.075,New Customers,0.393,0.222,Borderline,1
18236,Champions,United Kingdom,30,12,1795.35,149.61,43.4,80,573,-0.651,1.26,0.481,1.037,1.425,At Risk,0.421,0.127,Borderline,1
18237,New Customers,United Kingdom,3,5,987.1,197.42,18.0,40,131,-1.966,0.303,0.049,1.272,1.982,Champions,0.391,0.313,Settled,0
18238,Hibernating,United Kingdom,515,1,270.92,270.92,,14,0,1.154,-1.057,-0.884,0.339,2.033,At Risk,0.143,0.655,Core,0
18239,At Risk,United Kingdom,219,6,2150.36,358.39,15.8,85,204,0.607,0.494,0.612,0.346,1.899,New Customers,0.154,0.578,Core,0
18240,New Customers,United Kingdom,46,1,422.58,422.58,,6,0,-0.384,-1.057,-0.563,0.96,1.321,Hibernating,0.421,0.177,Borderline,1
18241,Champions,United Kingdom,10,21,2986.99,142.24,48.9,101,608,-1.316,1.912,0.849,0.655,2.391,At Risk,0.215,0.495,Settled,0
18242,At Risk,United Kingdom,72,8,3605.21,450.65,72.3,113,625,-0.102,0.805,0.985,0.901,1.319,Champions,0.406,0.274,Settled,0
18243,Hibernating,United Kingdom,414,1,515.78,515.78,,26,0,1.014,-1.057,-0.42,0.539,1.712,At Risk,0.239,0.545,Core,0
18244,Hibernating,United Kingdom,431,2,568.64,284.32,,19,72,1.04,-0.555,-0.349,0.653,1.322,At Risk,0.331,0.391,Settled,0
18245,Champions,United Kingdom,7,20,6324.98,316.25,37.2,336,633,-1.521,1.854,1.391,0.501,2.649,At Risk,0.159,0.564,Core,0
18246,New Customers,United Kingdom,24,3,758.82,252.94,83.0,3,586,-0.789,-0.199,-0.141,0.178,1.401,At Risk,0.113,0.456,Settled,0
18247,At Risk,United Kingdom,415,3,839.73,279.91,26.5,28,216,1.015,-0.199,-0.068,0.939,1.075,Hibernating,0.466,0.067,Borderline,1
18248,At Risk,United Kingdom,123,2,804.02,402.01,,39,63,0.239,-0.555,-0.099,1.011,1.071,Hibernating,0.485,0.007,Borderline,1
18249,New Customers,United Kingdom,17,1,95.34,95.34,,8,0,-1.0,-1.057,-1.634,1.584,2.024,Hibernating,0.439,0.181,Borderline,1
18250,Hibernating,United Kingdom,310,1,349.27,349.27,,21,0,0.829,-1.057,-0.701,0.285,1.815,At Risk,0.136,0.618,Core,0
18251,Champions,United Kingdom,87,9,26278.86,2919.87,114.0,87,630,0.018,0.935,2.421,1.681,2.122,At Risk,0.442,0.117,Borderline,1
18252,At Risk,United Kingdom,51,7,1542.09,220.3,124.6,125,670,-0.319,0.659,0.371,0.803,1.278,New Customers,0.386,0.276,Settled,0
18253,Hibernating,United Kingdom,643,1,317.88,317.88,,7,0,1.296,-1.057,-0.769,0.481,2.02,At Risk,0.192,0.623,Core,0
18254,Hibernating,United Kingdom,581,1,267.9,267.9,,16,0,1.231,-1.057,-0.892,0.404,2.069,At Risk,0.164,0.648,Core,0
18255,Hibernating,United Kingdom,89,2,303.15,151.57,,16,366,0.033,-0.555,-0.803,0.904,1.106,New Customers,0.45,0.146,Borderline,1
18256,Hibernating,United Kingdom,388,1,110.7,110.7,,10,0,0.972,-1.057,-1.527,0.661,2.382,New Customers,0.217,0.631,Core,0
18257,Champions,United Kingdom,39,12,4585.15,382.1,40.7,218,619,-0.488,1.26,1.159,0.73,1.496,At Risk,0.328,0.273,Settled,0
18258,At Risk,United Kingdom,464,6,2059.67,343.28,11.0,30,108,1.087,0.494,0.58,0.74,2.02,Hibernating,0.268,0.496,Settled,0
18259,Champions,United Kingdom,25,7,4318.2,616.89,116.2,51,707,-0.764,0.659,1.116,0.984,1.391,At Risk,0.414,0.143,Borderline,1
18260,Champions,United Kingdom,173,23,9962.11,433.14,28.6,212,551,0.456,2.019,1.72,1.7,2.156,At Risk,0.441,0.128,Borderline,1
18261,New Customers,United Kingdom,43,2,324.24,162.12,,19,52,-0.426,-0.555,-0.754,0.732,1.347,Hibernating,0.352,0.288,Settled,0
18262,At Risk,United Kingdom,140,3,577.54,192.51,22.0,40,462,0.321,-0.199,-0.338,0.916,1.033,Hibernating,0.47,0.054,Borderline,1
18263,New Customers,United Kingdom,26,3,1213.16,404.39,16.5,59,226,-0.74,-0.199,0.198,0.478,1.254,At Risk,0.276,0.349,Settled,0
18264,Hibernating,United Kingdom,499,1,603.25,603.25,,36,0,1.133,-1.057,-0.307,0.678,1.707,At Risk,0.284,0.498,Settled,0
18265,New Customers,United Kingdom,72,2,801.51,400.76,,44,85,-0.102,-0.555,-0.101,0.837,1.115,At Risk,0.429,0.148,Borderline,1
18266,Hibernating,United Kingdom,434,1,251.1,251.1,,14,0,1.044,-1.057,-0.939,0.26,2.031,At Risk,0.113,0.665,Core,0
18267,Hibernating,United Kingdom,673,1,269.37,269.37,,17,0,1.325,-1.057,-0.888,0.489,2.106,At Risk,0.188,0.634,Core,0
18268,At Risk,United Kingdom,134,6,1490.23,248.37,169.8,36,594,0.293,0.494,0.347,0.242,1.544,New Customers,0.136,0.523,Core,0
18269,Hibernating,United Kingdom,366,1,337.2,337.2,,7,0,0.935,-1.057,-0.726,0.27,1.859,At Risk,0.127,0.633,Core,0
18270,New Customers,United Kingdom,38,3,444.55,148.18,31.0,17,394,-0.504,-0.199,-0.527,0.489,1.401,At Risk,0.259,0.393,Settled,0
18271,Hibernating,United Kingdom,610,2,680.85,340.42,,19,121,1.262,-0.555,-0.219,0.842,1.379,At Risk,0.379,0.322,Settled,0
18272,Champions,United Kingdom,3,9,4385.98,487.33,85.2,145,642,-1.966,0.935,1.127,1.053,2.14,New Customers,0.33,0.361,Settled,0
18273,New Customers,United Kingdom,2,4,357.0,89.25,100.9,1,588,-2.15,0.077,-0.685,1.391,2.708,Champions,0.339,0.431,Settled,0
18274,New Customers,United Kingdom,30,1,175.92,175.92,,11,0,-0.651,-1.057,-1.195,1.235,1.568,Hibernating,0.441,0.161,Borderline,1
18275,Hibernating,United Kingdom,578,2,741.85,370.92,,19,152,1.228,-0.555,-0.157,0.879,1.328,At Risk,0.398,0.284,Settled,0
18276,At Risk,United Kingdom,44,6,1656.52,276.09,109.9,81,685,-0.412,0.494,0.423,0.828,1.145,New Customers,0.42,0.204,Borderline,1
18277,At Risk,United Kingdom,58,5,1180.05,236.01,135.9,53,436,-0.238,0.303,0.178,0.679,0.985,New Customers,0.408,0.198,Borderline,1
18278,New Customers,United Kingdom,74,2,414.2,207.1,,22,330,-0.084,-0.555,-0.578,0.906,1.06,Hibernating,0.461,0.063,Borderline,1
18279,Hibernating,United Kingdom,519,1,231.34,231.34,,13,0,1.159,-1.057,-0.998,0.356,2.11,At Risk,0.144,0.664,Core,0
18280,Hibernating,United Kingdom,278,2,488.15,244.08,,28,116,0.759,-0.555,-0.459,0.552,1.284,At Risk,0.301,0.41,Settled,0
18281,Hibernating,United Kingdom,181,2,201.14,100.57,,17,397,0.485,-0.555,-1.098,0.535,1.636,New Customers,0.246,0.5,Core,0
18282,New Customers,United Kingdom,8,2,178.05,89.02,,12,118,-1.445,-0.555,-1.186,1.123,2.359,Hibernating,0.322,0.431,Settled,0
18283,Champions,United Kingdom,4,22,2730.7,124.12,34.1,351,654,-1.822,1.967,0.784,0.992,2.663,New Customers,0.271,0.473,Settled,0
18284,Hibernating,United Kingdom,432,1,411.68,411.68,,27,0,1.041,-1.057,-0.582,0.41,1.809,At Risk,0.185,0.601,Core,0
18285,Hibernating,United Kingdom,661,1,377.0,377.0,,11,0,1.314,-1.057,-0.646,0.543,1.958,At Risk,0.217,0.595,Core,0
18286,At Risk,United Kingdom,477,2,1246.43,623.22,,66,247,1.105,-0.555,0.218,1.127,1.183,Hibernating,0.488,-0.002,Borderline,1
18287,At Risk,United Kingdom,43,7,4132.99,590.43,66.8,119,528,-0.426,0.659,1.084,1.108,1.161,Champions,0.488,0.099,Borderline,1
