CustomerID,Segment,Recency,Frequency,Monetary,AvgOrderValue,InterPurchaseStd,ProductDiversity,TenureDays,Country
12346,At Risk,326,3,77352.96,25784.32,43.0,25,321,United Kingdom
12347,Champions,2,8,5633.32,704.16,17.6,126,402,Iceland
12348,At Risk,75,5,1658.4,331.68,49.7,24,362,Finland
12349,New Customers,19,3,3678.69,1226.23,103.5,137,570,Italy
12350,Hibernating,310,1,294.4,294.4,,16,0,Norway
12351,Hibernating,375,1,300.93,300.93,,21,0,Unspecified
12352,At Risk,36,9,1729.54,192.17,56.6,68,356,Norway
12353,Hibernating,204,2,406.76,203.38,,23,204,Bahrain
12354,Hibernating,232,1,1079.4,1079.4,,58,0,Spain
12355,At Risk,214,2,947.61,473.8,,35,353,Bahrain
12356,Champions,23,6,5613.68,935.61,74.8,103,401,Portugal
12357,At Risk,33,2,17437.66,8718.83,,260,355,Switzerland
12358,Champions,2,5,3447.07,689.41,27.3,55,730,Austria
12359,Champions,58,10,8935.94,893.59,43.4,305,676,Cyprus
12360,At Risk,52,6,3612.89,602.15,51.4,159,603,Austria
12361,Hibernating,287,4,451.25,112.81,31.2,17,394,Belgium
12362,Champions,3,10,4737.23,473.72,24.3,200,292,Belgium
12363,Hibernating,110,2,552.0,276.0,,23,132,Unspecified
12364,New Customers,8,4,1208.1,302.02,2.2,69,104,Belgium
12365,Hibernating,291,1,320.69,320.69,,21,0,Cyprus
12366,Hibernating,634,1,500.24,500.24,,3,0,Cyprus
12367,New Customers,4,1,150.9,150.9,,10,0,Denmark
12368,Hibernating,628,1,917.7,917.7,,18,0,Cyprus
12369,At Risk,413,3,1511.15,503.72,78.0,89,228,Austria
12370,At Risk,51,7,3960.31,565.76,103.9,167,617,Cyprus
12371,At Risk,60,4,3347.38,836.84,145.8,133,585,Switzerland
12372,At Risk,72,3,1196.04,398.68,28.5,33,224,Denmark
12373,At Risk,311,3,927.65,309.22,132.0,35,362,Austria
12374,New Customers,25,3,2669.22,889.74,114.5,78,563,Austria
12375,New Customers,11,2,377.5,188.75,,13,87,Finland
12376,Hibernating,390,2,383.15,191.58,,10,28,Switzerland
12377,At Risk,315,4,3266.32,816.58,82.6,128,274,Switzerland
12378,At Risk,130,2,5416.32,2708.16,,281,432,Switzerland
12379,At Risk,82,4,1470.22,367.56,72.0,57,452,Belgium
12380,Champions,22,8,7210.65,901.33,88.5,154,640,Belgium
12381,New Customers,5,3,1474.81,491.6,28.5,69,115,Norway
12383,At Risk,185,5,1628.56,325.71,16.2,83,167,Belgium
12384,New Customers,29,2,425.27,212.64,,25,92,Switzerland
12385,Hibernating,379,1,1668.4,1668.4,,64,0,Belgium
12386,Hibernating,338,2,660.8,330.4,,10,29,Australia
12387,Hibernating,415,1,143.94,143.94,,9,0,Australia
12388,Champions,16,8,3901.11,487.64,43.8,83,566,Australia
12389,At Risk,403,3,1433.33,477.78,38.5,41,253,Australia
12390,Hibernating,80,1,504.84,504.84,,31,0,Belgium
12391,Champions,22,6,2773.42,462.24,164.4,241,641,Cyprus
12392,Hibernating,591,1,234.75,234.75,,7,0,Australia
12393,At Risk,72,6,2399.45,399.91,57.0,63,356,Australia
12394,New Customers,64,2,1080.48,540.24,,25,153,Belgium
12395,Champions,19,15,4551.27,303.42,28.7,144,583,Belgium
12396,Hibernating,674,1,931.43,931.43,,65,0,RSA
12397,New Customers,36,2,2214.9,1107.45,,109,99,Belgium
12398,New Customers,46,1,1435.66,1435.66,,84,0,Switzerland
12399,At Risk,119,7,1842.3,263.19,41.5,66,525,Belgium
12400,Hibernating,414,1,205.25,205.25,,11,0,Australia
12401,Hibernating,303,1,69.3,69.3,,4,0,Belgium
12402,At Risk,323,6,1136.9,189.48,6.7,42,347,Belgium
12403,New Customers,50,2,947.36,473.68,,4,471,Denmark
12405,Hibernating,149,1,1390.39,1390.39,,53,0,Finland
12406,Champions,22,5,6390.36,1278.07,43.8,114,675,Denmark
12407,At Risk,50,5,1507.12,301.42,28.4,56,214,Belgium
12408,Champions,33,8,3905.77,488.22,35.1,103,465,Belgium
12409,Champions,79,7,23419.29,3345.61,81.2,177,486,Switzerland
12410,At Risk,309,3,773.71,257.9,97.0,35,193,Switzerland
12411,Hibernating,410,1,346.9,346.9,,22,0,Australia
12412,At Risk,75,6,2404.93,400.82,72.1,81,464,Denmark
12413,At Risk,67,4,871.45,217.86,43.6,40,335,France
12414,At Risk,217,4,532.41,133.1,58.4,19,246,Austria
12415,Champions,24,24,144033.37,6001.39,23.7,496,503,Australia
12416,Hibernating,657,1,202.56,202.56,,11,0,Australia
12417,Champions,3,20,6017.91,300.9,20.5,269,730,Belgium
12418,At Risk,113,4,2021.2,505.3,101.1,90,517,Switzerland
12419,Hibernating,386,2,391.01,195.5,,22,27,Spain
12420,New Customers,64,1,600.39,600.39,,29,0,Cyprus
12421,New Customers,16,6,874.6,145.77,27.9,43,489,Spain
12422,At Risk,96,12,3639.35,303.28,37.5,135,625,Switzerland
12423,Champions,1,10,2301.39,230.14,30.9,127,465,Belgium
12424,At Risk,163,4,3340.03,835.01,106.2,78,385,Australia
12425,At Risk,78,2,1741.41,870.7,,87,370,Portugal
12426,At Risk,195,2,1201.21,600.6,,72,468,Germany
12427,New Customers,22,3,949.3,316.43,136.0,25,349,Germany
12428,Champions,26,8,6405.26,800.66,35.3,256,257,Finland
12429,Champions,9,8,6979.91,872.49,58.9,123,537,Denmark
12430,New Customers,43,1,216.4,216.4,,10,0,Norway
12431,Champions,36,25,10527.97,421.12,22.6,243,658,Australia
12432,At Risk,43,4,4359.32,1089.83,61.3,106,129,Norway
12433,Champions,1,10,20581.26,2058.13,80.2,285,476,Norway
12434,At Risk,85,3,1103.43,367.81,27.5,62,296,Australia
12435,At Risk,80,6,13925.93,2320.99,38.9,88,657,Denmark
12436,Hibernating,100,1,429.01,429.01,,15,0,Norway
12437,Champions,2,38,11282.4,296.91,18.2,272,735,France
12438,New Customers,14,2,2466.85,1233.42,,83,125,Norway
12439,Hibernating,683,2,1158.18,579.09,,69,43,Cyprus
12440,Hibernating,462,2,739.2,369.6,,20,255,Austria
12441,Hibernating,367,1,311.1,311.1,,10,0,France
12442,New Customers,3,1,144.06,144.06,,11,0,Spain
12443,Hibernating,732,1,365.31,365.31,,20,0,Norway
12444,Champions,21,5,4085.46,817.09,8.2,137,149,Norway
12445,New Customers,22,2,378.98,189.49,,23,398,Spain
12446,New Customers,58,1,1002.31,1002.31,,57,0,RSA
12447,Hibernating,243,1,431.49,431.49,,25,0,Belgium
12448,New Customers,44,1,365.45,365.45,,21,0,Spain
12449,Champions,22,5,4274.89,854.98,85.6,124,416,Belgium
12450,At Risk,156,5,688.2,137.64,85.6,31,318,Spain
12451,Champions,11,8,12629.88,1578.74,55.9,351,518,Switzerland
12452,New Customers,17,1,348.57,348.57,,20,0,Switzerland
12453,Hibernating,134,1,707.09,707.09,,43,0,Austria
12454,At Risk,56,4,16459.78,4114.94,153.8,23,364,Spain
12455,At Risk,73,9,5722.95,635.88,43.1,198,648,Cyprus
12456,At Risk,44,3,2581.04,860.35,18.0,104,210,Switzerland
12457,At Risk,66,7,2555.91,365.13,79.2,62,368,Switzerland
12458,At Risk,71,4,1502.49,375.62,62.5,70,416,Switzerland
12459,Hibernating,605,1,398.36,398.36,,22,0,Spain
12460,Hibernating,456,1,296.65,296.65,,17,0,Belgium
12461,Hibernating,155,1,626.88,626.88,,34,0,Switzerland
12462,New Customers,19,2,937.59,468.79,,50,284,Spain
12463,At Risk,53,4,1200.78,300.2,42.0,64,188,Belgium
12464,New Customers,10,8,957.05,119.63,30.6,5,299,Belgium
12465,New Customers,17,2,682.19,341.1,,45,152,Belgium
12467,Hibernating,423,1,132.8,132.8,,9,0,USA
12468,At Risk,188,5,3238.74,647.75,54.1,126,495,Germany
12469,At Risk,523,2,3070.54,1535.27,,76,14,Thailand
12470,Hibernating,690,1,211.95,211.95,,23,0,Unspecified
12471,Champions,2,71,35145.5,495.01,12.3,252,730,Germany
12472,Champions,32,19,16494.59,868.14,22.4,396,693,Germany
12473,At Risk,54,3,2596.23,865.41,8.0,138,138,Germany
12474,Champions,17,29,11362.45,391.81,16.7,368,649,Germany
12475,New Customers,54,2,1065.64,532.82,,53,356,Germany
12476,Champions,16,18,12351.41,686.19,22.9,357,486,Germany
12477,Champions,23,9,20276.37,2252.93,44.3,295,600,Germany
12478,New Customers,4,1,545.99,545.99,,35,0,Greece
12479,New Customers,11,1,473.2,473.2,,30,0,Germany
12480,Champions,28,7,4834.85,690.69,32.3,176,479,Germany
12481,Champions,23,14,11191.39,799.38,44.9,247,584,Germany
12482,Champions,576,27,21941.72,812.66,9.2,41,77,Sweden
12483,Champions,17,19,4092.58,215.4,31.5,67,660,Sweden
12484,Champions,35,9,5573.15,619.24,59.9,328,645,Spain
12485,Hibernating,529,1,708.1,708.1,,34,0,Sweden
12486,Hibernating,432,1,917.28,917.28,,48,0,Sweden
12487,Hibernating,731,1,285.3,285.3,,2,0,Sweden
12488,New Customers,10,3,1244.66,414.89,3.0,45,65,France
12489,Hibernating,336,1,298.93,298.93,,14,0,France
12490,Champions,5,20,8764.64,438.23,27.4,194,733,France
12491,New Customers,39,1,424.4,424.4,,24,0,France
12492,New Customers,63,3,607.21,202.4,128.0,37,340,Germany
12493,Hibernating,166,2,379.74,189.87,,18,31,France
12494,Champions,16,9,1602.87,178.1,50.4,82,560,France
12495,Hibernating,641,1,277.4,277.4,,16,0,Sweden
12496,Hibernating,620,2,54.09,27.04,,10,0,Spain
12497,At Risk,82,3,5996.5,1998.83,37.5,40,563,Germany
12498,New Customers,21,3,349.7,116.57,18.0,20,36,Germany
12499,Hibernating,560,1,357.72,357.72,,26,0,Germany
12500,Champions,23,18,5559.21,308.85,34.0,87,650,Germany
12501,At Risk,337,1,2025.39,2025.39,,148,0,Germany
12502,At Risk,96,5,2995.87,599.17,22.1,101,214,Spain
12503,Hibernating,584,1,896.0,896.0,,1,0,Spain
12504,New Customers,18,4,689.05,172.26,153.4,10,578,Germany
12505,Hibernating,409,1,787.2,787.2,,41,0,Italy
12506,Hibernating,233,1,73.5,73.5,,23,0,France
12507,At Risk,134,4,1508.06,377.02,108.3,45,450,Spain
12508,New Customers,26,2,398.27,199.14,,57,2,France
12509,Hibernating,284,1,158.5,158.5,,6,0,France
12510,At Risk,143,7,3039.03,434.15,64.7,92,592,Spain
12511,At Risk,429,1,3084.02,3084.02,,190,0,Greece
12512,Hibernating,66,2,138.03,69.02,,31,0,Israel
12513,Hibernating,113,1,558.29,558.29,,34,0,France
12514,At Risk,267,2,1597.76,798.88,,76,374,Italy
12515,Hibernating,353,1,278.7,278.7,,15,0,Italy
12516,At Risk,78,4,2288.62,572.16,60.1,48,521,Germany
12517,New Customers,28,4,2322.84,580.71,7.8,231,161,Germany
12518,New Customers,1,5,1840.89,368.18,5.2,83,109,Germany
12519,New Customers,64,2,636.54,318.27,,33,413,Germany
12520,At Risk,79,5,2346.26,469.25,20.2,120,194,Germany
12521,Hibernating,143,1,545.68,545.68,,37,0,Germany
12522,New Customers,39,2,156.72,78.36,,10,12,Germany
12523,Champions,19,23,4030.15,175.22,25.7,175,712,France
12524,Champions,9,17,9794.11,576.12,33.3,156,660,Germany
12525,At Risk,498,3,883.73,294.58,16.5,55,149,France
12526,New Customers,1,3,1172.66,390.89,6.0,63,93,Germany
12527,At Risk,82,5,717.51,143.5,80.5,25,447,Germany
12528,New Customers,9,6,1645.48,274.25,34.1,49,303,Germany
12529,Hibernating,528,1,316.48,316.48,,21,0,France
12530,At Risk,60,9,3381.26,375.7,32.5,93,582,Germany
12531,New Customers,15,2,1771.2,885.6,,125,671,Germany
12532,New Customers,30,1,313.83,313.83,,15,0,France
12533,Hibernating,628,2,1223.89,611.94,,62,110,Germany
12534,Hibernating,131,1,981.18,981.18,,62,0,Germany
12535,New Customers,92,2,716.35,358.17,,28,94,France
12536,At Risk,59,1,4279.71,4279.71,,259,0,France
12537,Hibernating,409,1,612.94,612.94,,42,0,Sweden
12538,New Customers,29,2,640.45,320.23,,33,349,Spain
12539,Champions,22,7,11186.75,1598.11,104.1,275,694,Spain
12540,Champions,20,32,19250.49,601.58,14.5,353,712,Spain
12541,New Customers,30,3,841.18,280.39,18.5,45,251,Spain
12542,Hibernating,484,2,481.88,240.94,,39,156,Spain
12543,Hibernating,448,1,840.25,840.25,,42,0,Spain
12544,New Customers,36,1,316.7,316.7,,18,0,Spain
12545,New Customers,75,2,832.39,416.2,,41,184,Spain
12546,New Customers,47,2,1021.5,510.75,,58,31,Spain
12547,Hibernating,198,3,299.58,99.86,68.5,12,302,Spain
12548,Hibernating,166,1,67.2,67.2,,4,0,Spain
12549,At Risk,576,5,1570.68,314.14,42.9,37,121,USA
12550,New Customers,79,1,824.83,824.83,,56,0,Spain
12551,Hibernating,358,1,168.0,168.0,,10,0,Spain
12552,New Customers,40,1,317.82,317.82,,19,0,Italy
12553,Champions,8,12,4104.75,342.06,14.5,108,415,France
12554,Hibernating,449,1,384.5,384.5,,25,0,Spain
12556,New Customers,50,2,603.71,301.86,,100,100,Spain
12557,Champions,16,8,18716.14,2339.52,44.0,15,706,Spain
12558,New Customers,8,1,269.96,269.96,,11,0,USA
12559,Hibernating,311,2,525.71,262.86,,20,8,Germany
12560,New Customers,5,2,1918.01,959.0,,90,137,Germany
12561,Hibernating,303,1,238.85,238.85,,16,0,Germany
12562,Champions,8,9,4426.92,491.88,52.0,112,427,France
12563,Hibernating,409,1,221.24,221.24,,12,0,Italy
12564,Hibernating,261,1,402.9,402.9,,20,0,France
12565,Hibernating,289,1,145.92,145.92,,9,0,Saudi Arabia
12566,Hibernating,86,1,297.65,297.65,,18,0,Germany
12567,Champions,23,15,12467.86,831.19,36.0,364,644,France
12568,Hibernating,645,1,52.0,52.0,,4,0,Germany
12569,Champions,2,32,3152.69,98.52,9.0,91,250,Germany
12571,New Customers,40,2,519.61,259.8,,31,81,France
12572,New Customers,9,2,912.42,456.21,,52,43,Germany
12573,At Risk,227,5,717.41,143.48,56.8,107,237,France
12574,Hibernating,316,1,182.45,182.45,,10,0,France
12575,Hibernating,457,2,568.82,284.41,,33,69,France
12576,At Risk,36,8,2062.72,257.84,11.7,113,490,Poland
12577,At Risk,35,8,1649.8,206.22,142.9,258,700,France
12578,New Customers,21,4,4026.45,1006.61,119.0,148,422,Italy
12579,Hibernating,78,1,386.42,386.42,,28,0,France
12580,At Risk,247,2,962.9,481.45,,51,329,Germany
12581,New Customers,40,1,179.71,179.71,,14,0,Germany
12582,At Risk,239,4,1820.4,455.1,45.4,87,338,Finland
12583,Champions,3,27,13295.44,492.42,17.9,140,730,France
12584,Champions,4,9,2254.15,250.46,26.6,43,276,Italy
12585,At Risk,234,2,1824.1,912.05,,76,117,Germany
12586,New Customers,17,4,2062.67,515.67,139.5,82,706,Italy
12587,New Customers,8,1,104.0,104.0,,3,0,Finland
12588,New Customers,39,3,718.78,239.59,81.0,30,558,Finland
12589,At Risk,29,6,3294.91,549.15,105.5,119,660,France
12590,At Risk,211,1,9341.26,9341.26,,67,0,Germany
12591,At Risk,317,3,1128.15,376.05,27.5,62,91,Italy
12592,At Risk,92,4,1723.64,430.91,125.8,40,427,Germany
12593,Hibernating,109,3,382.1,127.37,34.0,13,110,France
12594,Champions,38,14,4890.11,349.29,27.5,77,608,Italy
12595,Hibernating,505,1,281.02,281.02,,18,0,Germany
12596,New Customers,51,2,450.27,225.14,,24,190,Spain
12597,New Customers,19,4,3195.22,798.8,49.8,183,248,Spain
12598,Champions,10,10,4192.09,419.21,64.9,129,639,France
12599,Champions,29,13,2026.72,155.9,27.9,46,548,France
12600,Champions,29,20,4444.35,222.22,22.8,51,703,Germany
12601,At Risk,190,6,573.26,95.54,19.3,23,214,Germany
12602,Hibernating,59,1,153.12,153.12,,12,0,France
12603,New Customers,22,1,613.2,613.2,,1,0,Germany
12604,Hibernating,79,2,236.18,118.09,,14,182,France
12605,At Risk,376,3,1124.95,374.98,6.0,62,81,Germany
12607,New Customers,60,1,1579.51,1579.51,,101,0,USA
12608,Hibernating,405,1,415.79,415.79,,16,0,United Kingdom
12609,At Risk,78,9,3021.86,335.76,27.5,128,641,Germany
12610,New Customers,23,4,1747.54,436.88,18.7,84,103,Italy
12611,New Customers,52,1,1193.32,1193.32,,65,0,Italy
12612,New Customers,74,1,668.04,668.04,,18,0,Germany
12613,Champions,57,9,6295.07,699.45,42.0,217,668,Germany
12614,Hibernating,278,1,315.6,315.6,,20,0,Germany
12615,Champions,2,8,5362.98,670.37,75.3,197,629,France
12616,At Risk,95,3,1023.1,341.03,55.5,31,293,France
12617,New Customers,29,1,355.53,355.53,,39,0,France
12618,New Customers,22,1,137.31,137.31,,10,0,Italy
12619,Champions,16,9,3085.7,342.86,93.0,53,544,Germany
12620,New Customers,15,3,1303.41,434.47,29.0,88,189,France
12621,Champions,2,35,22525.81,643.59,14.4,343,666,Germany
12622,Hibernating,232,1,162.1,162.1,,10,0,Germany
12623,At Risk,276,7,3315.84,473.69,33.1,111,420,Germany
12624,Hibernating,106,2,569.13,284.56,,35,71,France
12625,At Risk,212,4,4678.88,1169.72,44.4,143,384,Germany
12626,Champions,23,9,5954.48,661.61,45.2,231,303,Germany
12627,Champions,11,6,4082.53,680.42,15.8,161,129,Germany
12628,New Customers,4,3,732.46,244.15,1.0,33,60,Germany
12629,At Risk,386,2,1198.22,599.11,,39,37,Sweden
12630,New Customers,10,2,1030.88,515.44,,59,34,Finland
12631,At Risk,57,6,3321.57,553.59,140.1,130,635,Finland
12632,Hibernating,521,2,714.88,357.44,,31,44,Germany
12633,At Risk,59,7,5156.16,736.59,23.7,219,466,Germany
12634,Hibernating,548,1,360.0,360.0,,19,0,USA
12635,At Risk,90,4,2624.41,656.1,81.8,158,367,Germany
12637,Champions,67,12,8142.31,678.53,32.4,294,476,France
12638,New Customers,33,2,681.49,340.74,,46,606,Sweden
12639,At Risk,239,3,1072.37,357.46,1.5,57,389,Sweden
12640,New Customers,24,3,994.58,331.53,28.0,46,57,France
12641,Hibernating,115,1,145.9,145.9,,9,0,Sweden
12642,New Customers,25,3,905.26,301.75,16.0,38,82,Germany
12643,At Risk,128,11,7849.42,713.58,36.2,13,482,France
12644,At Risk,130,4,1900.49,475.12,118.8,105,564,Germany
12645,Champions,34,8,3215.3,401.91,46.2,110,635,Germany
12646,New Customers,5,2,1346.97,673.48,,43,44,USA
12647,Champions,22,35,14916.35,426.18,18.6,239,672,Germany
12648,At Risk,155,4,1039.0,259.75,91.8,37,546,Germany
12649,At Risk,107,8,2096.65,262.08,65.2,93,588,Germany
12650,New Customers,3,1,242.44,242.44,,19,0,France
12651,Hibernating,335,4,377.75,94.44,12.7,30,130,France
12652,Hibernating,331,2,891.03,445.52,,50,102,France
12653,At Risk,149,3,4160.83,1386.94,41.0,76,378,Israel
12654,New Customers,11,5,529.98,106.0,62.5,30,284,Germany
12655,Hibernating,424,1,243.35,243.35,,15,0,France
12656,Champions,17,8,5723.83,715.48,49.7,173,545,France
12657,New Customers,11,4,1427.18,356.8,15.9,34,67,France
12658,New Customers,19,1,632.05,632.05,,35,0,Germany
12659,New Customers,30,1,73.68,73.68,,4,0,France
12660,New Customers,11,1,227.1,227.1,,12,0,France
12661,Hibernating,436,1,162.0,162.0,,11,0,Sweden
12662,Champions,1,20,6374.02,318.7,16.6,162,617,Germany
12663,Hibernating,625,2,185.4,92.7,,8,43,Germany
12664,Champions,8,11,5420.04,492.73,71.3,9,718,Finland
12665,Hibernating,325,3,259.6,86.53,79.5,12,344,Germany
12666,Hibernating,394,1,1248.42,1248.42,,31,0,Israel
12667,New Customers,58,1,460.13,460.13,,32,0,Finland
12668,Champions,12,9,9967.68,1107.52,70.5,262,665,Germany
12669,At Risk,151,2,1427.73,713.86,,96,105,France
12670,Champions,10,7,3436.29,490.9,88.6,70,656,France
12671,At Risk,606,1,2622.48,2622.48,,44,0,Germany
12672,Hibernating,330,2,407.05,203.52,,21,265,France
12673,New Customers,5,3,1140.02,380.01,123.0,67,396,Germany
12674,At Risk,39,4,1844.6,461.15,17.3,51,169,France
12675,Hibernating,554,2,874.5,437.25,,110,24,Italy
12676,Champions,25,10,2333.09,233.31,27.0,66,458,Sweden
12677,Hibernating,555,2,359.1,179.55,,12,111,France
12678,Champions,42,15,32595.18,2173.01,26.9,197,658,France
12679,At Risk,59,4,951.02,237.76,36.4,42,225,France
12680,New Customers,1,4,790.81,197.7,25.2,32,112,France
12681,Champions,15,44,27898.28,634.05,14.4,458,711,France
12682,Champions,4,51,21693.91,425.37,11.0,326,735,France
12683,Champions,4,20,11400.78,570.04,33.7,235,722,France
12684,New Customers,8,6,2073.63,345.6,33.9,59,205,France
12685,At Risk,28,6,2575.08,429.18,8.2,116,65,France
12686,Hibernating,372,1,142.28,142.28,,6,0,France
12687,Hibernating,481,1,1858.91,1858.91,,125,0,Sweden
12688,At Risk,114,1,4873.81,4873.81,,171,0,Israel
12689,New Customers,26,2,1139.61,569.8,,56,101,France
12690,Hibernating,206,1,335.01,335.01,,15,0,France
12691,New Customers,28,6,1044.4,174.07,51.8,23,392,France
12692,Hibernating,637,1,110.95,110.95,,13,0,France
12693,At Risk,127,7,1415.02,202.15,11.9,62,395,Germany
12694,At Risk,70,3,1663.35,554.45,62.5,68,350,France
12695,New Customers,7,7,1371.12,195.87,95.0,45,658,France
12696,Hibernating,435,2,731.91,365.96,,42,74,Finland
12697,New Customers,29,3,757.59,252.53,32.5,36,140,Sweden
12698,Hibernating,590,1,285.75,285.75,,15,0,Germany
12699,Hibernating,418,1,566.11,566.11,,40,0,Germany
12700,Champions,8,4,4525.99,1131.5,15.3,192,207,France
12701,At Risk,80,6,2248.41,374.73,104.0,117,553,Germany
12702,New Customers,20,1,201.0,201.0,,11,0,Germany
12703,At Risk,71,4,898.53,224.63,253.7,55,613,Germany
12704,Champions,7,8,1740.84,217.6,14.5,63,162,Finland
12705,Champions,15,13,11114.1,854.93,34.2,319,518,Germany
12707,Hibernating,292,1,603.42,603.42,,33,0,France
12708,Champions,30,18,4738.1,263.23,17.7,129,691,Germany
12709,Champions,15,32,30162.76,942.59,14.7,187,715,Germany
12710,At Risk,97,3,1023.02,341.01,12.5,74,104,Germany
12711,Hibernating,612,2,1213.05,606.52,,55,65,Germany
12712,Champions,29,21,6401.66,304.84,20.0,125,701,Germany
12713,New Customers,1,1,794.55,794.55,,37,0,Germany
12714,Champions,9,12,12815.71,1067.98,21.9,435,726,France
12715,Hibernating,106,1,273.86,273.86,,19,0,Sweden
12716,New Customers,4,2,963.49,481.74,,59,129,France
12717,At Risk,151,3,1058.91,352.97,125.5,59,439,Greece
12718,Hibernating,71,1,202.25,202.25,,18,0,France
12719,New Customers,5,2,572.95,286.48,,33,59,France
12720,Champions,3,29,7306.67,251.95,15.1,261,503,Germany
12721,Champions,32,8,3635.08,454.38,22.8,182,440,France
12722,At Risk,85,4,979.63,244.91,13.3,49,65,France
12723,New Customers,4,5,707.07,141.41,20.1,52,61,France
12724,Champions,5,7,2083.52,297.65,43.0,93,530,France
12725,At Risk,371,3,2278.56,759.52,63.5,91,213,Italy
12726,Champions,28,11,3690.6,335.51,27.3,62,595,France
12727,Champions,11,10,4905.53,490.55,42.9,131,644,France
12728,At Risk,71,5,926.17,185.23,63.0,47,312,France
12729,Hibernating,114,1,417.01,417.01,,25,0,France
12730,Hibernating,522,1,703.25,703.25,,46,0,Germany
12731,Champions,24,17,25631.71,1507.75,22.9,136,624,France
12732,Hibernating,180,1,218.26,218.26,,11,0,France
12733,At Risk,234,4,2424.02,606.0,34.4,116,455,USA
12734,Hibernating,353,3,603.65,201.22,2.0,16,39,France
12735,Hibernating,315,2,689.57,344.78,,37,21,France
12736,Hibernating,333,1,144.0,144.0,,3,0,France
12738,Hibernating,372,1,274.7,274.7,,10,0,Germany
12739,At Risk,99,2,2421.23,1210.62,,83,295,United Arab Emirates
12740,New Customers,64,1,427.6,427.6,,27,0,France
12741,Hibernating,533,1,236.07,236.07,,15,0,USA
12742,Hibernating,626,1,1201.52,1201.52,,67,0,United Arab Emirates
12743,Hibernating,134,2,546.43,273.22,,114,0,Unspecified
12744,Champions,56,8,13158.16,1644.77,53.3,244,534,Singapore
12745,Hibernating,487,2,723.85,361.92,,20,87,United Kingdom
12746,Hibernating,541,1,254.55,254.55,,17,0,United Kingdom
12747,Champions,2,26,9276.54,356.79,17.1,85,730,United Kingdom
12748,Champions,1,322,52194.26,162.09,3.7,2283,734,United Kingdom
12749,Champions,4,9,6847.36,760.82,61.1,259,517,United Kingdom
12750,Hibernating,129,1,275.88,275.88,,15,0,Poland
12751,Hibernating,445,1,268.27,268.27,,61,0,Brazil
12752,At Risk,81,1,4366.78,4366.78,,53,0,Norway
12753,Champions,23,6,21429.39,3571.56,38.7,132,339,Japan
12754,At Risk,236,3,3010.74,1003.58,5.5,49,72,Japan
12755,At Risk,281,11,9030.66,820.97,43.5,34,413,Japan
12756,Hibernating,87,1,112.08,112.08,,4,0,Japan
12757,Champions,16,9,4199.2,466.58,24.0,235,195,Portugal
12758,At Risk,117,7,9903.24,1414.75,55.2,187,621,Portugal
12759,Champions,52,8,4618.74,577.34,40.2,205,683,Netherlands
12760,Hibernating,456,1,317.8,317.8,,20,0,Netherlands
12761,Hibernating,465,1,712.95,712.95,,25,0,Netherlands
12762,New Customers,8,2,1702.52,851.26,,61,17,Portugal
12763,At Risk,138,2,814.16,407.08,,16,230,Japan
12764,Hibernating,317,1,1693.88,1693.88,,45,0,Lebanon
12765,At Risk,472,6,1299.58,216.6,14.0,48,169,Netherlands
12766,Champions,4,9,9116.28,1012.92,26.4,252,403,Portugal
12767,Hibernating,376,1,949.82,949.82,,43,0,Korea
12768,Hibernating,451,1,168.69,168.69,,10,0,Korea
12769,Hibernating,239,1,1143.6,1143.6,,32,0,Brazil
12770,At Risk,211,2,3246.45,1623.22,,19,245,Japan
12771,Hibernating,486,1,226.3,226.3,,14,0,Portugal
12772,New Customers,60,1,752.47,752.47,,54,0,Portugal
12773,Hibernating,564,1,124.25,124.25,,6,0,Portugal
12774,Hibernating,536,1,83.7,83.7,,5,0,Netherlands
12775,New Customers,17,7,1551.12,221.59,52.3,54,392,Netherlands
12776,Hibernating,668,1,27.5,27.5,,3,0,Portugal
12777,Hibernating,458,1,519.45,519.45,,26,0,United Kingdom
12778,Champions,20,9,1541.68,171.3,42.4,76,583,Netherlands
12779,Champions,38,14,6722.27,480.16,41.5,142,699,Poland
12780,Hibernating,599,1,322.4,322.4,,19,0,Netherlands
12781,New Customers,64,2,786.74,393.37,,24,221,Czech Republic
12782,Champions,5,11,3862.24,351.11,42.2,141,514,Portugal
12783,New Customers,2,4,1295.87,323.97,4.5,74,73,Portugal
12784,New Customers,15,2,1552.75,776.38,,120,513,Portugal
12785,At Risk,364,3,904.4,301.47,12.5,41,366,Portugal
12786,Hibernating,610,1,668.5,668.5,,17,0,Netherlands
12787,New Customers,10,4,799.18,199.8,61.5,29,403,Netherlands
12788,Hibernating,463,4,384.9,96.22,12.5,19,65,Netherlands
12789,New Customers,65,3,225.35,75.12,133.0,4,628,Netherlands
12790,Hibernating,192,2,546.85,273.42,,35,218,Netherlands
12791,At Risk,374,5,834.43,166.89,84.3,15,250,Netherlands
12792,Hibernating,257,2,715.01,357.5,,38,278,Portugal
12793,At Risk,335,3,849.33,283.11,3.5,33,66,Portugal
12794,New Customers,53,2,860.41,430.2,,43,45,Portugal
12795,New Customers,19,1,318.48,318.48,,13,0,Portugal
12796,Hibernating,628,1,351.0,351.0,,6,0,Netherlands
12797,Hibernating,366,2,694.11,347.06,,26,58,Portugal
12798,Champions,10,4,8510.93,2127.73,88.9,27,411,Japan
12799,Hibernating,529,1,219.35,219.35,,15,0,Japan
12800,Hibernating,470,2,500.25,250.12,,30,206,Portugal
12801,Hibernating,501,1,871.82,871.82,,49,0,Sweden
12802,At Risk,187,5,2186.42,437.28,96.2,106,377,Netherlands
12803,Hibernating,393,1,1017.81,1017.81,,54,0,Netherlands
12804,Hibernating,466,2,327.02,163.51,,60,34,Netherlands
12805,At Risk,382,4,1230.95,307.74,22.5,43,293,Netherlands
12806,At Risk,572,2,2558.96,1279.48,,56,16,Netherlands
12807,Hibernating,383,1,250.35,250.35,,15,0,Sweden
12808,New Customers,37,5,850.1,170.02,62.5,45,425,Portugal
12809,At Risk,178,3,1384.34,461.45,153.0,74,469,Portugal
12810,Hibernating,535,2,534.99,267.5,,32,142,Japan
12811,At Risk,262,4,893.9,223.48,29.3,46,165,Portugal
12812,New Customers,45,1,229.64,229.64,,15,0,Japan
12813,At Risk,502,3,1621.8,540.6,19.0,36,191,Netherlands
12814,Hibernating,102,1,85.92,85.92,,1,0,Poland
12815,At Risk,148,2,863.46,431.73,,37,50,Poland
12816,Hibernating,96,2,452.2,226.1,,26,80,Poland
12817,Hibernating,281,3,570.98,190.33,41.5,15,153,Austria
12818,Hibernating,262,1,1182.08,1182.08,,13,0,Austria
12819,Hibernating,458,1,540.52,540.52,,19,0,United Kingdom
12820,Champions,3,11,2689.52,244.5,64.1,131,731,United Kingdom
12821,Hibernating,214,2,220.8,110.4,,13,397,United Kingdom
12822,New Customers,71,2,948.88,474.44,,41,16,United Kingdom
12823,Champions,75,18,6501.5,361.19,34.3,1,604,United Kingdom
12824,New Customers,60,1,397.12,397.12,,25,0,United Kingdom
12825,Hibernating,521,2,518.63,259.32,,20,120,United Kingdom
12826,Champions,3,12,2955.75,246.31,59.1,93,718,United Kingdom
12827,New Customers,6,3,430.15,143.38,7.5,19,38,United Kingdom
12828,New Customers,3,6,1018.71,169.78,18.8,46,127,United Kingdom
12829,Hibernating,337,3,385.3,128.43,83.0,17,213,United Kingdom
12830,Champions,38,6,6814.64,1135.77,19.4,13,134,United Kingdom
12831,Hibernating,262,3,451.11,150.37,100.5,16,200,United Kingdom
12832,New Customers,32,2,383.03,191.52,,27,65,United Kingdom
12833,Hibernating,145,1,417.38,417.38,,24,0,United Kingdom
12834,Hibernating,283,1,312.38,312.38,,18,0,United Kingdom
12835,Champions,428,41,6043.31,147.4,5.3,138,308,United Kingdom
12836,Champions,59,15,6585.62,439.04,25.3,280,679,United Kingdom
12837,Hibernating,173,2,688.41,344.2,,83,396,United Kingdom
12838,Champions,34,10,3398.48,339.85,100.8,230,559,United Kingdom
12839,Champions,3,26,10071.73,387.37,21.0,156,730,United Kingdom
12840,At Risk,144,7,4041.97,577.42,68.8,109,530,United Kingdom
12841,Champions,5,40,7540.68,188.52,8.4,307,514,United Kingdom
12842,At Risk,70,4,1917.99,479.5,97.4,45,667,United Kingdom
12843,Champions,66,28,6466.92,230.96,29.0,127,661,United Kingdom
12844,New Customers,29,4,648.6,162.15,90.0,88,564,United Kingdom
12845,Hibernating,267,4,354.09,88.52,8.7,26,22,United Kingdom
12847,New Customers,22,2,1636.9,818.45,,100,365,United Kingdom
12848,Hibernating,676,1,208.0,208.0,,16,0,United Kingdom
12849,At Risk,31,6,3064.07,510.68,81.6,122,559,United Kingdom
12850,Hibernating,446,1,330.0,330.0,,2,0,United Kingdom
12851,Hibernating,97,2,284.13,142.06,,71,380,United Kingdom
12852,Hibernating,295,1,311.55,311.55,,17,0,United Kingdom
12853,At Risk,135,11,3907.5,355.23,48.1,111,537,United Kingdom
12854,At Risk,79,7,2994.02,427.72,76.1,188,649,United Kingdom
12855,At Risk,373,4,650.94,162.74,9.1,65,29,United Kingdom
12856,New Customers,8,6,2179.93,363.32,3.2,155,55,United Kingdom
12857,At Risk,211,6,3688.0,614.67,24.1,71,472,United Kingdom
12858,Hibernating,383,1,177.92,177.92,,36,0,United Kingdom
12859,Hibernating,459,1,575.1,575.1,,21,0,United Kingdom
12860,Hibernating,693,1,55.47,55.47,,16,0,United Kingdom
12861,Hibernating,620,1,68.25,68.25,,4,0,United Kingdom
12862,Hibernating,426,2,1008.32,504.16,,119,69,United Kingdom
12863,At Risk,52,6,2792.55,465.42,118.8,24,537,United Kingdom
12864,Hibernating,138,2,299.57,149.78,,5,369,United Kingdom
12865,New Customers,26,4,3323.47,830.87,74.2,156,450,Austria
12866,At Risk,283,3,1092.35,364.12,81.5,57,219,Belgium
12867,Champions,26,13,7913.29,608.71,14.7,365,696,United Kingdom
12868,At Risk,186,8,2247.06,280.88,16.7,86,207,United Kingdom
12869,Hibernating,682,1,337.67,337.67,,35,0,United Kingdom
12870,At Risk,375,3,1676.95,558.98,22.5,85,248,United Kingdom
12871,At Risk,84,3,744.02,248.01,54.5,13,355,United Kingdom
12872,At Risk,327,12,3685.49,307.12,14.4,217,409,United Kingdom
12873,At Risk,282,3,2027.3,675.77,84.5,33,399,United Kingdom
12874,Hibernating,385,2,873.42,436.71,,43,169,Belgium
12875,At Risk,143,5,1356.99,271.4,48.2,2,554,United Kingdom
12876,At Risk,58,4,3751.79,937.95,27.4,116,532,Belgium
12877,Champions,4,20,2955.17,147.76,19.7,149,687,United Kingdom
12878,Hibernating,236,2,854.99,427.5,,38,29,United Kingdom
12879,New Customers,45,3,573.22,191.07,13.5,7,47,United Kingdom
12880,Hibernating,382,2,640.13,320.06,,32,192,United Kingdom
12881,Hibernating,276,1,298.0,298.0,,7,0,United Kingdom
12882,New Customers,9,2,1463.04,731.52,,12,24,United Kingdom
12883,New Customers,25,4,703.47,175.87,30.6,39,64,United Kingdom
12884,Hibernating,88,1,309.05,309.05,,7,0,United Kingdom
12885,At Risk,63,3,1175.22,391.74,30.0,66,60,United Kingdom
12886,New Customers,68,2,1378.4,689.2,,75,151,United Kingdom
12887,Hibernating,384,1,222.4,222.4,,13,0,United Kingdom
12888,Hibernating,214,2,354.12,177.06,,4,41,United Kingdom
12889,Hibernating,381,4,385.46,96.36,5.6,25,121,United Kingdom
12890,New Customers,24,2,717.27,358.64,,124,363,United Kingdom
12891,At Risk,186,11,840.5,76.41,44.6,2,473,United Kingdom
12892,Hibernating,397,1,263.38,263.38,,18,0,United Kingdom
12893,New Customers,31,1,188.14,188.14,,27,0,United Kingdom
12894,Hibernating,575,1,157.35,157.35,,21,0,United Kingdom
12895,New Customers,42,2,372.8,186.4,,22,44,United Kingdom
12897,At Risk,205,4,514.25,128.56,35.3,10,339,United Kingdom
12898,Hibernating,464,2,310.96,155.48,,27,195,United Kingdom
12899,Hibernating,414,1,366.4,366.4,,17,0,United Kingdom
12900,Hibernating,422,1,340.33,340.33,,13,0,United Kingdom
12901,Champions,9,28,17654.54,630.52,8.1,30,261,United Kingdom
12902,Hibernating,265,1,138.68,138.68,,10,0,United Kingdom
12903,Hibernating,429,1,833.53,833.53,,41,0,United Kingdom
12904,New Customers,18,2,509.58,254.79,,59,154,United Kingdom
12905,Hibernating,577,2,1018.42,509.21,,52,105,United Kingdom
12906,New Customers,12,5,2919.81,583.96,29.0,55,66,United Kingdom
12907,Hibernating,396,2,508.91,254.46,,23,98,United Kingdom
12908,At Risk,176,5,1776.0,355.2,26.7,1,453,United Kingdom
12909,At Risk,40,8,3103.19,387.9,54.7,120,614,United Kingdom
12910,Champions,23,13,5796.52,445.89,44.0,75,598,United Kingdom
12911,Hibernating,552,1,1680.47,1680.47,,220,0,United Kingdom
12912,New Customers,3,5,1662.3,332.46,4.5,17,37,United Kingdom
12913,Champions,5,13,6700.86,515.45,75.3,52,733,United Kingdom
12914,Hibernating,401,1,223.98,223.98,,9,0,United Kingdom
12915,At Risk,149,4,1174.75,293.69,54.9,46,440,United Kingdom
12916,At Risk,139,7,4654.02,664.86,39.6,82,545,United Kingdom
12917,At Risk,128,6,4359.2,726.53,90.1,45,602,United Kingdom
12919,New Customers,8,6,1335.19,222.53,27.7,34,161,United Kingdom
12920,New Customers,17,4,488.09,122.02,233.5,59,707,United Kingdom
12921,Champions,9,74,35921.04,485.42,12.1,322,729,United Kingdom
12922,Hibernating,161,1,405.38,405.38,,28,0,United Kingdom
12923,New Customers,64,3,788.62,262.87,70.5,53,511,United Kingdom
12924,At Risk,88,12,2461.45,205.12,36.8,55,642,United Kingdom
12925,New Customers,5,3,729.33,243.11,224.0,46,588,United Kingdom
12926,At Risk,411,4,1548.08,387.02,79.8,201,314,United Kingdom
12927,Hibernating,395,1,197.31,197.31,,11,0,United Kingdom
12928,Champions,35,12,4304.89,358.74,40.5,94,514,United Kingdom
12929,Hibernating,312,1,117.85,117.85,,8,0,United Kingdom
12930,New Customers,78,2,415.8,207.9,,20,93,United Kingdom
12931,Champions,22,57,92347.34,1620.13,16.5,37,717,United Kingdom
12932,At Risk,539,8,1698.56,212.32,16.0,69,128,United Kingdom
12933,Champions,24,8,1687.03,210.88,86.9,227,704,United Kingdom
12934,Hibernating,737,1,181.65,181.65,,2,0,United Kingdom
12935,Champions,2,15,4243.86,282.92,32.1,113,605,United Kingdom
12936,New Customers,17,4,1063.9,265.98,26.0,56,61,United Kingdom
12937,Champions,15,9,3097.61,344.18,63.2,128,720,United Kingdom
12938,New Customers,26,1,114.14,114.14,,9,0,United Kingdom
12939,Champions,64,20,25264.8,1263.24,31.7,24,632,United Kingdom
12940,New Customers,55,2,913.54,456.77,,87,33,United Kingdom
12941,Hibernating,724,1,377.49,377.49,,27,0,United Kingdom
12942,At Risk,131,3,942.65,314.22,51.0,68,234,United Kingdom
12943,Hibernating,558,2,496.5,248.25,,22,47,United Kingdom
12944,New Customers,36,2,604.51,302.26,,29,319,United Kingdom
12945,Hibernating,288,2,900.11,450.06,,47,367,United Kingdom
12946,Hibernating,437,1,324.45,324.45,,20,0,United Kingdom
12947,At Risk,144,6,1908.03,318.01,32.6,83,229,United Kingdom
12948,Champions,16,9,2317.43,257.49,145.5,89,721,United Kingdom
12949,Champions,31,22,15526.7,705.76,36.7,347,705,United Kingdom
12950,New Customers,2,3,1843.0,614.33,5.0,13,21,United Kingdom
12951,Champions,9,15,3213.72,214.25,36.3,110,689,United Kingdom
12952,New Customers,6,4,1387.79,346.95,17.2,64,72,United Kingdom
12953,New Customers,10,2,828.81,414.4,,45,512,United Kingdom
12954,Hibernating,639,1,162.45,162.45,,10,0,United Kingdom
12955,Champions,1,11,4757.16,432.47,15.2,81,266,United Kingdom
12956,At Risk,306,4,521.89,130.47,169.5,42,417,United Kingdom
12957,Champions,10,13,8706.97,669.77,55.2,402,718,United Kingdom
12958,Hibernating,400,2,539.49,269.74,,45,182,United Kingdom
12959,Hibernating,484,1,150.95,150.95,,8,0,United Kingdom
12960,At Risk,414,4,1322.07,330.52,9.8,49,247,United Kingdom
12961,Hibernating,379,1,211.99,211.99,,37,0,United Kingdom
12962,New Customers,7,2,266.39,133.2,,15,106,United Kingdom
12963,Champions,8,12,3601.59,300.13,77.0,129,510,United Kingdom
12964,Hibernating,437,1,132.24,132.24,,26,0,United Kingdom
12965,Hibernating,89,1,771.91,771.91,,108,0,United Kingdom
12966,New Customers,10,1,160.18,160.18,,10,0,United Kingdom
12967,At Risk,358,3,4306.92,1435.64,0.5,47,25,United Kingdom
12968,Hibernating,112,1,135.95,135.95,,5,0,United Kingdom
12969,Hibernating,603,1,122.45,122.45,,5,0,United Kingdom
12970,Champions,7,10,1523.91,152.39,134.8,279,728,United Kingdom
12971,Champions,4,116,15972.79,137.7,7.9,102,720,United Kingdom
12972,At Risk,414,4,1161.2,290.3,64.5,69,247,United Kingdom
12973,Hibernating,414,1,385.55,385.55,,6,0,United Kingdom
12974,Hibernating,198,2,408.95,204.48,,27,367,United Kingdom
12975,At Risk,437,6,2100.09,350.02,81.5,92,296,United Kingdom
12976,At Risk,212,8,3156.38,394.55,54.3,106,453,United Kingdom
12977,At Risk,156,4,517.63,129.41,160.3,54,355,United Kingdom
12978,At Risk,385,5,2502.82,500.56,100.9,126,344,United Kingdom
12979,Hibernating,729,1,517.7,517.7,,56,0,United Arab Emirates
12980,Champions,158,21,16245.78,773.61,14.9,7,579,United Kingdom
12981,New Customers,30,2,372.22,186.11,,12,103,United Kingdom
12982,At Risk,243,8,2744.81,343.1,47.8,139,363,United Kingdom
12983,Hibernating,598,1,490.08,490.08,,30,0,United Kingdom
12984,New Customers,19,1,97.5,97.5,,4,0,United Kingdom
12985,New Customers,1,2,1239.38,619.69,,73,27,United Kingdom
12986,At Risk,429,10,2729.84,272.98,28.6,61,259,United Kingdom
12987,At Risk,74,5,1312.21,262.44,56.4,61,615,United Kingdom
12988,Hibernating,292,1,535.32,535.32,,75,0,United Kingdom
12989,Champions,3,33,13551.75,410.66,18.3,50,726,United Kingdom
12990,New Customers,31,7,955.5,136.5,41.4,9,588,United Kingdom
12991,New Customers,23,3,764.82,254.94,94.0,45,366,United Kingdom
12992,Hibernating,725,1,93.35,93.35,,6,0,United Kingdom
12993,New Customers,23,8,1259.63,157.45,59.1,57,636,United Kingdom
12994,New Customers,4,3,974.42,324.81,16.0,52,264,United Kingdom
12995,Hibernating,85,1,211.32,211.32,,3,0,United Kingdom
12996,Hibernating,376,1,355.5,355.5,,22,0,United Kingdom
12997,Champions,22,8,2110.91,263.86,33.9,65,590,United Kingdom
12998,At Risk,493,3,920.08,306.69,37.5,58,160,United Kingdom
12999,Hibernating,196,3,455.88,151.96,15.5,25,49,United Kingdom
13000,At Risk,107,4,1032.5,258.12,111.1,57,618,United Kingdom
13001,Champions,4,33,24172.1,732.49,24.5,300,731,United Kingdom
13002,Hibernating,318,3,414.13,138.04,40.0,19,116,United Kingdom
13003,Hibernating,106,3,149.05,49.68,8.5,4,109,United Kingdom
13004,Champions,12,36,11650.85,323.63,10.4,417,713,United Kingdom
13005,At Risk,174,4,999.68,249.92,66.7,41,283,United Kingdom
13006,Hibernating,56,1,81.57,81.57,,4,0,United Kingdom
13007,Hibernating,580,1,175.25,175.25,,11,0,United Kingdom
13008,Hibernating,323,3,612.13,204.04,126.0,31,399,United Kingdom
13009,Hibernating,673,1,234.0,234.0,,4,0,United Kingdom
13010,Hibernating,374,2,330.12,165.06,,10,274,United Kingdom
13011,Hibernating,372,1,101.1,101.1,,3,0,United Kingdom
13012,Champions,9,11,2972.83,270.26,39.4,95,582,United Kingdom
13013,Champions,1,29,12625.77,435.37,26.8,289,724,United Kingdom
13014,Champions,11,11,5381.08,489.19,40.1,140,422,United Kingdom
13015,Champions,53,11,6586.42,598.77,63.5,260,549,United Kingdom
13016,New Customers,73,3,789.89,263.3,25.0,39,49,United Kingdom
13017,New Customers,7,1,204.0,204.0,,1,0,United Kingdom
13018,Champions,16,35,9763.16,278.95,30.6,401,632,United Kingdom
13019,At Risk,379,6,1229.95,204.99,57.9,46,353,United Kingdom
13020,Hibernating,563,2,618.96,309.48,,38,97,United Kingdom
13021,Champions,4,17,4887.24,287.48,34.1,166,730,United Kingdom
13022,Hibernating,430,1,50.3,50.3,,4,0,Belgium
13023,At Risk,64,3,1251.03,417.01,167.0,68,464,United Kingdom
13024,Hibernating,471,2,555.87,277.94,,26,111,United Kingdom
13025,Hibernating,732,1,323.39,323.39,,13,0,United Kingdom
13026,Champions,1,9,1733.08,192.56,54.7,52,725,United Kingdom
13027,Champions,114,19,17335.2,912.38,22.2,7,574,United Kingdom
13028,New Customers,23,2,661.32,330.66,,40,22,United Kingdom
13029,New Customers,31,5,1927.3,385.46,70.3,13,492,United Kingdom
13030,New Customers,11,2,1227.22,613.61,,76,356,United Kingdom
13031,At Risk,407,5,3419.27,683.85,13.9,275,147,United Kingdom
13032,At Risk,52,9,2843.55,315.95,97.3,147,408,United Kingdom
13033,Hibernating,357,2,220.55,110.28,,12,72,United Kingdom
13034,New Customers,55,3,922.68,307.56,141.5,42,346,United Kingdom
13035,At Risk,74,3,1364.2,454.73,8.0,27,357,United Kingdom
13036,Hibernating,685,1,307.1,307.1,,6,0,United Kingdom
13037,At Risk,138,12,3914.95,326.25,34.6,181,597,United Kingdom
13038,At Risk,80,3,908.46,302.82,2.0,24,210,United Kingdom
13039,At Risk,584,4,1010.73,252.68,41.1,37,138,United Kingdom
13040,New Customers,9,2,676.99,338.5,,38,24,United Kingdom
13041,At Risk,451,4,799.13,199.78,17.2,23,139,United Kingdom
13042,At Risk,598,3,1556.54,518.85,10.0,164,133,United Kingdom
13043,Hibernating,273,1,516.42,516.42,,13,0,United Kingdom
13044,At Risk,291,11,4853.9,441.26,55.2,356,409,United Kingdom
13045,At Risk,99,3,808.92,269.64,108.5,41,387,United Kingdom
13046,New Customers,31,3,949.25,316.42,23.0,50,425,United Kingdom
13047,Champions,57,23,8790.21,382.18,22.0,189,666,United Kingdom
13048,Champions,14,9,4084.21,453.8,28.8,125,667,United Kingdom
13049,At Risk,64,4,1408.24,352.06,103.0,19,336,United Kingdom
13050,Champions,15,34,12235.3,359.86,14.3,512,709,United Kingdom
13051,Hibernating,579,2,155.8,77.9,,4,40,United Kingdom
13052,At Risk,212,7,3167.68,452.53,72.5,160,442,United Kingdom
13053,Hibernating,622,1,127.65,127.65,,17,0,United Kingdom
13055,At Risk,78,4,2321.11,580.28,89.1,145,351,United Kingdom
13056,Hibernating,551,1,209.48,209.48,,18,0,United Kingdom
13057,Hibernating,530,3,722.09,240.7,47.5,34,101,United Kingdom
13058,New Customers,25,3,271.4,90.47,29.5,5,127,United Kingdom
13059,At Risk,250,10,2303.17,230.32,48.0,155,368,United Kingdom
13060,Hibernating,254,1,307.53,307.53,,15,0,United Kingdom
13061,Hibernating,72,1,248.61,248.61,,10,0,United Kingdom
13062,Hibernating,191,1,346.98,346.98,,11,0,United Kingdom
13063,Hibernating,481,1,188.4,188.4,,12,0,United Kingdom
13064,New Customers,13,6,1680.74,280.12,70.5,58,579,United Kingdom
13065,At Risk,373,5,1260.91,252.18,23.8,49,174,United Kingdom
13066,New Customers,24,2,470.8,235.4,,48,7,United Kingdom
13067,New Customers,82,3,508.51,169.5,145.0,24,363,United Kingdom
13068,New Customers,10,2,344.0,172.0,,1,309,United Kingdom
13069,Champions,1,38,9683.13,254.82,12.4,573,542,United Kingdom
13070,At Risk,192,4,751.7,187.92,61.7,12,539,United Kingdom
13071,Hibernating,612,1,129.22,129.22,,12,0,United Kingdom
13072,Hibernating,267,1,177.15,177.15,,7,0,United Kingdom
13073,Hibernating,411,2,418.08,209.04,,25,26,United Kingdom
13074,At Risk,511,4,1378.74,344.68,29.4,26,212,United Kingdom
13075,Hibernating,130,1,919.61,919.61,,22,0,United Kingdom
13076,Hibernating,458,1,135.4,135.4,,9,0,United Kingdom
13077,Champions,1,11,3064.67,278.61,81.4,208,727,United Kingdom
13078,Champions,3,57,29532.45,518.11,6.9,153,735,United Kingdom
13079,New Customers,4,6,419.18,69.86,98.5,11,413,United Kingdom
13080,Hibernating,179,4,280.73,70.18,72.0,17,430,United Kingdom
13081,Champions,12,28,59205.15,2114.47,25.2,738,719,United Kingdom
13082,Champions,126,21,7335.75,349.32,28.2,99,591,United Kingdom
13083,New Customers,4,3,395.43,131.81,139.5,19,421,United Kingdom
13084,Hibernating,492,1,122.4,122.4,,2,0,United Kingdom
13085,At Risk,158,8,2433.28,304.16,131.8,50,581,United Kingdom
13086,Hibernating,383,1,439.33,439.33,,47,0,United Kingdom
13087,Hibernating,726,1,313.64,313.64,,15,0,United Kingdom
13088,Hibernating,417,1,236.11,236.11,,19,0,United Kingdom
13089,Champions,3,203,116737.86,575.06,4.3,857,734,United Kingdom
13090,Champions,9,23,14073.09,611.87,19.4,162,485,United Kingdom
13091,New Customers,28,2,1108.8,554.4,,40,701,United Kingdom
13092,At Risk,71,12,2140.28,178.36,32.5,52,597,United Kingdom
13093,Champions,276,55,54943.65,998.98,7.2,199,460,United Kingdom
13094,Champions,21,13,2433.12,187.16,20.8,5,367,United Kingdom
13095,Hibernating,71,1,74.4,74.4,,6,0,United Kingdom
13096,Hibernating,394,1,419.7,419.7,,1,0,United Kingdom
13097,Champions,33,27,13080.48,484.46,18.8,389,705,United Kingdom
13098,Champions,1,28,28882.44,1031.52,8.8,156,316,United Kingdom
13099,Hibernating,99,1,207.36,207.36,,1,0,United Kingdom
13101,At Risk,234,4,695.4,173.85,84.6,48,446,United Kingdom
13102,Champions,1,37,11696.92,316.13,11.9,212,580,United Kingdom
13103,New Customers,40,3,709.64,236.55,129.0,27,537,United Kingdom
13104,Champions,3,9,1709.1,189.9,36.1,15,649,United Kingdom
13105,Hibernating,436,1,72.0,72.0,,1,0,United Kingdom
13106,Hibernating,133,2,603.46,301.73,,15,280,United Kingdom
13107,Champions,44,9,5253.07,583.67,37.3,142,629,United Kingdom
13108,At Risk,373,2,1098.52,549.26,,27,62,United Kingdom
13109,New Customers,60,3,1134.03,378.01,148.0,57,491,United Kingdom
13110,Champions,31,12,2957.47,246.46,43.8,167,707,United Kingdom
13111,Hibernating,719,1,321.88,321.88,,12,0,United Kingdom
13112,Hibernating,541,1,20.6,20.6,,2,0,United Kingdom
13113,Champions,1,37,18625.73,503.4,12.2,166,620,United Kingdom
13114,Hibernating,731,1,234.38,234.38,,16,0,United Kingdom
13115,Champions,12,10,5494.7,549.47,58.5,178,587,United Kingdom
13116,Hibernating,138,1,501.14,501.14,,30,0,United Kingdom
13117,Champions,22,18,2643.81,146.88,25.5,122,601,United Kingdom
13118,Champions,20,9,2415.41,268.38,57.1,111,419,United Kingdom
13119,Hibernating,669,1,134.9,134.9,,11,0,United Kingdom
13120,Hibernating,239,1,30.6,30.6,,1,0,United Kingdom
13121,Hibernating,269,1,283.73,283.73,,50,0,United Kingdom
13122,At Risk,94,2,922.39,461.2,,54,146,United Kingdom
13123,Hibernating,473,2,506.75,253.38,,36,56,United Kingdom
13124,At Risk,90,4,4782.45,1195.61,56.2,216,295,United Kingdom
13125,Hibernating,524,1,158.57,158.57,,20,0,United Kingdom
13126,Champions,5,13,3998.25,307.56,44.6,183,642,United Kingdom
13127,Hibernating,78,1,259.17,259.17,,15,0,United Kingdom
13128,Hibernating,631,1,263.5,263.5,,1,0,United Kingdom
13129,Hibernating,452,2,233.25,116.62,,10,77,United Kingdom
13130,Hibernating,94,1,64.0,64.0,,2,0,United Kingdom
13131,Champions,23,7,3313.77,473.4,72.2,107,645,United Kingdom
13132,Hibernating,262,1,77.3,77.3,,3,0,United Kingdom
13133,Hibernating,274,3,200.45,66.82,62.0,12,185,United Kingdom
13134,At Risk,86,6,2475.23,412.54,57.9,110,330,United Kingdom
13135,At Risk,197,2,3371.45,1685.72,,18,294,United Kingdom
13136,Champions,56,13,6274.56,482.66,53.6,204,674,United Kingdom
13137,Champions,11,16,7712.7,482.04,30.1,628,491,United Kingdom
13138,New Customers,22,7,1467.24,209.61,42.2,41,374,United Kingdom
13139,Champions,16,8,8202.98,1025.37,57.0,214,421,United Kingdom
13140,At Risk,108,5,1215.68,243.14,92.6,89,382,United Kingdom
13141,Champions,85,17,7668.58,451.09,35.7,285,645,United Kingdom
13142,New Customers,19,1,307.09,307.09,,23,0,United Kingdom
13143,Hibernating,585,1,405.1,405.1,,23,0,United Kingdom
13144,Hibernating,333,2,135.35,67.68,,6,98,United Kingdom
13145,At Risk,40,7,1423.52,203.36,70.9,5,560,United Kingdom
13146,New Customers,26,1,228.91,228.91,,16,0,United Kingdom
13147,New Customers,10,4,712.8,178.2,18.8,1,89,United Kingdom
13148,Champions,29,26,8612.31,331.24,27.3,450,702,United Kingdom
13149,New Customers,14,4,1676.06,419.02,39.6,76,274,United Kingdom
13150,Hibernating,484,3,449.97,149.99,73.0,7,146,United Kingdom
13151,At Risk,296,3,2570.24,856.75,164.0,130,332,United Kingdom
13152,At Risk,417,7,2146.38,306.63,18.4,114,277,United Kingdom
13153,New Customers,6,1,486.22,486.22,,15,0,United Kingdom
13154,At Risk,399,3,1624.84,541.61,60.0,78,336,United Kingdom
13155,At Risk,33,6,1750.18,291.7,78.8,79,458,United Kingdom
13156,At Risk,385,3,1586.54,528.85,137.5,94,290,United Kingdom
13157,Champions,49,9,5687.36,631.93,33.4,173,592,United Kingdom
13158,At Risk,95,5,1508.18,301.64,54.3,70,293,United Kingdom
13159,New Customers,9,4,1437.85,359.46,19.7,114,106,United Kingdom
13160,New Customers,22,1,91.8,91.8,,4,0,United Kingdom
13161,Hibernating,313,2,478.88,239.44,,30,187,United Kingdom
13162,Champions,122,16,9275.49,579.72,26.7,186,613,United Kingdom
13163,Hibernating,610,1,17.65,17.65,,2,0,United Kingdom
13164,Hibernating,569,2,372.2,186.1,,7,98,United Kingdom
13165,New Customers,46,3,1451.16,483.72,121.5,47,366,United Kingdom
13166,Hibernating,283,2,884.18,442.09,,55,131,United Kingdom
13167,New Customers,19,5,1113.15,222.63,90.8,63,371,United Kingdom
13168,At Risk,36,5,1875.31,375.06,74.3,127,505,United Kingdom
13169,New Customers,64,3,840.08,280.03,60.5,16,498,United Kingdom
13170,New Customers,27,1,116.01,116.01,,29,0,United Kingdom
13171,New Customers,22,3,468.41,156.14,111.0,37,277,United Kingdom
13172,Hibernating,400,1,69.6,69.6,,1,0,United Kingdom
13173,Champions,4,11,2629.35,239.03,102.3,159,725,United Kingdom
13174,Champions,16,11,9471.94,861.09,81.8,600,718,United Kingdom
13175,Hibernating,582,2,831.45,415.72,,40,153,United Kingdom
13176,New Customers,46,1,492.84,492.84,,66,0,United Kingdom
13177,New Customers,65,2,512.2,256.1,,23,365,United Kingdom
13178,Champions,26,21,14059.19,669.49,15.1,194,697,United Kingdom
13179,Hibernating,619,1,572.31,572.31,,34,0,United Kingdom
13180,Hibernating,607,1,86.1,86.1,,4,0,United Kingdom
13181,Hibernating,381,1,359.69,359.69,,19,0,United Kingdom
13182,Hibernating,45,1,121.18,121.18,,11,0,United Kingdom
13183,Champions,8,15,7036.18,469.08,15.8,64,627,United Kingdom
13184,Champions,15,10,1700.29,170.03,33.4,137,275,United Kingdom
13185,Hibernating,268,1,71.4,71.4,,1,0,United Kingdom
13186,New Customers,40,3,1575.89,525.3,9.5,69,89,United Kingdom
13187,Hibernating,337,4,348.01,87.0,135.3,50,287,United Kingdom
13188,New Customers,11,1,114.6,114.6,,2,0,United Kingdom
13189,New Customers,19,2,260.68,130.34,,29,96,United Kingdom
13190,Hibernating,544,3,570.66,190.22,39.0,16,188,United Kingdom
13191,Hibernating,658,1,159.21,159.21,,57,0,United Kingdom
13192,At Risk,95,6,2558.58,426.43,112.5,135,591,United Kingdom
13193,Hibernating,61,1,117.88,117.88,,22,0,United Kingdom
13194,Hibernating,136,2,472.78,236.39,,10,285,United Kingdom
13195,Hibernating,414,1,172.38,172.38,,43,0,United Kingdom
13196,Champions,11,7,3068.84,438.41,67.6,141,606,United Kingdom
13197,Hibernating,610,1,373.01,373.01,,19,0,United Kingdom
13198,Champions,10,8,4974.23,621.78,28.9,265,424,United Kingdom
13199,Champions,4,66,16417.89,248.76,10.2,60,731,United Kingdom
13200,New Customers,19,4,870.09,217.52,23.8,42,107,United Kingdom
13201,At Risk,502,4,1240.61,310.15,24.9,65,140,United Kingdom
13202,At Risk,394,7,1580.3,225.76,24.8,55,336,United Kingdom
13203,Champions,10,10,2648.25,264.82,36.9,158,712,United Kingdom
13204,Hibernating,731,1,966.66,966.66,,57,0,United Kingdom
13205,At Risk,443,1,2803.2,2803.2,,1,0,United Kingdom
13206,At Risk,400,13,8377.32,644.41,28.2,393,332,United Kingdom
13207,New Customers,15,4,535.86,133.96,72.9,10,596,United Kingdom
13208,At Risk,59,8,1964.02,245.5,53.6,197,677,United Kingdom
13209,Champions,30,13,8509.51,654.58,46.1,284,653,United Kingdom
13210,Hibernating,94,1,353.48,353.48,,22,0,United Kingdom
13211,Champions,10,10,2729.32,272.93,75.2,98,722,United Kingdom
13212,New Customers,20,3,788.08,262.69,21.0,128,41,United Kingdom
13213,Champions,57,11,3851.52,350.14,51.3,181,511,United Kingdom
13214,At Risk,418,7,3264.23,466.32,12.3,207,228,United Kingdom
13215,Hibernating,402,1,81.6,81.6,,1,0,United Kingdom
13216,Hibernating,268,1,333.74,333.74,,5,0,United Kingdom
13217,At Risk,122,4,666.48,166.62,227.3,3,533,United Kingdom
13218,Hibernating,127,1,62.64,62.64,,5,0,United Kingdom
13219,Hibernating,618,1,76.23,76.23,,11,0,United Kingdom
13220,At Risk,78,5,1336.09,267.22,128.5,46,497,United Kingdom
13221,Hibernating,240,2,844.86,422.43,,61,119,United Kingdom
13222,Hibernating,577,1,88.5,88.5,,1,0,United Kingdom
13223,At Risk,200,6,969.12,161.52,56.3,8,464,United Kingdom
13224,At Risk,60,2,2152.95,1076.47,,100,91,United Kingdom
13225,Champions,3,16,16260.07,1016.25,24.5,60,719,United Kingdom
13226,Hibernating,273,2,312.46,156.23,,28,120,United Kingdom
13227,Hibernating,202,1,257.7,257.7,,9,0,United Kingdom
13228,Hibernating,81,1,358.0,358.0,,2,0,United Kingdom
13229,Hibernating,226,1,160.95,160.95,,10,0,United Kingdom
13230,Champions,4,30,6350.28,211.68,21.9,652,626,United Kingdom
13232,New Customers,13,7,1357.0,193.86,28.4,146,230,United Kingdom
13233,At Risk,74,4,1176.46,294.12,86.9,74,619,United Kingdom
13234,Hibernating,673,2,356.95,178.48,,56,59,United Kingdom
13235,Hibernating,212,1,1031.07,1031.07,,53,0,United Kingdom
13236,New Customers,25,2,744.85,372.42,,34,82,United Kingdom
13237,Hibernating,388,1,643.0,643.0,,24,0,United Kingdom
13238,New Customers,17,6,1006.63,167.77,68.2,24,573,United Kingdom
13239,At Risk,262,5,1594.69,318.94,69.7,86,240,United Kingdom
13240,At Risk,96,8,1718.12,214.76,54.8,159,556,United Kingdom
13241,Hibernating,412,1,115.58,115.58,,40,0,United Kingdom
13242,At Risk,112,7,699.4,99.91,77.3,19,555,United Kingdom
13243,At Risk,203,5,1278.04,255.61,109.4,165,428,United Kingdom
13244,Hibernating,93,1,121.74,121.74,,27,0,United Kingdom
13245,New Customers,51,2,989.22,494.61,,43,381,United Kingdom
13246,Champions,18,11,3387.43,307.95,43.6,229,507,United Kingdom
13247,New Customers,18,4,501.12,125.28,11.8,18,64,United Kingdom
13248,Hibernating,125,2,465.68,232.84,,25,64,United Kingdom
13249,At Risk,92,9,1608.93,178.77,51.7,21,592,United Kingdom
13250,Hibernating,461,2,256.04,128.02,,17,41,United Kingdom
13251,Hibernating,402,1,252.68,252.68,,25,0,United Kingdom
13252,Hibernating,394,2,399.3,199.65,,19,231,United Kingdom
13253,At Risk,157,4,2951.11,737.78,74.3,73,546,United Kingdom
13254,Hibernating,376,1,51.41,51.41,,4,0,United Kingdom
13255,New Customers,9,3,904.46,301.49,112.5,26,502,United Kingdom
13257,Hibernating,436,1,149.75,149.75,,7,0,United Kingdom
13258,New Customers,12,5,1035.18,207.04,80.9,29,388,United Kingdom
13259,At Risk,62,9,1429.63,158.85,111.4,233,637,United Kingdom
13260,New Customers,61,1,557.62,557.62,,8,0,United Kingdom
13261,Hibernating,269,2,944.1,472.05,,8,17,United Kingdom
13262,Hibernating,263,3,573.45,191.15,42.5,48,337,United Kingdom
13263,Champions,1,38,8679.47,228.41,12.7,505,411,United Kingdom
13264,Hibernating,443,1,722.56,722.56,,38,0,United Kingdom
13265,At Risk,53,5,2107.66,421.53,26.4,66,220,United Kingdom
13266,Champions,11,19,6135.04,322.9,35.8,154,711,United Kingdom
13267,Champions,3,36,9758.26,271.06,20.5,152,729,United Kingdom
13268,Champions,18,10,3192.65,319.26,22.9,256,249,United Kingdom
13269,Champions,1,28,8891.7,317.56,28.1,238,736,United Kingdom
13270,Hibernating,366,1,1180.0,1180.0,,1,0,United Kingdom
13271,New Customers,37,1,217.38,217.38,,79,0,United Kingdom
13272,New Customers,31,2,276.56,138.28,,15,58,United Kingdom
13273,Hibernating,113,1,138.98,138.98,,16,0,United Kingdom
13274,Hibernating,409,1,360.85,360.85,,19,0,United Kingdom
13275,Hibernating,384,2,241.66,120.83,,48,248,United Kingdom
13276,At Risk,64,5,1939.26,387.85,96.1,209,578,United Kingdom
13277,New Customers,16,7,523.3,74.76,78.3,10,524,United Kingdom
13278,New Customers,41,4,1425.35,356.34,121.3,79,569,United Kingdom
13279,Hibernating,78,1,137.75,137.75,,9,0,United Kingdom
13280,At Risk,122,7,2322.63,331.8,85.1,159,522,United Kingdom
13281,Hibernating,439,1,350.85,350.85,,22,0,United Kingdom
13282,New Customers,18,4,1313.19,328.3,53.3,42,388,United Kingdom
13283,New Customers,60,4,373.36,93.34,134.9,19,580,United Kingdom
13284,Hibernating,331,1,201.19,201.19,,13,0,United Kingdom
13285,Champions,23,6,3364.59,560.76,101.8,182,600,United Kingdom
13286,Hibernating,600,1,734.91,734.91,,46,0,United Kingdom
13287,Hibernating,603,3,781.59,260.53,0.5,46,101,United Kingdom
13288,At Risk,443,5,927.61,185.52,49.2,7,223,United Kingdom
13289,Hibernating,724,1,307.95,307.95,,16,0,United Kingdom
13291,At Risk,156,11,3320.84,301.89,70.6,155,510,United Kingdom
13292,New Customers,39,5,994.51,198.9,79.7,55,487,United Kingdom
13293,At Risk,392,6,1192.94,198.82,42.8,51,276,United Kingdom
13294,At Risk,190,3,1689.53,563.18,168.5,93,456,United Kingdom
13295,At Risk,360,4,1101.97,275.49,65.9,56,217,United Kingdom
13296,At Risk,137,6,792.51,132.08,99.9,50,439,United Kingdom
13297,Champions,8,7,4368.62,624.09,109.1,108,534,United Kingdom
13298,New Customers,1,1,360.0,360.0,,2,0,United Kingdom
13299,At Risk,268,3,1218.7,406.23,25.0,56,260,United Kingdom
13300,At Risk,169,3,1285.51,428.5,16.5,44,404,United Kingdom
13301,At Risk,104,4,600.19,150.05,6.2,74,188,United Kingdom
13302,Hibernating,155,2,159.2,79.6,,3,371,United Kingdom
13303,Hibernating,400,1,61.72,61.72,,4,0,United Kingdom
13304,At Risk,351,4,1217.99,304.5,13.1,59,318,United Kingdom
13305,Champions,4,16,3754.71,234.67,36.9,153,635,United Kingdom
13306,Hibernating,430,1,53.65,53.65,,4,0,United Kingdom
13307,Hibernating,120,3,273.34,91.11,131.0,15,472,United Kingdom
13308,New Customers,23,4,1670.37,417.59,150.9,65,574,United Kingdom
13309,New Customers,7,6,1706.37,284.4,31.7,95,385,United Kingdom
13310,New Customers,28,5,1541.2,308.24,59.7,80,374,United Kingdom
13311,New Customers,4,2,598.57,299.29,,25,145,United Kingdom
13312,Hibernating,451,1,124.75,124.75,,5,0,United Kingdom
13313,Champions,22,12,3445.32,287.11,42.2,105,715,United Kingdom
13314,New Customers,2,3,775.94,258.65,26.0,55,72,United Kingdom
13315,Hibernating,689,1,310.26,310.26,,22,0,United Kingdom
13316,Champions,37,10,13191.57,1319.16,53.3,115,602,United Kingdom
13317,Champions,66,19,6486.09,341.37,38.3,221,660,United Kingdom
13318,New Customers,1,3,640.76,213.59,14.0,14,36,United Kingdom
13319,Champions,5,58,22082.5,380.73,11.8,345,727,United Kingdom
13320,At Risk,78,6,2228.1,371.35,78.8,98,400,United Kingdom
13321,New Customers,72,2,567.36,283.68,,10,14,United Kingdom
13322,New Customers,17,1,199.48,199.48,,25,0,United Kingdom
13323,New Customers,3,5,787.85,157.57,18.6,6,81,United Kingdom
13324,Champions,36,18,10513.47,584.08,32.4,36,527,United Kingdom
13325,Hibernating,82,1,675.3,675.3,,12,0,United Kingdom
13326,Hibernating,432,1,281.76,281.76,,13,0,United Kingdom
13327,Champions,39,19,9797.87,515.68,19.6,174,682,United Kingdom
13328,Hibernating,316,1,1308.48,1308.48,,17,0,United Kingdom
13329,Champions,32,8,5112.97,639.12,122.4,68,703,United Kingdom
13330,At Risk,93,6,2806.18,467.7,20.0,80,562,United Kingdom
13331,Hibernating,402,1,262.4,262.4,,12,0,United Kingdom
13332,New Customers,14,1,350.9,350.9,,21,0,United Kingdom
13333,At Risk,411,3,1015.74,338.58,77.5,54,247,United Kingdom
13334,At Risk,82,5,6263.75,1252.75,51.2,307,570,United Kingdom
13336,New Customers,77,1,795.12,795.12,,51,0,United Kingdom
13337,Hibernating,546,1,1575.26,1575.26,,87,0,United Kingdom
13338,At Risk,158,4,2345.62,586.4,151.5,112,545,United Kingdom
13339,Hibernating,201,1,860.12,860.12,,54,0,United Kingdom
13340,Champions,45,12,22100.56,1841.71,52.6,190,609,United Kingdom
13341,Hibernating,261,1,775.85,775.85,,42,0,United Kingdom
13343,Hibernating,178,1,303.43,303.43,,18,0,United Kingdom
13344,At Risk,68,3,2543.72,847.91,105.0,115,209,United Kingdom
13345,Hibernating,288,1,339.5,339.5,,19,0,United Kingdom
13346,Hibernating,463,6,299.4,49.9,14.7,4,133,United Kingdom
13347,Hibernating,70,1,291.36,291.36,,7,0,United Kingdom
13348,Hibernating,64,1,233.76,233.76,,14,0,United Kingdom
13349,New Customers,11,1,197.32,197.32,,15,0,United Kingdom
13350,New Customers,16,2,879.12,439.56,,35,63,United Kingdom
13351,Hibernating,66,1,323.94,323.94,,15,0,United Kingdom
13352,New Customers,60,1,347.98,347.98,,23,0,United Kingdom
13354,New Customers,71,1,743.53,743.53,,51,0,United Kingdom
13355,Hibernating,122,1,674.7,674.7,,32,0,United Kingdom
13356,New Customers,80,1,768.24,768.24,,42,0,United Kingdom
13357,At Risk,257,5,3817.36,763.47,87.7,283,369,United Kingdom
13358,Hibernating,269,1,389.03,389.03,,28,0,United Kingdom
13359,New Customers,64,2,943.31,471.66,,51,339,United Kingdom
13360,At Risk,432,4,1503.65,375.91,91.5,57,269,United Kingdom
13361,At Risk,472,2,1450.5,725.25,,29,145,United Kingdom
13362,Champions,9,7,5394.07,770.58,59.8,186,415,United Kingdom
13363,New Customers,18,3,1623.86,541.29,170.0,77,392,United Kingdom
13364,Hibernating,71,1,134.96,134.96,,10,0,United Kingdom
13365,New Customers,34,2,2225.37,1112.68,,122,184,United Kingdom
13366,Hibernating,50,1,56.16,56.16,,1,0,United Kingdom
13367,Hibernating,432,1,460.2,460.2,,19,0,United Kingdom
13368,At Risk,257,4,1021.5,255.38,33.0,44,166,United Kingdom
13369,Hibernating,366,1,516.56,516.56,,13,0,United Kingdom
13370,Hibernating,372,1,1509.74,1509.74,,39,0,United Kingdom
13371,At Risk,505,2,2297.66,1148.83,,75,127,United Kingdom
13372,Hibernating,90,1,328.64,328.64,,22,0,United Kingdom
13373,At Risk,61,6,7587.19,1264.53,38.1,292,672,United Kingdom
13374,Hibernating,415,2,372.8,186.4,,16,34,United Kingdom
13375,At Risk,89,2,1792.23,896.12,,62,356,United Kingdom
13376,At Risk,99,3,869.76,289.92,36.5,44,135,United Kingdom
13377,At Risk,397,2,1452.88,726.44,,70,249,United Kingdom
13379,New Customers,26,3,572.56,190.85,13.0,85,110,United Kingdom
13380,Hibernating,433,1,62.4,62.4,,3,0,United Kingdom
13381,Champions,32,12,8224.37,685.36,23.4,154,706,United Kingdom
13382,At Risk,281,5,1387.58,277.52,64.8,74,451,United Kingdom
13383,Hibernating,544,1,305.28,305.28,,1,0,United Kingdom
13384,Champions,31,11,6680.83,607.35,57.9,192,469,United Kingdom
13385,Hibernating,330,1,534.57,534.57,,35,0,United Kingdom
13386,Hibernating,414,2,835.46,417.73,,24,22,United Kingdom
13387,Hibernating,417,1,184.34,184.34,,70,0,United Kingdom
13388,At Risk,131,3,1185.65,395.22,236.0,68,472,United Kingdom
13389,New Customers,11,3,797.96,265.99,47.5,50,221,United Kingdom
13390,Hibernating,75,1,544.08,544.08,,13,0,United Kingdom
13391,Hibernating,204,1,59.8,59.8,,1,0,United Kingdom
13392,Hibernating,677,1,91.14,91.14,,8,0,United Kingdom
13393,At Risk,584,4,1131.45,282.86,29.5,53,148,United Kingdom
13394,Champions,2,19,6621.7,348.51,19.4,254,736,United Kingdom
13395,At Risk,185,3,1180.23,393.41,97.0,77,236,United Kingdom
13396,New Customers,29,2,1360.99,680.5,,42,290,United Kingdom
13397,At Risk,73,10,3191.87,319.19,37.2,68,616,United Kingdom
13398,Hibernating,192,2,670.34,335.17,,37,256,United Kingdom
13399,Hibernating,464,3,275.4,91.8,13.5,10,54,United Kingdom
13400,Hibernating,583,1,310.83,310.83,,23,0,United Kingdom
13402,At Risk,127,4,1535.13,383.78,76.5,55,437,United Kingdom
13403,New Customers,18,3,229.5,76.5,17.0,9,705,United Kingdom
13404,New Customers,1,2,252.49,126.24,,11,211,United Kingdom
13405,At Risk,204,5,1198.81,239.76,31.0,32,520,United Kingdom
13406,Hibernating,427,2,568.92,284.46,,7,204,United Kingdom
13407,At Risk,579,3,2244.7,748.23,20.5,85,83,United Kingdom
13408,Champions,2,106,51733.46,488.05,6.5,320,733,United Kingdom
13410,Champions,24,9,2201.96,244.66,68.9,25,707,United Kingdom
13411,Hibernating,107,1,213.55,213.55,,17,0,United Kingdom
13412,Hibernating,620,1,487.35,487.35,,33,0,United Kingdom
13413,At Risk,640,6,429.44,71.57,14.6,38,47,United Kingdom
13414,At Risk,134,6,2494.14,415.69,51.8,48,469,United Kingdom
13415,At Risk,473,4,800.67,200.17,65.1,85,255,United Kingdom
13416,New Customers,44,3,940.8,313.6,308.5,16,692,United Kingdom
13417,New Customers,5,6,1669.49,278.25,123.7,57,664,United Kingdom
13418,Champions,12,31,12233.6,394.63,25.7,328,716,United Kingdom
13419,Hibernating,64,1,221.06,221.06,,16,0,United Kingdom
13420,Hibernating,150,2,159.85,79.92,,8,20,United Kingdom
13421,Champions,40,8,4092.62,511.58,80.7,173,622,United Kingdom
13422,New Customers,64,1,2626.3,2626.3,,127,0,United Kingdom
13423,Hibernating,429,1,217.03,217.03,,12,0,United Kingdom
13424,Hibernating,450,1,572.77,572.77,,40,0,United Kingdom
13425,At Risk,108,5,3403.63,680.73,60.9,124,471,United Kingdom
13426,Champions,1,22,8167.38,371.24,25.1,162,729,United Kingdom
13427,New Customers,19,6,1006.53,167.76,72.6,35,702,United Kingdom
13428,New Customers,10,3,499.98,166.66,252.0,122,504,United Kingdom
13429,New Customers,11,4,1006.8,251.7,12.4,55,64,United Kingdom
13430,New Customers,19,2,679.45,339.72,,48,67,United Kingdom
13431,At Risk,67,8,3316.24,414.53,99.1,113,592,United Kingdom
13432,Hibernating,571,2,436.55,218.28,,97,40,United Kingdom
13433,At Risk,501,4,658.32,164.58,43.2,22,195,United Kingdom
13434,At Risk,74,5,1666.86,333.37,104.0,17,581,United Kingdom
13435,Champions,5,9,4475.23,497.25,58.0,96,494,United Kingdom
13436,New Customers,2,1,196.89,196.89,,12,0,United Kingdom
13437,Champions,14,7,3408.06,486.87,20.6,143,175,United Kingdom
13438,Hibernating,547,1,46.5,46.5,,1,0,United Kingdom
13439,At Risk,255,3,986.61,328.87,2.5,132,270,United Kingdom
13440,At Risk,423,7,1295.25,185.04,7.7,49,28,United Kingdom
13441,New Customers,92,2,720.9,360.45,,33,339,United Kingdom
13442,Hibernating,667,3,419.87,139.96,0.5,33,70,United Kingdom
13443,At Risk,449,6,1276.37,212.73,39.4,175,228,United Kingdom
13444,Hibernating,374,2,631.68,315.84,,51,131,United Kingdom
13445,Hibernating,626,1,241.9,241.9,,7,0,United Kingdom
13446,At Risk,430,11,3881.89,352.9,13.7,113,233,United Kingdom
13447,New Customers,23,3,1129.14,376.38,4.0,55,12,United Kingdom
13448,Champions,17,12,8881.16,740.1,53.4,320,717,United Kingdom
13449,New Customers,24,1,291.88,291.88,,19,0,United Kingdom
13450,Champions,27,13,4120.04,316.93,38.1,57,576,United Kingdom
13451,Champions,26,11,7189.78,653.62,19.7,560,601,United Kingdom
13452,At Risk,259,3,729.8,243.27,95.5,2,213,United Kingdom
13453,At Risk,166,3,781.69,260.56,5.5,33,236,United Kingdom
13454,Hibernating,641,1,219.87,219.87,,23,0,United Kingdom
13455,Champions,25,6,2905.93,484.32,109.5,79,706,United Kingdom
13456,New Customers,18,6,1766.72,294.45,29.8,43,189,United Kingdom
13457,Hibernating,689,2,148.22,74.11,,9,48,United Kingdom
13458,Champions,7,16,11959.27,747.45,9.1,290,381,United Kingdom
13459,Hibernating,625,2,1160.41,580.2,,57,57,United Kingdom
13460,New Customers,29,2,183.44,91.72,,16,20,United Kingdom
13461,At Risk,39,6,4160.0,693.33,72.1,30,558,United Kingdom
13462,At Risk,253,5,1153.85,230.77,78.4,64,473,United Kingdom
13464,At Risk,58,6,3097.64,516.27,122.4,128,559,United Kingdom
13465,Hibernating,446,2,931.12,465.56,,34,139,United Kingdom
13466,At Risk,184,5,1013.35,202.67,80.2,49,444,United Kingdom
13467,New Customers,11,2,1083.71,541.86,,89,25,United Kingdom
13468,Champions,2,72,13390.51,185.98,5.7,290,734,United Kingdom
13469,Hibernating,653,1,82.4,82.4,,6,0,United Kingdom
13470,Hibernating,99,2,165.0,82.5,,7,15,United Kingdom
13471,New Customers,1,4,2531.58,632.9,9.0,214,46,United Kingdom
13472,Hibernating,464,2,592.24,296.12,,24,91,United Kingdom
13473,At Risk,61,8,2657.76,332.22,105.4,65,663,United Kingdom
13474,At Risk,236,3,663.79,221.26,77.5,116,258,United Kingdom
13475,At Risk,191,4,1431.78,357.94,7.4,64,107,United Kingdom
13476,At Risk,179,5,2061.47,412.29,28.8,86,466,United Kingdom
13477,Champions,38,11,2834.17,257.65,44.5,112,646,United Kingdom
13478,At Risk,469,5,2215.78,443.16,34.2,114,207,United Kingdom
13479,At Risk,201,4,851.37,212.84,88.9,45,276,United Kingdom
13480,Hibernating,417,2,627.82,313.91,,40,262,United Kingdom
13481,Champions,46,11,3830.84,348.26,42.4,162,689,United Kingdom
13482,Hibernating,232,2,336.09,168.04,,20,395,United Kingdom
13483,Hibernating,66,1,140.34,140.34,,10,0,United Kingdom
13484,At Risk,241,3,790.72,263.57,57.0,38,398,United Kingdom
13485,At Risk,233,11,3015.22,274.11,51.2,130,503,United Kingdom
13486,At Risk,78,3,1122.41,374.14,11.5,69,76,United Kingdom
13487,At Risk,58,5,846.87,169.37,35.0,31,677,United Kingdom
13488,Champions,17,23,15587.88,677.73,26.7,370,666,United Kingdom
13489,At Risk,105,4,449.52,112.38,52.4,11,189,United Kingdom
13490,Hibernating,654,1,154.25,154.25,,8,0,United Kingdom
13491,Champions,52,27,4566.56,169.13,22.6,144,681,United Kingdom
13492,At Risk,136,3,1269.84,423.28,14.0,38,78,Switzerland
13493,Hibernating,275,2,498.63,249.32,,5,11,Switzerland
13494,Hibernating,312,1,316.26,316.26,,18,0,United Kingdom
13495,Champions,8,10,5374.26,537.43,74.5,59,724,United Kingdom
13496,New Customers,11,2,653.33,326.66,,28,349,United Kingdom
13497,At Risk,283,6,1320.33,220.05,49.0,52,386,United Kingdom
13498,Hibernating,730,1,327.38,327.38,,17,0,United Kingdom
13499,New Customers,18,5,1159.11,231.82,53.0,31,252,United Kingdom
13500,New Customers,23,4,1466.3,366.58,112.2,77,378,United Kingdom
13501,At Risk,288,3,2885.11,961.7,57.0,90,282,Switzerland
13502,New Customers,17,5,780.5,156.1,78.0,28,531,United Kingdom
13503,At Risk,71,5,1824.19,364.84,155.2,157,589,United Kingdom
13504,Hibernating,64,1,295.93,295.93,,22,0,United Kingdom
13505,At Risk,73,4,3633.63,908.41,29.3,181,159,Switzerland
13506,At Risk,316,5,1639.2,327.84,13.5,55,144,United Kingdom
13507,New Customers,3,4,2479.16,619.79,35.7,146,142,United Kingdom
13508,Hibernating,244,2,287.05,143.52,,27,399,United Kingdom
13509,New Customers,9,7,1099.72,157.1,78.4,26,498,United Kingdom
13510,Champions,1,11,4558.29,414.39,50.5,176,717,United Kingdom
13511,Hibernating,677,1,282.76,282.76,,5,0,United Kingdom
13512,At Risk,261,4,713.39,178.35,14.3,31,322,United Kingdom
13513,At Risk,127,3,824.59,274.86,50.5,32,528,United Kingdom
13514,At Risk,74,4,815.9,203.98,109.3,15,608,United Kingdom
13515,At Risk,73,6,1265.82,210.97,72.4,64,571,United Kingdom
13516,New Customers,21,4,1685.26,421.32,57.5,55,396,United Kingdom
13517,At Risk,60,3,2128.42,709.47,13.0,125,120,United Kingdom
13518,Hibernating,86,1,659.44,659.44,,36,0,United Kingdom
13519,New Customers,78,2,343.21,171.6,,19,364,United Kingdom
13520,Champions,59,11,5669.4,515.4,25.8,80,663,Switzerland
13521,New Customers,1,3,1092.39,364.13,0.5,312,8,United Kingdom
13522,New Customers,30,1,125.8,125.8,,5,0,United Kingdom
13523,Champions,33,6,5101.52,850.25,71.5,177,369,United Kingdom
13524,New Customers,41,5,680.18,136.04,18.5,17,179,United Kingdom
13525,New Customers,15,2,628.78,314.39,,5,233,United Kingdom
13526,Hibernating,738,2,1182.0,591.0,,29,0,United Kingdom
13527,Champions,34,12,4683.74,390.31,42.0,266,653,United Kingdom
13529,Hibernating,79,2,307.76,153.88,,15,125,United Kingdom
13530,Hibernating,634,1,402.98,402.98,,18,0,United Kingdom
13531,At Risk,205,6,1738.52,289.75,57.0,44,531,United Kingdom
13532,New Customers,34,1,210.31,210.31,,66,0,United Kingdom
13533,Hibernating,183,3,270.79,90.26,42.5,61,84,United Kingdom
13534,Champions,2,35,7720.9,220.6,13.5,163,517,United Kingdom
13535,Hibernating,403,1,89.5,89.5,,1,0,United Kingdom
13536,Champions,1,7,3448.29,492.61,8.9,91,74,United Kingdom
13537,Hibernating,426,2,717.85,358.92,,38,26,United Kingdom
13538,Champions,43,12,3112.73,259.39,56.2,105,632,United Kingdom
13539,At Risk,86,7,1569.36,224.19,48.3,69,504,United Kingdom
13540,Hibernating,467,3,632.39,210.8,94.0,26,188,United Kingdom
13541,Hibernating,427,2,785.25,392.62,,10,143,United Kingdom
13542,At Risk,377,17,4006.17,235.66,11.3,98,352,United Kingdom
13543,At Risk,634,2,1439.61,719.8,,37,52,United Kingdom
13544,New Customers,40,6,829.0,138.17,71.0,219,605,United Kingdom
13545,Hibernating,391,2,374.64,187.32,,54,153,United Kingdom
13546,New Customers,12,5,1092.14,218.43,62.7,95,411,United Kingdom
13547,Hibernating,408,1,172.98,172.98,,43,0,United Kingdom
13548,At Risk,96,3,908.99,303.0,40.5,169,375,United Kingdom
13549,New Customers,26,8,1005.8,125.72,43.9,44,361,United Kingdom
13550,Hibernating,383,1,349.51,349.51,,40,0,United Kingdom
13551,Hibernating,319,2,244.2,122.1,,5,346,United Kingdom
13552,Champions,66,22,6978.92,317.22,30.2,162,592,United Kingdom
13553,Hibernating,675,1,517.8,517.8,,85,0,United Kingdom
13554,At Risk,380,7,1638.28,234.04,6.6,156,66,United Kingdom
13555,Champions,74,13,8999.19,692.25,53.7,264,615,United Kingdom
13556,Hibernating,429,2,200.82,100.41,,8,6,United Kingdom
13557,Champions,28,13,3032.26,233.25,70.0,126,702,United Kingdom
13558,New Customers,6,4,605.06,151.26,12.8,123,62,United Kingdom
13559,Hibernating,513,2,990.0,495.0,,1,30,United Kingdom
13560,New Customers,7,1,174.37,174.37,,32,0,United Kingdom
13561,At Risk,216,11,1820.72,165.52,49.7,131,433,United Kingdom
13562,At Risk,82,8,4838.18,604.77,57.2,88,612,United Kingdom
13563,New Customers,84,2,777.53,388.76,,49,55,United Kingdom
13564,Champions,354,36,16630.8,461.97,9.7,483,383,United Kingdom
13565,New Customers,19,3,414.8,138.27,119.0,45,391,United Kingdom
13566,At Risk,41,5,1704.27,340.85,120.9,262,598,United Kingdom
13567,At Risk,428,4,1083.69,270.92,28.5,180,113,United Kingdom
13568,Hibernating,173,1,192.85,192.85,,41,0,United Kingdom
13569,New Customers,17,4,892.28,223.07,151.2,139,411,United Kingdom
13570,Hibernating,243,1,239.49,239.49,,27,0,United Kingdom
13571,Champions,13,26,4546.54,174.87,25.3,263,718,United Kingdom
13572,Hibernating,206,1,1384.25,1384.25,,32,0,United Kingdom
13573,At Risk,50,6,915.02,152.5,75.4,72,586,United Kingdom
13574,Hibernating,411,1,421.25,421.25,,84,0,United Kingdom
13575,New Customers,23,5,732.07,146.41,18.3,41,152,United Kingdom
13576,Champions,10,28,11551.74,412.56,12.5,145,721,United Kingdom
13577,Champions,25,11,3484.28,316.75,45.2,101,699,United Kingdom
13578,Hibernating,409,1,147.66,147.66,,9,0,United Kingdom
13579,New Customers,15,5,1539.04,307.81,130.0,72,644,United Kingdom
13580,Hibernating,406,1,107.75,107.75,,5,0,United Kingdom
13581,Hibernating,309,2,280.53,140.26,,32,104,United Kingdom
13582,Hibernating,390,2,241.68,120.84,,10,227,United Kingdom
13583,At Risk,156,2,1445.03,722.52,,92,523,United Kingdom
13584,Hibernating,307,3,392.45,130.82,7.5,74,369,United Kingdom
13585,Hibernating,531,3,684.54,228.18,56.0,29,207,United Kingdom
13586,Hibernating,541,1,131.53,131.53,,20,0,United Kingdom
13587,At Risk,64,4,1673.5,418.38,157.9,27,599,United Kingdom
13588,Champions,16,9,2478.95,275.44,34.9,131,239,United Kingdom
13589,New Customers,15,6,1120.74,186.79,76.5,48,719,United Kingdom
13590,Champions,11,18,6349.59,352.76,30.1,255,726,United Kingdom
13591,At Risk,65,7,2093.94,299.13,52.2,89,660,United Kingdom
13592,New Customers,36,4,247.96,61.99,68.5,15,228,United Kingdom
13593,Champions,108,14,5523.69,394.55,28.3,212,538,United Kingdom
13594,New Customers,53,2,533.32,266.66,,31,432,United Kingdom
13595,At Risk,517,3,818.22,272.74,2.0,114,129,United Kingdom
13596,New Customers,6,2,697.04,348.52,,133,7,United Kingdom
13597,Hibernating,400,2,396.71,198.36,,17,2,United Kingdom
13598,New Customers,47,5,789.59,157.92,174.5,78,604,United Kingdom
13599,Champions,1,33,10167.63,308.11,28.2,235,737,United Kingdom
13600,Hibernating,312,2,518.42,259.21,,35,321,United Kingdom
13601,New Customers,45,4,1185.14,296.29,11.0,160,501,United Kingdom
13602,At Risk,65,4,1025.17,256.29,111.1,49,495,United Kingdom
13603,New Customers,26,1,164.34,164.34,,27,0,United Kingdom
13604,Hibernating,659,1,717.62,717.62,,21,0,United Kingdom
13605,Hibernating,387,2,522.67,261.34,,50,184,United Kingdom
13606,New Customers,29,3,280.54,93.51,73.0,40,282,United Kingdom
13607,New Customers,40,2,1078.31,539.16,,110,362,United Kingdom
13608,Hibernating,541,1,236.2,236.2,,31,0,United Kingdom
13609,Hibernating,593,1,167.35,167.35,,7,0,United Kingdom
13610,Champions,12,14,2174.63,155.33,20.0,308,691,United Kingdom
13611,At Risk,89,10,3319.53,331.95,53.2,170,647,United Kingdom
13612,Hibernating,633,1,818.29,818.29,,50,0,United Kingdom
13613,At Risk,453,5,1039.85,207.97,71.8,50,207,United Kingdom
13614,At Risk,24,6,2359.19,393.2,46.5,227,527,United Kingdom
13615,At Risk,319,8,6272.53,784.07,25.6,259,361,United Kingdom
13616,Hibernating,568,2,288.1,144.05,,31,122,United Kingdom
13617,At Risk,40,8,1278.75,159.84,70.1,48,454,United Kingdom
13618,Hibernating,174,1,177.34,177.34,,13,0,United Kingdom
13619,Hibernating,545,2,230.19,115.1,,38,129,United Kingdom
13620,Hibernating,528,1,112.34,112.34,,5,0,United Kingdom
13621,Hibernating,117,1,213.85,213.85,,19,0,United Kingdom
13622,Hibernating,696,1,658.95,658.95,,32,0,United Kingdom
13623,Champions,31,10,2566.49,256.65,52.7,211,706,United Kingdom
13624,Hibernating,388,1,462.08,462.08,,22,0,United Kingdom
13625,Hibernating,597,1,301.26,301.26,,21,0,United Kingdom
13626,Hibernating,253,2,707.04,353.52,,44,126,United Kingdom
13627,At Risk,59,7,2245.9,320.84,54.8,118,581,United Kingdom
13628,Hibernating,676,1,310.14,310.14,,16,0,United Kingdom
13629,Champions,23,19,13370.86,703.73,18.6,28,642,United Kingdom
13630,Champions,5,7,2031.78,290.25,20.7,51,280,United Kingdom
13631,At Risk,100,11,3070.42,279.13,20.1,6,167,United Kingdom
13632,Champions,25,8,3648.15,456.02,64.5,166,586,United Kingdom
13634,Champions,33,15,5027.78,335.19,35.9,267,664,United Kingdom
13635,At Risk,68,4,2999.16,749.79,153.0,135,671,United Kingdom
13636,New Customers,37,5,949.12,189.82,48.7,57,248,United Kingdom
13637,New Customers,52,3,809.25,269.75,48.0,78,174,United Kingdom
13638,New Customers,16,1,122.64,122.64,,8,0,United Kingdom
13639,At Risk,74,2,1346.27,673.14,,49,362,United Kingdom
13640,Hibernating,611,1,405.0,405.0,,4,0,United Kingdom
13641,At Risk,641,4,942.37,235.59,36.8,40,93,United Kingdom
13642,At Risk,216,4,514.72,128.68,102.3,93,217,United Kingdom
13643,Champions,31,10,2156.77,215.68,50.7,71,700,United Kingdom
13644,New Customers,16,4,2624.26,656.06,1.7,144,89,United Kingdom
13645,Hibernating,120,1,252.1,252.1,,5,0,United Kingdom
13646,Hibernating,400,2,326.25,163.12,,58,0,United Kingdom
13647,Champions,10,8,3071.68,383.96,77.3,98,593,United Kingdom
13648,At Risk,400,8,1759.07,219.88,43.6,94,337,United Kingdom
13649,At Risk,257,6,1678.88,279.81,35.0,97,270,United Kingdom
13650,Champions,17,10,3288.0,328.8,47.7,127,666,United Kingdom
13651,New Customers,40,2,211.85,105.93,,13,342,United Kingdom
13652,At Risk,46,5,2570.85,514.17,68.4,116,606,United Kingdom
13653,Hibernating,488,1,152.2,152.2,,9,0,United Kingdom
13654,Champions,43,11,6308.0,573.45,47.9,262,694,United Kingdom
13655,At Risk,114,6,2280.51,380.08,61.6,103,477,United Kingdom
13656,At Risk,165,4,1078.85,269.71,34.0,81,430,United Kingdom
13657,New Customers,11,2,382.14,191.07,,16,190,United Kingdom
13658,Champions,10,9,6025.5,669.5,58.7,164,662,United Kingdom
13659,At Risk,206,12,4894.88,407.91,35.4,224,455,United Kingdom
13660,Hibernating,400,1,314.59,314.59,,39,0,United Kingdom
13661,Hibernating,603,1,325.24,325.24,,17,0,United Kingdom
13662,At Risk,86,11,2250.11,204.56,53.7,126,572,United Kingdom
13663,At Risk,179,5,2047.51,409.5,96.8,87,467,United Kingdom
13665,At Risk,386,3,1711.66,570.55,23.0,97,117,United Kingdom
13666,New Customers,60,5,127.05,25.41,116.8,18,675,United Kingdom
13667,Hibernating,149,1,305.02,305.02,,82,0,United Kingdom
13668,Champions,3,35,13089.94,374.0,15.0,411,725,United Kingdom
13669,New Customers,51,3,413.55,137.85,79.5,13,356,United Kingdom
13670,Hibernating,75,1,349.7,349.7,,25,0,United Kingdom
13671,Hibernating,395,1,194.95,194.95,,61,0,United Kingdom
13672,Hibernating,301,3,419.92,139.97,183.5,13,429,United Kingdom
13673,New Customers,19,2,396.92,198.46,,47,13,United Kingdom
13674,Hibernating,433,1,240.68,240.68,,14,0,United Kingdom
13675,Hibernating,151,2,486.82,243.41,,25,133,United Kingdom
13676,Hibernating,539,2,243.9,121.95,,13,80,United Kingdom
13677,Hibernating,405,2,556.19,278.1,,98,115,United Kingdom
13678,Hibernating,152,1,232.6,232.6,,16,0,United Kingdom
13679,Hibernating,494,3,281.26,93.75,15.0,44,241,United Kingdom
13680,Champions,1,12,11435.67,952.97,87.2,354,733,United Kingdom
13681,New Customers,18,4,827.83,206.96,32.0,37,137,United Kingdom
13682,Hibernating,187,1,59.5,59.5,,3,0,United Kingdom
13683,Hibernating,458,1,258.6,258.6,,10,0,United Kingdom
13684,At Risk,286,4,596.98,149.24,46.4,81,335,United Kingdom
13685,Champions,3,7,3119.44,445.63,14.3,29,57,United Kingdom
13686,Hibernating,183,3,409.04,136.35,88.5,27,218,United Kingdom
13687,At Risk,438,1,11880.84,11880.84,,45,0,United Kingdom
13688,Hibernating,635,1,375.5,375.5,,5,0,United Kingdom
13689,New Customers,63,2,1259.5,629.75,,6,381,United Kingdom
13690,Hibernating,59,1,172.25,172.25,,9,0,United Kingdom
13691,Hibernating,396,1,210.78,210.78,,53,0,United Kingdom
13692,At Risk,25,5,3114.4,622.88,81.8,83,395,United Kingdom
13693,At Risk,374,9,2011.82,223.54,42.3,78,358,United Kingdom
13694,Champions,4,143,196482.81,1374.01,6.9,896,731,United Kingdom
13695,Champions,31,16,2770.73,173.17,75.6,47,546,United Kingdom
13696,At Risk,422,3,2020.4,673.47,47.5,24,244,United Kingdom
13697,New Customers,39,1,151.3,151.3,,12,0,United Kingdom
13698,Hibernating,597,2,465.53,232.76,,31,85,United Kingdom
13699,Hibernating,155,2,764.15,382.08,,33,395,United Kingdom
13700,Champions,26,13,2613.46,201.04,67.1,163,644,United Kingdom
13701,Hibernating,447,1,161.0,161.0,,9,0,United Kingdom
13702,Hibernating,446,1,135.18,135.18,,5,0,United Kingdom
13703,Hibernating,318,2,425.56,212.78,,36,96,United Kingdom
13704,Champions,5,9,2308.06,256.45,7.5,111,83,United Kingdom
13705,Champions,8,7,2035.33,290.76,64.6,55,616,United Kingdom
13706,Hibernating,303,2,631.17,315.59,,38,324,United Kingdom
13707,At Risk,267,5,3365.86,673.17,46.5,142,269,United Kingdom
13708,Hibernating,271,1,294.88,294.88,,48,0,United Kingdom
13709,Champions,4,18,7591.75,421.76,46.7,296,693,United Kingdom
13710,New Customers,32,3,509.52,169.84,101.5,13,580,United Kingdom
13711,At Risk,219,9,1792.26,199.14,70.1,80,505,United Kingdom
13712,Hibernating,247,2,766.42,383.21,,32,364,United Kingdom
13713,At Risk,408,3,743.26,247.75,24.5,70,174,United Kingdom
13714,Hibernating,465,1,161.35,161.35,,30,0,United Kingdom
13715,At Risk,281,17,8483.29,499.02,15.0,277,357,United Kingdom
13716,Hibernating,269,1,138.28,138.28,,21,0,United Kingdom
13717,At Risk,32,8,1763.3,220.41,42.1,110,453,United Kingdom
13718,Hibernating,246,2,306.55,153.28,,9,49,United Kingdom
13719,Champions,15,11,2814.27,255.84,52.5,193,556,United Kingdom
13720,At Risk,117,4,799.9,199.98,21.2,42,138,United Kingdom
13721,New Customers,36,2,741.54,370.77,,41,358,United Kingdom
13722,At Risk,132,10,5635.41,563.54,64.2,137,514,United Kingdom
13723,At Risk,217,6,1209.2,201.53,68.9,51,394,United Kingdom
13724,Hibernating,637,1,213.01,213.01,,39,0,United Kingdom
13725,At Risk,50,8,1980.56,247.57,38.3,95,258,United Kingdom
13726,New Customers,39,2,1079.66,539.83,,39,61,United Kingdom
13727,New Customers,29,8,1080.05,135.01,195.9,74,701,United Kingdom
13728,Champions,37,16,2855.17,178.45,16.6,75,693,United Kingdom
13729,Hibernating,436,3,724.73,241.58,121.5,36,248,United Kingdom
13730,Hibernating,136,2,752.6,376.3,,38,25,United Kingdom
13731,Hibernating,219,2,610.59,305.3,,36,27,United Kingdom
13732,New Customers,28,1,491.86,491.86,,33,0,United Kingdom
13733,Hibernating,411,2,487.03,243.52,,28,324,United Kingdom
13734,At Risk,509,4,6701.64,1675.41,37.5,24,94,United Kingdom
13735,Champions,25,13,9813.22,754.86,46.8,362,701,United Kingdom
13736,Champions,5,7,2766.21,395.17,89.5,325,728,United Kingdom
13737,Hibernating,200,1,339.6,339.6,,29,0,United Kingdom
13738,Hibernating,396,1,440.93,440.93,,88,0,United Kingdom
13739,New Customers,18,2,292.2,146.1,,6,509,United Kingdom
13740,At Risk,241,5,1597.77,319.55,44.5,83,496,United Kingdom
13741,New Customers,72,3,668.43,222.81,39.0,34,145,United Kingdom
13742,Champions,17,12,3131.02,260.92,25.0,200,303,United Kingdom
13743,New Customers,3,7,1341.6,191.66,25.9,8,256,United Kingdom
13744,At Risk,95,2,1156.36,578.18,,54,197,United Kingdom
13745,Hibernating,162,2,777.36,388.68,,46,383,United Kingdom
13746,Hibernating,414,1,176.69,176.69,,9,0,United Kingdom
13747,Hibernating,374,2,249.4,124.7,,4,51,United Kingdom
13748,At Risk,96,9,2268.35,252.04,104.4,40,642,United Kingdom
13750,Champions,54,11,3602.18,327.47,40.3,51,563,United Kingdom
13751,Hibernating,288,1,296.25,296.25,,9,0,United Kingdom
13752,At Risk,124,7,1590.73,227.25,96.0,75,403,United Kingdom
13753,At Risk,288,4,2094.57,523.64,114.8,64,449,United Kingdom
13754,Hibernating,152,3,447.05,149.02,23.0,16,285,United Kingdom
13755,Champions,4,9,2161.35,240.15,4.7,232,59,United Kingdom
13756,Champions,2,23,9207.5,400.33,33.7,142,722,United Kingdom
13757,Hibernating,675,1,195.55,195.55,,8,0,United Kingdom
13758,Champions,12,14,9314.14,665.3,52.7,212,727,United Kingdom
13759,New Customers,33,2,659.41,329.71,,24,37,United Kingdom
13760,At Risk,54,5,1363.64,272.73,51.5,95,539,United Kingdom
13761,At Risk,50,6,1952.17,325.36,109.0,118,606,United Kingdom
13762,At Risk,219,5,2472.48,494.5,147.7,23,479,United Kingdom
13763,At Risk,63,3,5217.44,1739.15,168.0,50,371,United Kingdom
13764,At Risk,71,6,2942.31,490.38,85.4,294,571,United Kingdom
13765,Hibernating,653,1,352.82,352.82,,16,0,United Kingdom
13766,Hibernating,495,1,190.35,190.35,,16,0,United Kingdom
13767,Champions,2,73,35540.53,486.86,11.6,117,736,United Kingdom
13768,Hibernating,727,2,875.97,437.98,,30,4,United Kingdom
13769,Champions,2,20,5800.42,290.02,22.1,121,721,United Kingdom
13770,At Risk,422,4,785.37,196.34,80.6,48,308,United Kingdom
13771,Champions,64,9,5728.82,636.54,92.1,182,588,United Kingdom
13772,Champions,34,8,3114.22,389.28,50.5,394,620,United Kingdom
13773,Hibernating,397,2,301.54,150.77,,19,263,United Kingdom
13774,Hibernating,82,1,345.0,345.0,,22,0,United Kingdom
13775,Hibernating,591,1,1049.66,1049.66,,63,0,United Kingdom
13777,Champions,1,61,56478.42,925.88,11.4,44,737,United Kingdom
13778,At Risk,103,4,1124.49,281.12,165.5,33,462,United Kingdom
13779,Hibernating,516,1,161.13,161.13,,27,0,United Kingdom
13780,New Customers,7,3,735.82,245.27,37.0,90,399,United Kingdom
13781,At Risk,251,3,778.83,259.61,106.5,56,470,United Kingdom
13782,Champions,13,13,1793.72,137.98,35.1,187,720,United Kingdom
13783,At Risk,488,4,1542.09,385.52,20.4,4,185,United Kingdom
13784,Champions,10,14,2910.23,207.87,26.7,13,440,United Kingdom
13785,At Risk,429,4,542.49,135.62,14.4,26,31,United Kingdom
13786,At Risk,367,6,3358.94,559.82,73.4,80,368,United Kingdom
13787,At Risk,76,6,1222.5,203.75,85.6,71,619,United Kingdom
13788,Hibernating,505,1,3.75,3.75,,1,0,United Kingdom
13789,Hibernating,388,1,239.46,239.46,,18,0,United Kingdom
13790,New Customers,4,1,348.8,348.8,,45,0,United Kingdom
13791,At Risk,128,2,1516.0,758.0,,7,40,United Kingdom
13792,New Customers,66,3,383.95,127.98,43.0,23,356,United Kingdom
13793,Hibernating,647,1,96.0,96.0,,7,0,United Kingdom
13794,Hibernating,547,1,126.03,126.03,,9,0,United Kingdom
13795,At Risk,388,4,836.3,209.08,48.8,23,249,United Kingdom
13796,Hibernating,499,1,289.7,289.7,,22,0,United Kingdom
13797,At Risk,437,3,1179.45,393.15,26.5,71,210,United Kingdom
13798,Champions,1,110,75836.87,689.43,4.8,168,729,United Kingdom
13799,At Risk,117,9,2803.57,311.51,58.0,64,527,United Kingdom
13800,At Risk,310,3,1679.56,559.85,92.5,73,427,United Kingdom
13801,Hibernating,67,1,324.8,324.8,,23,0,United Kingdom
13802,Champions,139,19,26259.11,1382.06,26.3,212,523,United Kingdom
13803,At Risk,255,3,1338.91,446.3,5.5,73,363,United Kingdom
13804,Champions,31,9,3208.52,356.5,53.9,149,406,United Kingdom
13805,New Customers,52,2,924.6,462.3,,10,76,United Kingdom
13806,Hibernating,64,1,256.38,256.38,,10,0,United Kingdom
13807,Hibernating,367,3,534.8,178.27,23.0,24,368,United Kingdom
13808,New Customers,6,5,1747.66,349.53,13.8,70,91,United Kingdom
13809,At Risk,305,3,679.7,226.57,11.5,23,155,Cyprus
13810,New Customers,29,2,827.51,413.76,,30,27,Germany
13811,Hibernating,184,2,519.75,259.88,,5,55,Germany
13812,New Customers,42,3,485.0,161.67,9.5,32,63,Germany
13813,At Risk,40,8,2387.47,298.43,121.4,83,694,Germany
13814,At Risk,92,3,2257.32,752.44,172.5,56,434,Germany
13815,Champions,22,8,6737.74,842.22,48.1,202,643,Germany
13816,New Customers,24,2,499.67,249.84,,24,40,Germany
13817,New Customers,29,2,328.98,164.49,,19,322,Germany
13818,Hibernating,430,1,61.28,61.28,,5,0,United Kingdom
13819,At Risk,302,6,2642.35,440.39,132.7,47,436,United Kingdom
13820,Hibernating,418,3,660.65,220.22,97.0,68,262,United Kingdom
13821,At Risk,145,6,1410.73,235.12,108.1,158,559,United Kingdom
13822,New Customers,6,2,632.0,316.0,,90,34,United Kingdom
13823,Champions,19,7,3403.45,486.21,85.5,108,705,United Kingdom
13824,Champions,33,12,3314.76,276.23,20.0,59,604,United Kingdom
13825,Hibernating,622,2,255.59,127.8,,38,108,United Kingdom
13826,Hibernating,176,1,189.5,189.5,,10,0,United Kingdom
13827,New Customers,58,3,412.05,137.35,33.0,83,85,United Kingdom
13828,New Customers,22,1,209.49,209.49,,15,0,United Kingdom
13829,Hibernating,421,1,102.0,102.0,,1,0,United Kingdom
13830,Hibernating,582,1,156.85,156.85,,11,0,United Kingdom
13831,Champions,16,18,7023.58,390.2,35.9,121,713,United Kingdom
13832,New Customers,19,2,613.69,306.85,,54,403,United Kingdom
13833,Hibernating,159,2,701.36,350.68,,43,244,United Kingdom
13834,Hibernating,577,2,324.19,162.1,,15,92,United Kingdom
13835,New Customers,25,7,1095.27,156.47,95.7,60,620,United Kingdom
13836,Hibernating,399,2,620.37,310.18,,29,15,United Kingdom
13837,Hibernating,212,2,271.24,135.62,,17,105,United Kingdom
13838,Champions,6,10,1966.09,196.61,84.5,328,573,United Kingdom
13839,Hibernating,486,1,139.95,139.95,,7,0,United Kingdom
13840,Hibernating,416,1,651.4,651.4,,40,0,United Kingdom
13841,Hibernating,253,1,85.0,85.0,,1,0,United Kingdom
13842,Champions,59,18,5629.91,312.77,23.7,214,602,United Kingdom
13843,Hibernating,381,1,319.75,319.75,,18,0,United Kingdom
13844,New Customers,11,1,361.62,361.62,,20,0,United Kingdom
13845,Hibernating,65,1,312.98,312.98,,9,0,United Kingdom
13846,New Customers,25,4,1307.79,326.95,73.2,81,375,United Kingdom
13847,Hibernating,720,1,310.72,310.72,,19,0,United Kingdom
13848,At Risk,92,8,3335.0,416.88,49.6,3,637,United Kingdom
13849,At Risk,52,5,3469.3,693.86,72.6,189,572,United Kingdom
13850,At Risk,129,1,1595.48,1595.48,,93,0,United Kingdom
13851,At Risk,96,8,4606.46,575.81,80.4,111,584,United Kingdom
13852,Hibernating,611,1,187.35,187.35,,11,0,United Kingdom
13853,New Customers,57,1,1090.14,1090.14,,23,0,United Kingdom
13854,Champions,9,39,12253.96,314.2,15.5,61,691,United Kingdom
13855,At Risk,501,4,1310.34,327.59,48.8,64,230,United Kingdom
13856,At Risk,169,11,1142.03,103.82,72.0,33,450,United Kingdom
13857,At Risk,393,6,1000.91,166.82,27.7,98,177,United Kingdom
13858,Hibernating,57,1,216.17,216.17,,11,0,United Kingdom
13859,Hibernating,326,2,515.86,257.93,,34,203,United Kingdom
13860,New Customers,1,5,1245.9,249.18,15.5,58,85,United Kingdom
13861,Hibernating,429,2,273.26,136.63,,21,101,United Kingdom
13862,Champions,18,9,2556.09,284.01,8.8,113,371,United Kingdom
13863,At Risk,248,4,1239.55,309.89,73.4,59,345,United Kingdom
13864,Hibernating,387,1,662.4,662.4,,1,0,United Kingdom
13865,New Customers,58,4,501.56,125.39,21.6,26,231,United Kingdom
13866,Hibernating,74,1,145.67,145.67,,7,0,United Kingdom
13867,New Customers,31,3,1015.29,338.43,50.5,51,186,United Kingdom
13868,New Customers,7,2,3192.54,1596.27,,32,31,United Kingdom
13869,At Risk,123,10,8111.57,811.16,30.4,502,567,United Kingdom
13870,Champions,2,15,5712.08,380.81,40.2,159,667,United Kingdom
13871,Champions,23,17,7885.85,463.87,37.1,183,696,United Kingdom
13872,At Risk,527,3,919.57,306.52,0.0,51,198,United Kingdom
13873,At Risk,120,8,1038.92,129.86,39.6,55,526,United Kingdom
13874,At Risk,358,7,2049.15,292.74,44.6,46,314,United Kingdom
13875,Champions,54,14,4814.37,343.88,22.7,159,668,United Kingdom
13876,Hibernating,64,1,122.7,122.7,,7,0,United Kingdom
13877,New Customers,86,3,449.68,149.89,82.5,23,603,United Kingdom
13878,At Risk,55,4,2473.06,618.26,219.0,93,549,United Kingdom
13879,Hibernating,646,1,395.5,395.5,,25,0,United Kingdom
13880,Champions,21,17,4391.66,258.33,22.5,148,540,United Kingdom
13881,Champions,4,43,45179.1,1050.68,15.0,182,641,United Kingdom
13882,New Customers,3,5,1191.13,238.23,4.8,54,61,United Kingdom
13883,Champions,11,14,6535.37,466.81,63.7,199,638,United Kingdom
13884,Champions,7,10,1888.48,188.85,60.1,108,462,United Kingdom
13885,Hibernating,189,2,506.8,253.4,,28,11,United Kingdom
13886,Hibernating,71,1,243.56,243.56,,16,0,United Kingdom
13887,Hibernating,204,1,349.55,349.55,,19,0,United Kingdom
13888,At Risk,120,7,2169.05,309.86,63.8,124,455,United Kingdom
13889,At Risk,93,6,1991.23,331.87,102.1,57,593,United Kingdom
13890,Champions,1,14,2927.38,209.1,78.7,100,732,United Kingdom
13891,At Risk,378,3,863.56,287.85,66.0,97,203,United Kingdom
13892,New Customers,27,6,1267.65,211.27,85.6,33,549,United Kingdom
13893,Hibernating,298,1,821.1,821.1,,21,0,United Kingdom
13894,New Customers,24,3,564.62,188.21,143.5,25,286,United Kingdom
13895,Champions,28,6,4008.52,668.09,126.2,154,708,United Kingdom
13896,Hibernating,626,1,388.55,388.55,,21,0,United Kingdom
13897,New Customers,50,3,1160.72,386.91,74.5,58,627,United Kingdom
13898,Hibernating,326,2,686.4,343.2,,43,85,United Kingdom
13899,New Customers,16,2,388.52,194.26,,19,258,United Kingdom
13900,At Risk,183,6,1610.59,268.43,44.4,80,441,United Kingdom
13901,Champions,72,15,5676.34,378.42,31.6,280,631,United Kingdom
13902,At Risk,632,5,34023.26,6804.65,12.9,57,92,Denmark
13903,Hibernating,400,1,165.45,165.45,,10,0,United Kingdom
13904,New Customers,37,2,332.64,166.32,,24,257,United Kingdom
13905,Hibernating,733,1,312.65,312.65,,12,0,United Kingdom
13906,Hibernating,409,1,42.0,42.0,,1,0,United Kingdom
13907,Hibernating,692,1,136.8,136.8,,4,0,United Kingdom
13908,At Risk,80,4,2319.55,579.89,16.9,103,196,United Kingdom
13909,Hibernating,423,2,286.6,143.3,,35,98,United Kingdom
13911,Champions,57,20,4234.99,211.75,27.5,178,590,United Kingdom
13912,Hibernating,424,1,124.95,124.95,,7,0,United Kingdom
13913,Hibernating,507,1,42.22,42.22,,3,0,United Kingdom
13914,New Customers,12,2,626.45,313.23,,28,24,United Kingdom
13915,Hibernating,394,1,70.8,70.8,,2,0,United Kingdom
13916,At Risk,464,4,1275.81,318.95,43.6,72,211,United Kingdom
13917,New Customers,50,2,272.04,136.02,,16,141,United Kingdom
13918,New Customers,50,2,1212.84,606.42,,30,203,United Kingdom
13919,At Risk,59,4,1252.68,313.17,103.3,64,481,Denmark
13920,At Risk,432,4,1774.68,443.67,21.2,81,130,United Kingdom
13921,At Risk,402,4,730.7,182.68,65.8,36,319,United Kingdom
13922,At Risk,352,3,865.2,288.4,28.0,30,115,United Kingdom
13923,New Customers,54,1,351.13,351.13,,20,0,United Kingdom
13924,New Customers,2,6,1838.85,306.47,7.8,90,70,United Kingdom
13925,At Risk,93,4,678.25,169.56,11.9,28,42,United Kingdom
13926,New Customers,23,1,223.85,223.85,,11,0,United Kingdom
13927,New Customers,75,2,708.26,354.13,,37,362,United Kingdom
13928,New Customers,11,4,464.57,116.14,24.2,23,122,United Kingdom
13929,At Risk,169,11,3494.1,317.65,44.2,38,525,United Kingdom
13930,New Customers,58,2,337.34,168.67,,15,78,United Kingdom
13931,At Risk,96,11,5257.38,477.94,67.8,205,640,United Kingdom
13932,Hibernating,295,1,307.4,307.4,,16,0,United Kingdom
13933,Hibernating,109,2,608.79,304.4,,23,39,United Kingdom
13934,Hibernating,264,1,922.1,922.1,,31,0,United Kingdom
13935,At Risk,597,3,6116.92,2038.97,8.0,67,55,United Kingdom
13936,At Risk,180,3,939.66,313.22,85.5,56,234,United Kingdom
13937,At Risk,169,2,880.13,440.06,,54,233,United Kingdom
13938,Hibernating,35,1,71.66,71.66,,7,0,United Kingdom
13939,New Customers,23,7,1560.96,222.99,57.2,91,589,United Kingdom
13940,New Customers,17,4,839.14,209.78,10.3,39,126,United Kingdom
13941,Champions,22,15,11122.3,741.49,40.9,42,701,United Kingdom
13942,Hibernating,535,1,320.0,320.0,,1,0,United Kingdom
13943,Hibernating,578,1,246.54,246.54,,15,0,United Kingdom
13944,Hibernating,653,1,200.43,200.43,,35,0,United Kingdom
13945,Hibernating,395,2,854.15,427.08,,49,85,United Kingdom
13946,At Risk,79,6,1876.23,312.7,66.1,49,656,United Kingdom
13947,Hibernating,65,1,90.6,90.6,,5,0,United Kingdom
13948,At Risk,361,4,548.76,137.19,80.5,23,374,United Kingdom
13949,Champions,3,6,2427.32,404.55,4.6,124,91,United Kingdom
13950,New Customers,11,4,745.06,186.26,68.5,33,235,United Kingdom
13951,At Risk,176,3,674.45,224.82,1.0,38,118,United Kingdom
13952,Champions,218,14,12823.52,915.97,37.5,237,505,United Kingdom
13953,Champions,7,12,6640.68,553.39,17.5,8,721,United Kingdom
13954,New Customers,2,2,439.92,219.96,,24,69,United Kingdom
13955,At Risk,154,3,545.17,181.72,40.5,82,220,United Kingdom
13956,New Customers,5,5,1026.42,205.28,29.9,123,266,United Kingdom
13957,Hibernating,418,3,458.25,152.75,34.5,21,240,United Kingdom
13958,At Risk,380,8,4709.23,588.65,49.0,172,354,United Kingdom
13959,At Risk,79,6,1076.18,179.36,62.6,120,431,United Kingdom
13960,New Customers,21,2,230.22,115.11,,11,50,United Kingdom
13961,Hibernating,392,1,538.4,538.4,,19,0,United Kingdom
13962,New Customers,22,3,362.8,120.93,17.0,23,413,United Kingdom
13963,At Risk,308,17,3011.87,177.17,8.4,129,288,United Kingdom
13964,Hibernating,387,2,438.9,219.45,,22,43,United Kingdom
13965,At Risk,477,3,996.61,332.2,79.5,23,226,United Kingdom
13966,Hibernating,435,1,390.86,390.86,,21,0,United Kingdom
13967,Hibernating,146,2,166.3,83.15,,4,250,United Kingdom
13968,Hibernating,423,1,123.66,123.66,,8,0,United Kingdom
13969,Champions,7,35,13365.87,381.88,14.2,472,617,United Kingdom
13970,Hibernating,386,2,846.55,423.28,,10,51,United Kingdom
13971,Champions,19,14,4667.57,333.4,32.1,184,664,United Kingdom
13972,Hibernating,71,2,190.25,95.12,,15,131,United Kingdom
13973,Hibernating,287,1,264.7,264.7,,11,0,United Kingdom
13974,New Customers,49,2,677.72,338.86,,43,532,United Kingdom
13975,Champions,31,12,5358.84,446.57,44.7,434,644,United Kingdom
13976,At Risk,207,4,1192.36,298.09,103.3,49,461,United Kingdom
13977,Hibernating,411,1,519.81,519.81,,13,0,United Kingdom
13978,New Customers,15,2,196.79,98.4,,14,30,United Kingdom
13979,At Risk,73,7,3409.93,487.13,111.9,355,663,United Kingdom
13980,At Risk,60,5,799.92,159.98,133.7,57,595,United Kingdom
13981,Hibernating,416,1,331.14,331.14,,22,0,United Kingdom
13982,Champions,39,9,4445.59,493.95,49.4,123,649,United Kingdom
13983,Champions,30,21,7108.45,338.5,24.2,238,700,United Kingdom
13984,Champions,27,12,2048.6,170.72,45.6,53,706,United Kingdom
13985,Champions,4,22,10020.86,455.49,34.8,149,664,United Kingdom
13986,New Customers,17,1,320.46,320.46,,12,0,United Kingdom
13987,Hibernating,380,2,682.54,341.27,,46,21,United Kingdom
13988,Champions,20,8,4757.8,594.72,72.3,218,605,United Kingdom
13989,At Risk,66,5,2026.06,405.21,79.4,61,497,United Kingdom
13990,Hibernating,213,1,311.3,311.3,,16,0,United Kingdom
13991,New Customers,12,6,854.97,142.49,24.6,57,131,United Kingdom
13992,New Customers,30,3,219.5,73.17,133.5,10,432,United Kingdom
13993,Champions,43,19,6775.71,356.62,18.6,110,693,United Kingdom
13994,Champions,4,6,2313.14,385.52,11.0,122,144,United Kingdom
13995,Champions,15,14,3902.01,278.71,31.2,146,706,United Kingdom
13996,Hibernating,386,2,845.76,422.88,,28,13,United Kingdom
13997,Hibernating,519,3,382.31,127.44,15.5,36,31,United Kingdom
13998,Hibernating,447,3,566.7,188.9,0.0,30,129,United Kingdom
13999,Champions,10,29,9502.26,327.66,12.7,174,724,United Kingdom
14000,At Risk,211,5,2046.34,409.27,46.1,28,526,United Kingdom
14001,Champions,46,9,4530.09,503.34,63.9,60,447,United Kingdom
14002,Hibernating,134,2,529.73,264.86,,47,22,United Kingdom
14003,Hibernating,733,1,209.41,209.41,,16,0,United Kingdom
14004,Champions,43,11,6258.45,568.95,38.5,127,392,United Kingdom
14005,New Customers,10,5,2874.72,574.94,10.9,53,206,United Kingdom
14006,At Risk,116,7,2196.67,313.81,64.5,55,536,United Kingdom
14007,Hibernating,513,1,79.48,79.48,,5,0,United Kingdom
14008,Hibernating,432,1,509.04,509.04,,32,0,United Kingdom
14009,At Risk,198,3,1099.91,366.64,125.0,71,264,United Kingdom
14010,Hibernating,565,2,445.15,222.58,,20,0,United Kingdom
14011,Hibernating,480,2,457.82,228.91,,32,127,United Kingdom
14012,Hibernating,278,1,328.8,328.8,,11,0,United Kingdom
14013,At Risk,110,5,1084.57,216.91,74.8,56,513,United Kingdom
14014,At Risk,77,3,1948.21,649.4,49.5,76,499,United Kingdom
14015,New Customers,53,1,917.34,917.34,,20,0,United Kingdom
14016,At Risk,162,11,11303.41,1027.58,22.1,353,538,EIRE
14017,Hibernating,571,1,229.75,229.75,,14,0,United Kingdom
14018,Hibernating,645,1,367.15,367.15,,13,0,United Kingdom
14019,New Customers,47,3,1421.61,473.87,6.0,37,91,United Kingdom
14020,New Customers,17,4,1249.01,312.25,153.6,63,512,United Kingdom
14021,At Risk,155,7,1716.58,245.23,32.5,84,437,United Kingdom
14022,Hibernating,225,2,792.15,396.08,,45,261,United Kingdom
14023,New Customers,7,2,584.07,292.03,,30,242,United Kingdom
14024,At Risk,122,3,645.74,215.25,131.5,33,269,United Kingdom
14025,At Risk,465,8,4057.9,507.24,11.9,60,119,United Kingdom
14026,Hibernating,471,2,713.11,356.56,,43,154,United Kingdom
14027,Hibernating,61,1,104.82,104.82,,6,0,United Kingdom
14028,At Risk,550,3,10396.5,3465.5,0.0,3,0,United Kingdom
14029,New Customers,63,2,467.66,233.83,,15,80,United Kingdom
14030,Champions,18,20,8262.29,413.11,42.2,591,710,United Kingdom
14031,Champions,7,44,40999.17,931.8,12.5,280,729,United Kingdom
14032,Champions,2,16,4850.27,303.14,51.9,79,723,United Kingdom
14033,Hibernating,555,1,109.44,109.44,,1,0,United Kingdom
14034,New Customers,22,3,651.82,217.27,67.5,82,135,United Kingdom
14035,Champions,29,9,2856.72,317.41,47.4,70,583,United Kingdom
14036,Hibernating,285,1,626.65,626.65,,38,0,United Kingdom
14037,At Risk,176,6,836.95,139.49,60.0,96,556,United Kingdom
14038,At Risk,78,5,3069.88,613.98,89.6,99,595,United Kingdom
14039,New Customers,33,2,267.28,133.64,,10,542,United Kingdom
14040,Champions,41,35,12645.57,361.3,15.4,335,698,United Kingdom
14041,Hibernating,266,1,141.41,141.41,,21,0,United Kingdom
14042,Hibernating,725,1,431.98,431.98,,21,0,United Kingdom
14043,Hibernating,491,2,304.25,152.12,,37,238,United Kingdom
14044,Champions,27,10,3119.35,311.94,44.4,532,657,United Kingdom
14045,Champions,109,16,11313.03,707.06,54.3,16,591,United Kingdom
14046,Hibernating,284,1,151.59,151.59,,13,0,United Kingdom
14047,Champions,9,14,4255.03,303.93,44.1,91,668,United Kingdom
14048,At Risk,305,3,748.69,249.56,38.5,126,77,United Kingdom
14049,Champions,17,13,13239.03,1018.39,42.2,573,600,United Kingdom
14050,New Customers,32,2,746.36,373.18,,49,74,United Kingdom
14051,Champions,1,37,22434.0,606.32,18.0,82,735,United Kingdom
14052,New Customers,20,2,480.81,240.4,,115,371,United Kingdom
14053,At Risk,124,4,572.3,143.07,85.8,3,362,United Kingdom
14054,Hibernating,65,1,92.46,92.46,,6,0,United Kingdom
14055,At Risk,106,3,1520.96,506.99,162.5,33,616,United Kingdom
14056,Champions,1,23,8214.65,357.16,6.3,320,282,United Kingdom
14057,Champions,24,22,8408.84,382.22,33.6,244,712,United Kingdom
14058,Hibernating,463,2,469.19,234.6,,23,67,United Kingdom
14059,Hibernating,267,1,183.6,183.6,,8,0,United Kingdom
14060,Champions,5,30,9519.08,317.3,15.2,100,634,United Kingdom
14061,At Risk,507,3,917.43,305.81,101.5,17,230,United Kingdom
14062,Champions,10,24,25604.2,1066.84,24.6,141,719,United Kingdom
14063,At Risk,687,7,9471.5,1353.07,4.7,29,44,United Kingdom
14064,Champions,29,15,3332.42,222.16,40.9,131,657,United Kingdom
14065,At Risk,389,3,891.02,297.01,0.0,42,42,United Kingdom
14066,Hibernating,267,1,152.55,152.55,,7,0,United Kingdom
14067,New Customers,64,2,374.7,187.35,,51,32,United Kingdom
14068,At Risk,320,4,1528.37,382.09,116.2,93,357,United Kingdom
14069,Hibernating,515,2,230.06,115.03,,37,46,United Kingdom
14070,Hibernating,685,1,326.55,326.55,,40,0,United Kingdom
14071,Champions,4,8,1424.0,178.0,71.9,270,261,United Kingdom
14072,Hibernating,667,1,390.85,390.85,,19,0,United Kingdom
14073,New Customers,32,1,151.04,151.04,,13,0,United Kingdom
14074,Hibernating,623,1,219.4,219.4,,6,0,United Kingdom
14075,New Customers,5,5,1724.87,344.97,85.4,58,465,United Kingdom
14076,Hibernating,129,1,122.47,122.47,,43,0,United Kingdom
14077,New Customers,41,6,615.08,102.51,34.5,43,354,United Kingdom
14078,At Risk,102,9,1690.98,187.89,30.6,106,519,United Kingdom
14079,Hibernating,125,1,375.1,375.1,,12,0,United Kingdom
14080,New Customers,33,5,1115.68,223.14,139.3,74,704,United Kingdom
14081,At Risk,302,10,5370.1,537.01,55.4,465,426,United Kingdom
14082,Hibernating,365,2,413.36,206.68,,48,27,United Kingdom
14083,Champions,4,11,1407.26,127.93,65.7,169,717,United Kingdom
14084,Hibernating,512,1,150.5,150.5,,7,0,United Kingdom
14085,Champions,2,32,10089.97,315.31,23.4,478,729,United Kingdom
14086,Hibernating,463,1,39.95,39.95,,1,0,United Kingdom
14087,New Customers,3,3,846.22,282.07,35.5,175,732,United Kingdom
14088,Champions,10,16,64036.8,4002.3,37.2,436,410,United Kingdom
14089,Hibernating,57,1,161.0,161.0,,13,0,United Kingdom
14090,Hibernating,325,1,76.32,76.32,,1,0,United Kingdom
14091,At Risk,654,2,9530.08,4765.04,,13,44,United Kingdom
14092,Champions,8,24,7229.45,301.23,16.4,169,715,United Kingdom
14093,New Customers,12,1,442.85,442.85,,95,0,United Kingdom
14094,Hibernating,440,1,335.22,335.22,,41,0,United Kingdom
14095,Hibernating,723,1,2.95,2.95,,1,0,United Kingdom
14096,Champions,4,17,53258.43,3132.85,2.1,1118,97,United Kingdom
14097,Hibernating,481,2,422.86,211.43,,39,164,United Kingdom
14098,New Customers,37,1,147.35,147.35,,21,0,United Kingdom
14099,Champions,16,20,5765.71,288.29,17.3,273,713,United Kingdom
14100,Hibernating,138,1,194.9,194.9,,24,0,United Kingdom
14101,Champions,74,13,9961.93,766.3,17.8,19,547,United Kingdom
14102,New Customers,5,5,1360.28,272.06,3.6,35,39,United Kingdom
14104,At Risk,155,5,768.58,153.72,92.9,116,405,United Kingdom
14105,At Risk,239,5,5988.83,1197.77,57.0,200,482,United Kingdom
14106,Hibernating,737,1,214.8,214.8,,1,0,United Kingdom
14107,Champions,52,11,4877.3,443.39,32.0,102,678,United Kingdom
14108,New Customers,31,4,1044.96,261.24,279.8,49,707,United Kingdom
14109,Hibernating,73,1,144.2,144.2,,9,0,United Kingdom
14110,Champions,4,33,12987.95,393.57,28.9,177,735,United Kingdom
14111,New Customers,14,4,692.85,173.21,50.8,10,227,United Kingdom
14112,Champions,23,13,5834.59,448.81,51.2,199,631,United Kingdom
14113,Champions,4,16,7092.61,443.29,67.3,76,728,United Kingdom
14114,At Risk,274,7,1364.09,194.87,26.9,72,332,United Kingdom
14115,Hibernating,502,2,622.67,311.34,,22,165,United Kingdom
14116,New Customers,20,5,1382.74,276.55,8.0,61,101,United Kingdom
14117,Hibernating,144,1,90.0,90.0,,3,0,United Kingdom
14118,Hibernating,429,1,458.45,458.45,,15,0,United Kingdom
14119,Hibernating,376,2,183.37,91.68,,11,342,United Kingdom
14121,New Customers,4,4,2780.15,695.04,9.4,148,56,United Kingdom
14122,Hibernating,406,3,362.42,120.81,156.5,12,331,United Kingdom
14123,Hibernating,733,1,436.18,436.18,,24,0,United Kingdom
14124,Hibernating,84,1,419.58,419.58,,4,0,United Kingdom
14125,New Customers,11,3,2740.43,913.48,16.0,159,67,United Kingdom
14126,New Customers,8,4,1172.46,293.12,203.9,37,436,United Kingdom
14127,At Risk,123,6,1900.08,316.68,41.2,96,302,United Kingdom
14128,New Customers,61,3,924.21,308.07,50.5,50,490,United Kingdom
14129,Champions,2,9,2591.34,287.93,54.0,40,577,United Kingdom
14130,At Risk,319,4,1882.67,470.67,123.6,189,408,United Kingdom
14131,Hibernating,649,1,187.87,187.87,,45,0,United Kingdom
14132,Champions,2,11,3586.03,326.0,6.9,100,181,United Kingdom
14133,At Risk,130,4,911.14,227.78,171.0,33,603,United Kingdom
14134,At Risk,383,15,11123.35,741.56,26.4,130,347,United Kingdom
14135,Champions,2,24,9643.92,401.83,32.3,138,736,United Kingdom
14136,At Risk,401,5,1570.81,314.16,45.5,86,331,United Kingdom
14137,Hibernating,696,1,332.7,332.7,,11,0,United Kingdom
14138,New Customers,2,2,982.38,491.19,,40,62,United Kingdom
14139,New Customers,46,4,1086.8,271.7,197.2,48,496,United Kingdom
14140,New Customers,4,2,935.05,467.52,,60,27,United Kingdom
14141,New Customers,3,4,915.13,228.78,17.6,27,102,United Kingdom
14142,Hibernating,373,2,983.15,491.58,,42,273,United Kingdom
14143,Hibernating,134,1,115.8,115.8,,7,0,United Kingdom
14144,Hibernating,486,1,30.6,30.6,,1,0,United Kingdom
14145,Champions,47,7,7600.05,1085.72,73.7,11,564,United Kingdom
14146,Champions,9,12,9450.3,787.52,63.9,337,686,United Kingdom
14147,At Risk,78,9,2590.2,287.8,68.9,24,562,United Kingdom
14148,Hibernating,234,2,466.29,233.14,,15,180,United Kingdom
14149,Hibernating,221,1,446.62,446.62,,28,0,United Kingdom
14150,New Customers,36,2,658.64,329.32,,23,324,United Kingdom
14151,Hibernating,673,2,679.45,339.72,,44,43,United Kingdom
14152,At Risk,75,7,1997.34,285.33,64.3,104,583,United Kingdom
14153,Hibernating,483,1,233.4,233.4,,17,0,United Kingdom
14154,At Risk,239,8,6460.7,807.59,65.7,236,456,United Kingdom
14155,Hibernating,266,1,118.75,118.75,,6,0,United Kingdom
14156,Champions,10,144,303578.63,2108.18,6.1,1443,728,EIRE
14157,New Customers,20,5,1002.78,200.56,95.5,75,626,United Kingdom
14158,New Customers,40,1,507.66,507.66,,41,0,United Kingdom
14159,Champions,20,20,7926.79,396.34,33.1,705,717,United Kingdom
14160,At Risk,610,7,8421.47,1203.07,2.5,80,88,United Kingdom
14161,At Risk,216,7,3318.88,474.13,31.4,202,510,United Kingdom
14162,Hibernating,174,2,289.36,144.68,,25,118,United Kingdom
14163,At Risk,87,5,2594.62,518.92,75.2,42,374,United Kingdom
14164,At Risk,71,2,1631.77,815.88,,28,10,United Kingdom
14165,Hibernating,276,1,122.54,122.54,,23,0,United Kingdom
14166,Hibernating,505,2,256.85,128.43,,39,121,United Kingdom
14167,At Risk,39,8,1296.49,162.06,26.8,48,641,United Kingdom
14168,Hibernating,421,2,370.45,185.22,,11,143,United Kingdom
14169,Hibernating,431,2,616.03,308.02,,49,13,United Kingdom
14170,Hibernating,375,3,597.33,199.11,4.0,123,19,United Kingdom
14171,Hibernating,98,2,498.79,249.4,,61,632,United Kingdom
14172,Hibernating,605,3,402.72,134.24,14.5,38,37,United Kingdom
14173,New Customers,11,6,586.0,97.67,150.9,30,719,United Kingdom
14174,New Customers,33,1,134.46,134.46,,26,0,United Kingdom
14175,Champions,60,8,7678.88,959.86,38.7,237,568,United Kingdom
14176,At Risk,297,5,916.01,183.2,15.4,33,83,United Kingdom
14177,At Risk,86,13,2229.34,171.49,64.1,141,565,United Kingdom
14178,New Customers,9,7,1600.93,228.7,11.1,190,173,United Kingdom
14179,New Customers,41,2,719.78,359.89,,135,11,United Kingdom
14180,Champions,11,33,6319.25,191.49,9.0,125,537,United Kingdom
14181,Hibernating,411,2,310.55,155.28,,48,151,United Kingdom
14182,At Risk,444,4,678.77,169.69,12.3,42,152,United Kingdom
14183,Hibernating,411,2,286.29,143.15,,27,69,United Kingdom
14184,New Customers,67,1,452.89,452.89,,24,0,United Kingdom
14185,Hibernating,331,1,197.65,197.65,,3,0,United Kingdom
14186,At Risk,427,5,1550.63,310.13,24.2,75,217,United Kingdom
14187,Hibernating,474,1,123.5,123.5,,8,0,United Kingdom
14188,At Risk,31,6,2054.36,342.39,21.4,34,279,United Kingdom
14189,Champions,2,16,5814.39,363.4,13.5,199,386,United Kingdom
14190,Hibernating,666,1,79.9,79.9,,1,0,United Kingdom
14191,Champions,2,15,4817.66,321.18,88.1,147,726,United Kingdom
14192,Hibernating,388,1,293.74,293.74,,14,0,United Kingdom
14193,At Risk,68,3,1210.19,403.4,37.5,49,328,United Kingdom
14194,Champions,5,36,18670.59,518.63,21.1,432,697,United Kingdom
14195,At Risk,202,6,2615.6,435.93,67.9,10,432,United Kingdom
14196,Hibernating,107,1,335.52,335.52,,6,0,United Kingdom
14197,Hibernating,411,1,390.05,390.05,,20,0,United Kingdom
14198,Champions,18,9,1569.73,174.41,35.8,58,685,United Kingdom
14199,At Risk,218,4,1091.7,272.92,79.8,15,312,United Kingdom
14200,Hibernating,617,1,379.2,379.2,,21,0,United Kingdom
14201,At Risk,60,10,1193.54,119.35,48.4,47,528,United Kingdom
14202,At Risk,381,3,847.76,282.59,53.5,27,243,United Kingdom
14203,Hibernating,397,1,339.34,339.34,,16,0,United Kingdom
14204,New Customers,2,4,1062.96,265.74,128.7,186,735,United Kingdom
14205,Champions,17,9,2414.2,268.24,73.3,79,625,United Kingdom
14206,At Risk,239,3,1185.01,395.0,67.5,62,163,United Kingdom
14207,Hibernating,688,1,157.8,157.8,,2,0,United Kingdom
14208,New Customers,95,2,567.05,283.52,,34,456,United Kingdom
14209,Champions,11,15,4993.27,332.88,24.5,133,675,United Kingdom
14210,Champions,106,16,5861.52,366.34,23.8,143,597,United Kingdom
14211,Champions,53,18,4402.29,244.57,37.6,155,677,United Kingdom
14212,At Risk,90,2,2190.14,1095.07,,18,356,United Kingdom
14213,Hibernating,405,1,1192.2,1192.2,,5,0,United Kingdom
14214,New Customers,31,5,1004.38,200.88,44.8,64,246,United Kingdom
14215,Champions,12,9,3416.33,379.59,60.4,167,720,United Kingdom
14216,New Customers,3,5,2150.04,430.01,158.5,65,410,United Kingdom
14217,Champions,2,23,3416.89,148.56,17.3,122,525,United Kingdom
14218,New Customers,43,1,169.48,169.48,,12,0,United Kingdom
14219,New Customers,4,3,633.83,211.28,160.5,39,489,United Kingdom
14220,At Risk,247,4,1515.0,378.75,84.5,26,321,United Kingdom
14221,Champions,42,17,6517.49,383.38,36.2,166,569,United Kingdom
14222,Hibernating,177,1,683.17,683.17,,41,0,United Kingdom
14223,At Risk,92,3,991.13,330.38,21.0,50,171,United Kingdom
14224,At Risk,110,9,1897.9,210.88,25.5,189,433,United Kingdom
14225,At Risk,435,4,2037.02,509.26,28.5,70,261,United Kingdom
14226,At Risk,29,6,3002.53,500.42,63.6,89,412,United Kingdom
14227,Champions,26,15,6366.16,424.41,48.2,245,643,United Kingdom
14228,Hibernating,438,3,745.5,248.5,29.5,38,108,United Kingdom
14229,At Risk,52,7,2594.04,370.58,78.7,41,419,United Kingdom
14230,At Risk,436,3,979.8,326.6,56.5,27,112,United Kingdom
14231,At Risk,184,4,1235.62,308.9,51.7,66,267,United Kingdom
14232,At Risk,43,5,2048.07,409.61,22.2,81,221,United Kingdom
14233,At Risk,49,7,2904.27,414.9,54.1,42,594,United Kingdom
14234,New Customers,22,4,775.46,193.86,2.9,122,35,United Kingdom
14235,At Risk,75,9,4717.99,524.22,70.6,107,544,United Kingdom
14236,At Risk,81,5,1744.64,348.93,107.6,39,424,United Kingdom
14237,Hibernating,373,2,632.14,316.07,,26,217,United Kingdom
14238,Hibernating,326,3,434.23,144.74,132.0,13,408,United Kingdom
14239,Champions,43,21,4263.17,203.01,26.0,97,691,United Kingdom
14240,New Customers,30,3,1247.49,415.83,1.5,46,393,United Kingdom
14241,Hibernating,184,2,333.7,166.85,,12,512,United Kingdom
14242,Hibernating,235,2,280.55,140.27,,13,91,United Kingdom
14243,Champions,9,17,7431.05,437.12,17.3,235,467,United Kingdom
14244,Hibernating,661,1,366.42,366.42,,16,0,United Kingdom
14245,At Risk,220,2,1693.45,846.72,,107,43,United Kingdom
14246,At Risk,111,3,1474.06,491.35,40.5,57,135,United Kingdom
14247,At Risk,278,5,772.66,154.53,37.8,82,273,United Kingdom
14248,At Risk,318,3,1032.95,344.32,42.5,41,197,United Kingdom
14249,At Risk,411,12,5625.46,468.79,27.3,177,268,United Kingdom
14250,New Customers,7,3,1904.05,634.68,41.0,94,82,United Kingdom
14251,Champions,2,5,2879.7,575.94,15.2,37,55,United Kingdom
14252,Hibernating,381,1,350.99,350.99,,10,0,United Kingdom
14253,Hibernating,493,2,363.4,181.7,,11,129,United Kingdom
14254,Hibernating,433,1,601.03,601.03,,23,0,United Kingdom
14256,At Risk,260,5,2473.99,494.8,72.6,100,434,United Kingdom
14257,Champions,64,9,5954.45,661.61,41.1,167,584,United Kingdom
14258,Champions,9,25,32051.34,1282.05,19.1,97,726,United Kingdom
14259,Hibernating,142,1,120.0,120.0,,5,0,United Kingdom
14260,At Risk,471,3,824.28,274.76,38.5,50,77,United Kingdom
14261,New Customers,51,2,1163.45,581.72,,52,27,United Kingdom
14262,Champions,8,8,2618.23,327.28,23.9,87,232,United Kingdom
14263,Hibernating,423,1,322.93,322.93,,16,0,United Kingdom
14264,At Risk,155,6,1517.36,252.89,33.5,59,456,United Kingdom
14265,At Risk,109,4,1373.35,343.34,113.9,74,502,Unspecified
14266,Hibernating,428,1,40.56,40.56,,1,0,United Kingdom
14267,At Risk,163,3,1516.24,505.41,49.0,25,97,United Kingdom
14268,Hibernating,471,1,354.85,354.85,,19,0,United Kingdom
14269,Hibernating,439,1,295.73,295.73,,16,0,United Kingdom
14270,Hibernating,332,1,492.65,492.65,,29,0,United Kingdom
14271,Hibernating,226,2,219.13,109.56,,38,183,United Kingdom
14272,At Risk,74,4,920.81,230.2,117.8,62,508,United Kingdom
14273,New Customers,51,4,559.97,139.99,27.4,22,190,United Kingdom
14274,Hibernating,686,1,256.6,256.6,,15,0,United Kingdom
14275,At Risk,396,6,1189.38,198.23,32.7,14,211,United Kingdom
14276,At Risk,99,7,2102.68,300.38,52.9,75,561,United Kingdom
14277,Champions,15,8,16817.36,2102.17,75.5,332,710,France
14278,Hibernating,410,1,205.83,205.83,,13,0,United Kingdom
14279,Hibernating,521,2,191.86,95.93,,3,160,United Kingdom
14280,Hibernating,197,1,134.04,134.04,,8,0,United Kingdom
14281,Hibernating,408,1,245.15,245.15,,7,0,United Kingdom
14282,Champions,3,25,7849.66,313.99,25.6,100,659,United Kingdom
14283,At Risk,463,4,628.44,157.11,23.5,36,106,United Kingdom
14284,New Customers,31,3,1299.65,433.22,255.5,59,622,United Kingdom
14285,Champions,21,8,3284.42,410.55,100.3,48,710,United Kingdom
14286,Champions,24,7,8479.76,1211.39,87.1,270,712,United Kingdom
14287,New Customers,8,3,176.63,58.88,95.0,9,190,United Kingdom
14288,Hibernating,213,1,426.6,426.6,,16,0,United Kingdom
14289,New Customers,9,6,911.26,151.88,35.9,33,280,United Kingdom
14290,Champions,11,8,4516.56,564.57,99.6,120,720,United Kingdom
14291,Champions,2,23,7904.1,343.66,34.4,241,728,United Kingdom
14292,Champions,8,16,9226.25,576.64,37.1,120,623,United Kingdom
14293,Champions,3,9,3267.93,363.1,98.4,88,726,United Kingdom
14294,Hibernating,407,1,375.34,375.34,,23,0,United Kingdom
14295,At Risk,40,4,2352.91,588.23,127.0,65,690,United Kingdom
14296,Hibernating,421,2,456.4,228.2,,27,152,United Kingdom
14297,New Customers,18,4,1305.33,326.33,91.3,48,257,United Kingdom
14298,Champions,8,82,91194.49,1112.13,11.5,1370,719,United Kingdom
14299,Champions,8,27,14499.49,537.02,38.5,164,729,United Kingdom
14300,New Customers,19,1,43.2,43.2,,3,0,United Kingdom
14301,At Risk,117,4,1992.18,498.04,85.8,37,549,United Kingdom
14302,At Risk,431,3,742.9,247.63,78.5,25,306,United Kingdom
14303,Hibernating,407,2,277.94,138.97,,21,27,United Kingdom
14304,At Risk,223,3,1725.01,575.0,17.0,69,348,United Kingdom
14305,At Risk,71,3,1858.96,619.65,10.0,96,64,United Kingdom
14306,At Risk,51,6,3151.4,525.23,102.7,43,625,United Kingdom
14307,At Risk,89,10,5071.03,507.1,40.4,205,643,United Kingdom
14309,Champions,8,11,3780.81,343.71,34.5,125,542,United Kingdom
14310,Hibernating,433,1,492.1,492.1,,22,0,United Kingdom
14311,Hibernating,243,2,516.45,258.23,,31,324,United Kingdom
14312,Champions,47,11,3090.29,280.94,31.1,148,457,United Kingdom
14314,Hibernating,107,2,229.8,114.9,,10,324,United Kingdom
14315,At Risk,45,8,3197.82,399.73,91.5,83,589,United Kingdom
14316,At Risk,422,5,1370.34,274.07,45.7,21,208,United Kingdom
14317,New Customers,65,1,508.58,508.58,,24,0,United Kingdom
14318,Hibernating,460,1,158.02,158.02,,9,0,United Kingdom
14319,Hibernating,424,1,494.85,494.85,,26,0,United Kingdom
14320,At Risk,207,5,1346.75,269.35,66.6,68,480,United Kingdom
14321,Champions,11,7,2218.06,316.87,40.2,162,462,United Kingdom
14322,Hibernating,429,4,474.1,118.52,92.6,10,230,United Kingdom
14323,Hibernating,115,2,605.06,302.53,,32,123,United Kingdom
14324,Hibernating,410,2,701.61,350.8,,41,283,United Kingdom
14325,Hibernating,570,1,245.48,245.48,,18,0,United Kingdom
14326,At Risk,242,3,940.98,313.66,76.0,54,290,United Kingdom
14327,At Risk,163,6,1894.93,315.82,81.8,99,536,United Kingdom
14329,Champions,17,15,9927.22,661.81,23.4,349,706,United Kingdom
14330,Hibernating,624,1,200.63,200.63,,13,0,United Kingdom
14331,Hibernating,124,2,462.66,231.33,,27,10,United Kingdom
14332,New Customers,23,5,1943.51,388.7,80.1,47,393,United Kingdom
14333,Hibernating,68,1,415.2,415.2,,15,0,United Kingdom
14334,Champions,17,12,4318.48,359.87,18.7,148,551,United Kingdom
14335,New Customers,16,2,468.26,234.13,,55,80,Germany
14336,New Customers,17,4,1614.91,403.73,69.0,77,259,United Kingdom
14338,At Risk,161,3,928.1,309.37,152.5,43,375,United Kingdom
14339,Hibernating,243,2,620.27,310.14,,21,186,United Kingdom
14340,Hibernating,219,1,134.7,134.7,,6,0,United Kingdom
14341,Champions,45,18,4467.32,248.18,42.3,185,693,United Kingdom
14342,New Customers,21,6,918.44,153.07,73.3,27,451,United Kingdom
14343,At Risk,421,4,1088.91,272.23,28.2,193,268,United Kingdom
14344,Champions,127,20,3333.7,166.68,23.9,140,498,United Kingdom
14345,Hibernating,39,1,108.98,108.98,,6,0,United Kingdom
14346,At Risk,121,5,2315.75,463.15,65.9,123,376,United Kingdom
14347,Hibernating,737,1,82.6,82.6,,6,0,United Kingdom
14348,Hibernating,260,1,409.57,409.57,,18,0,United Kingdom
14349,New Customers,10,1,133.5,133.5,,31,0,United Kingdom
14350,At Risk,274,3,972.03,324.01,28.0,55,155,United Kingdom
14351,Hibernating,165,1,51.0,51.0,,1,0,United Kingdom
14352,At Risk,157,4,1078.96,269.74,31.4,44,116,United Kingdom
14353,Hibernating,215,3,376.5,125.5,87.0,18,216,United Kingdom
14354,New Customers,6,2,163.62,81.81,,9,24,United Kingdom
14355,At Risk,366,3,1014.45,338.15,47.0,57,261,United Kingdom
14356,New Customers,80,2,701.23,350.62,,33,1,United Kingdom
14357,New Customers,43,1,225.77,225.77,,39,0,United Kingdom
14358,Hibernating,389,2,400.06,200.03,,21,38,United Kingdom
14359,New Customers,19,3,912.18,304.06,11.0,44,68,United Kingdom
14360,New Customers,32,4,2128.23,532.06,15.3,104,62,United Kingdom
14361,Hibernating,579,1,214.71,214.71,,14,0,United Kingdom
14362,New Customers,22,1,161.2,161.2,,37,0,United Kingdom
14363,Hibernating,402,2,227.47,113.74,,8,49,United Kingdom
14364,At Risk,109,8,3717.35,464.67,9.8,61,102,United Kingdom
14365,Hibernating,395,2,634.68,317.34,,50,287,United Kingdom
14366,Hibernating,525,1,136.0,136.0,,1,0,United Kingdom
14367,Champions,8,16,9261.52,578.84,13.6,270,267,United Kingdom
14368,Hibernating,320,1,155.0,155.0,,8,0,United Kingdom
14369,Hibernating,642,2,469.13,234.56,,24,19,United Kingdom
14370,At Risk,451,6,1175.78,195.96,30.0,37,226,United Kingdom
14371,Hibernating,295,1,100.5,100.5,,4,0,United Kingdom
14372,Hibernating,443,2,860.08,430.04,,36,156,United Kingdom
14373,Hibernating,358,1,76.55,76.55,,4,0,United Kingdom
14374,Hibernating,541,1,108.0,108.0,,7,0,United Kingdom
14375,At Risk,185,3,1132.99,377.66,87.0,176,355,United Kingdom
14376,Hibernating,683,1,215.46,215.46,,17,0,United Kingdom
14377,Hibernating,191,2,617.05,308.52,,11,70,United Kingdom
14378,Hibernating,622,1,131.25,131.25,,9,0,United Kingdom
14379,New Customers,44,4,1268.91,317.23,74.9,93,436,United Kingdom
14381,New Customers,52,2,631.34,315.67,,104,399,United Kingdom
14382,New Customers,26,2,1246.8,623.4,,227,363,United Kingdom
14383,New Customers,38,3,1247.69,415.9,36.5,49,125,United Kingdom
14384,Hibernating,501,1,58.5,58.5,,3,0,United Kingdom
14385,New Customers,9,3,202.11,67.37,0.0,13,14,United Kingdom
14386,Hibernating,297,1,142.4,142.4,,7,0,United Kingdom
14387,New Customers,33,3,1770.56,590.19,3.5,125,76,United Kingdom
14388,Champions,10,16,6701.0,418.81,19.3,184,678,United Kingdom
14389,At Risk,65,5,1898.01,379.6,63.5,48,525,United Kingdom
14390,Champions,10,13,6399.83,492.29,39.2,197,414,United Kingdom
14391,Hibernating,577,1,135.6,135.6,,14,0,United Kingdom
14392,Hibernating,432,1,266.4,266.4,,14,0,United Kingdom
14393,Hibernating,218,1,67.95,67.95,,5,0,United Kingdom
14394,Hibernating,565,1,93.8,93.8,,6,0,United Kingdom
14395,Champions,2,20,8208.01,410.4,25.1,320,598,United Kingdom
14396,At Risk,65,7,2121.93,303.13,101.2,202,672,United Kingdom
14397,Champions,3,19,2612.96,137.52,5.7,18,210,United Kingdom
14398,Hibernating,401,2,707.79,353.9,,50,126,United Kingdom
14399,At Risk,394,8,2113.16,264.14,21.7,119,280,United Kingdom
14400,At Risk,149,3,1732.47,577.49,18.0,71,482,United Kingdom
14401,Champions,4,22,6795.9,308.9,29.1,171,721,United Kingdom
14402,Hibernating,652,1,285.6,285.6,,8,0,United Kingdom
14403,At Risk,130,6,1880.51,313.42,122.0,20,508,United Kingdom
14404,Champions,34,13,2899.11,223.01,32.5,123,685,United Kingdom
14405,Hibernating,387,1,195.0,195.0,,2,0,United Kingdom
14406,Hibernating,119,1,156.75,156.75,,8,0,United Kingdom
14407,At Risk,107,5,2142.73,428.55,26.2,66,169,United Kingdom
14408,Champions,11,11,4109.77,373.62,52.3,63,721,United Kingdom
14409,At Risk,71,9,3756.09,417.34,51.9,76,496,United Kingdom
14410,At Risk,92,11,2650.14,240.92,27.9,306,344,United Kingdom
14411,Hibernating,311,1,1063.0,1063.0,,14,0,United Kingdom
14412,New Customers,43,3,1426.19,475.4,161.0,75,381,United Kingdom
14413,Hibernating,362,3,427.57,142.52,115.5,92,326,United Kingdom
14414,At Risk,92,8,2399.33,299.92,74.3,99,283,United Kingdom
14415,Champions,1,23,12091.6,525.72,15.1,445,722,United Kingdom
14416,New Customers,22,2,490.22,245.11,,13,20,United Kingdom
14417,Hibernating,388,1,604.2,604.2,,106,0,United Kingdom
14418,New Customers,4,3,1937.25,645.75,30.5,114,104,United Kingdom
14419,New Customers,11,7,1260.91,180.13,62.3,118,372,United Kingdom
14420,At Risk,99,4,1639.17,409.79,75.0,85,592,United Kingdom
14421,At Risk,57,6,2469.37,411.56,103.1,72,634,United Kingdom
14422,Champions,1,19,10271.52,540.61,28.9,317,721,United Kingdom
14423,At Risk,218,3,916.61,305.54,19.0,12,476,United Kingdom
14424,New Customers,18,1,322.08,322.08,,1,0,United Kingdom
14425,Hibernating,435,3,661.39,220.46,136.5,35,302,United Kingdom
14426,Champions,24,17,11727.94,689.88,34.2,452,621,United Kingdom
14427,At Risk,50,4,1263.52,315.88,175.3,43,581,United Kingdom
14428,New Customers,7,5,1244.83,248.97,51.0,108,317,United Kingdom
14429,Hibernating,404,1,516.28,516.28,,22,0,United Kingdom
14430,At Risk,512,3,1220.9,406.97,48.0,29,95,United Kingdom
14431,At Risk,303,4,2614.2,653.55,73.3,72,384,United Kingdom
14432,New Customers,10,6,2255.51,375.92,4.8,256,79,United Kingdom
14433,Hibernating,466,1,289.6,289.6,,72,0,United Kingdom
14434,New Customers,22,6,1372.8,228.8,4.2,3,50,United Kingdom
14435,Hibernating,502,1,90.42,90.42,,3,0,United Kingdom
14436,Hibernating,99,2,271.7,135.85,,11,454,United Kingdom
14437,At Risk,366,5,958.84,191.77,15.7,34,217,United Kingdom
14438,Hibernating,306,1,131.9,131.9,,9,0,United Kingdom
14439,At Risk,320,5,9443.04,1888.61,50.9,105,367,Greece
14440,Champions,8,13,6638.73,510.67,68.3,63,729,United Kingdom
14441,Champions,1,11,4611.69,419.24,40.9,103,689,United Kingdom
14442,At Risk,205,7,5367.02,766.72,43.9,128,485,Channel Islands
14443,At Risk,54,5,2386.47,477.29,58.6,119,325,United Kingdom
14444,Hibernating,456,1,132.04,132.04,,11,0,United Kingdom
14445,Hibernating,456,1,221.65,221.65,,32,0,United Kingdom
14446,New Customers,1,5,1236.51,247.3,57.9,258,385,United Kingdom
14447,New Customers,19,6,1711.73,285.29,54.1,81,381,United Kingdom
14448,New Customers,9,2,375.35,187.68,,20,354,United Kingdom
14449,Champions,19,8,2482.8,310.35,62.9,301,417,United Kingdom
14450,At Risk,181,7,1128.44,161.21,66.4,47,429,United Kingdom
14451,Champions,60,12,3308.77,275.73,53.6,245,631,United Kingdom
14452,New Customers,11,4,665.59,166.4,94.7,108,510,United Kingdom
14453,Hibernating,190,1,119.93,119.93,,22,0,United Kingdom
14454,At Risk,376,5,977.3,195.46,26.4,93,357,United Kingdom
14455,At Risk,432,4,628.21,157.05,10.4,65,63,United Kingdom
14456,Champions,5,9,3059.44,339.94,13.0,579,137,United Kingdom
14457,Hibernating,311,1,113.64,113.64,,4,0,United Kingdom
14458,Hibernating,381,1,228.62,228.62,,45,0,United Kingdom
14459,At Risk,155,2,5375.74,2687.87,,112,496,United Kingdom
14460,At Risk,110,9,1093.5,121.5,53.3,33,613,United Kingdom
14461,At Risk,148,13,6713.11,516.39,34.8,514,542,United Kingdom
14462,At Risk,66,12,2265.01,188.75,24.6,181,366,United Kingdom
14463,At Risk,98,4,786.57,196.64,114.4,7,401,United Kingdom
14464,Hibernating,568,2,111.0,55.5,,4,59,United Kingdom
14465,At Risk,247,11,3946.03,358.73,33.6,128,454,United Kingdom
14466,Champions,29,13,4646.9,357.45,32.2,77,696,United Kingdom
14467,Champions,18,12,2220.99,185.08,69.5,144,720,United Kingdom
14468,Hibernating,734,1,204.24,204.24,,12,0,United Kingdom
14469,At Risk,416,4,2112.21,528.05,27.4,120,263,United Kingdom
14470,New Customers,12,3,712.04,237.35,66.5,56,418,United Kingdom
14471,Hibernating,591,2,400.95,200.48,,38,141,United Kingdom
14472,At Risk,104,9,2228.22,247.58,99.8,173,585,United Kingdom
14473,Hibernating,74,2,234.34,117.17,,7,208,United Kingdom
14474,New Customers,46,2,1278.08,639.04,,122,533,United Kingdom
14475,At Risk,72,4,1151.15,287.79,6.0,40,337,United Kingdom
14476,Hibernating,257,1,215.7,215.7,,17,0,United Kingdom
14477,Champions,20,7,1969.6,281.37,45.2,7,684,United Kingdom
14478,At Risk,382,4,1276.66,319.16,58.1,59,356,United Kingdom
14479,At Risk,254,4,1299.11,324.78,112.2,127,479,United Kingdom
14480,New Customers,11,4,1299.52,324.88,148.8,52,707,United Kingdom
14481,At Risk,165,5,2311.49,462.3,50.0,114,512,United Kingdom
14482,Champions,18,12,4357.91,363.16,49.7,185,451,United Kingdom
14483,Hibernating,282,2,257.1,128.55,,13,455,United Kingdom
14484,New Customers,50,4,1070.98,267.74,108.9,47,672,United Kingdom
14485,New Customers,39,1,165.75,165.75,,44,0,United Kingdom
14486,Hibernating,512,2,175.5,87.75,,4,41,United Kingdom
14487,New Customers,27,7,1453.61,207.66,99.3,129,352,United Kingdom
14488,New Customers,68,1,1064.28,1064.28,,46,0,United Kingdom
14489,At Risk,207,4,1574.93,393.73,72.2,65,405,United Kingdom
14490,At Risk,406,2,1273.47,636.74,,72,22,United Kingdom
14491,Hibernating,175,2,468.13,234.06,,17,197,United Kingdom
14492,At Risk,430,7,1921.91,274.56,28.0,70,188,United Kingdom
14493,Champions,7,10,5130.15,513.02,69.2,292,634,United Kingdom
14494,New Customers,26,3,401.46,133.82,23.0,17,705,United Kingdom
14495,New Customers,51,3,174.8,58.27,233.5,7,609,United Kingdom
14496,At Risk,312,7,2668.23,381.18,56.5,64,321,United Kingdom
14497,Hibernating,309,2,697.06,348.53,,40,364,United Kingdom
14498,Champions,43,10,3911.27,391.13,44.9,276,507,United Kingdom
14499,At Risk,26,7,2138.97,305.57,46.2,199,443,United Kingdom
14500,New Customers,88,3,356.85,118.95,26.5,6,101,United Kingdom
14501,Hibernating,184,2,251.21,125.6,,9,136,United Kingdom
14502,Champions,20,11,2467.63,224.33,29.6,367,293,United Kingdom
14503,Champions,3,6,3543.26,590.54,40.6,113,175,United Kingdom
14504,New Customers,47,4,673.26,168.32,84.2,85,231,United Kingdom
14505,Champions,17,19,11995.84,631.36,28.1,897,713,United Kingdom
14506,Champions,17,7,3290.67,470.1,53.4,251,582,United Kingdom
14507,Champions,24,11,3284.43,298.58,57.2,182,705,United Kingdom
14508,New Customers,22,5,874.94,174.99,108.0,142,518,United Kingdom
14509,Hibernating,534,1,110.95,110.95,,25,0,United Kingdom
14510,At Risk,376,3,1007.28,335.76,30.5,67,60,United Kingdom
14511,New Customers,11,5,1314.81,262.96,7.0,53,122,United Kingdom
14512,At Risk,188,7,1223.47,174.78,53.5,55,544,United Kingdom
14513,At Risk,101,6,788.01,131.34,47.0,15,467,United Kingdom
14514,Champions,61,9,4598.98,511.0,35.7,212,665,United Kingdom
14515,Champions,18,12,3749.26,312.44,61.0,109,532,United Kingdom
14516,Hibernating,516,1,163.92,163.92,,35,0,United Kingdom
14517,New Customers,33,2,330.45,165.22,,17,108,United Kingdom
14518,Hibernating,64,1,174.37,174.37,,16,0,United Kingdom
14519,Hibernating,684,2,206.09,103.04,,38,45,United Kingdom
14520,New Customers,2,2,270.6,135.3,,3,289,United Kingdom
14521,Hibernating,491,1,199.45,199.45,,17,0,United Kingdom
14522,Champions,24,8,1758.62,219.83,126.4,34,659,United Kingdom
14523,Hibernating,108,1,241.09,241.09,,12,0,United Kingdom
14524,Champions,32,13,2933.71,225.67,35.1,250,385,United Kingdom
14525,Champions,20,17,8232.69,484.28,20.7,339,706,United Kingdom
14526,Hibernating,389,1,262.4,262.4,,41,0,United Kingdom
14527,Champions,3,121,27736.52,229.23,3.0,605,735,United Kingdom
14528,New Customers,37,1,364.22,364.22,,18,0,United Kingdom
14529,New Customers,60,3,620.04,206.68,8.0,177,50,United Kingdom
14530,Champions,26,16,6197.4,387.34,25.5,269,661,United Kingdom
14531,Hibernating,480,1,376.34,376.34,,29,0,United Kingdom
14532,At Risk,236,11,3859.18,350.83,20.6,209,462,United Kingdom
14533,Champions,25,11,3466.37,315.12,66.9,74,585,United Kingdom
14534,Champions,3,26,6266.51,241.02,22.8,436,631,United Kingdom
14535,Champions,60,9,6019.39,668.82,43.0,588,593,United Kingdom
14536,Hibernating,260,1,171.8,171.8,,18,0,United Kingdom
14537,New Customers,58,2,641.4,320.7,,23,565,United Kingdom
14538,At Risk,65,5,1370.84,274.17,94.4,45,618,United Kingdom
14539,New Customers,16,2,537.48,268.74,,31,28,United Kingdom
14540,Champions,10,11,3795.34,345.03,65.7,197,722,United Kingdom
14541,Champions,59,14,2499.68,178.55,36.1,99,642,United Kingdom
14542,Hibernating,186,1,103.25,103.25,,5,0,United Kingdom
14543,Champions,29,39,14867.12,381.21,15.8,104,709,United Kingdom
14544,New Customers,24,3,2982.43,994.14,114.0,148,445,United Kingdom
14545,Hibernating,674,1,349.25,349.25,,23,0,United Kingdom
14546,Champions,5,11,5197.9,472.54,36.8,410,727,United Kingdom
14547,Champions,4,8,4007.54,500.94,6.1,198,50,United Kingdom
14548,At Risk,151,9,2627.49,291.94,68.4,66,582,United Kingdom
14549,At Risk,311,4,916.55,229.14,26.2,117,425,United Kingdom
14550,New Customers,11,4,1353.31,338.33,134.1,77,473,United Kingdom
14551,New Customers,18,7,880.04,125.72,86.1,69,663,United Kingdom
14552,Hibernating,152,3,511.28,170.43,8.5,124,440,United Kingdom
14553,Champions,19,9,1841.54,204.62,60.7,233,490,United Kingdom
14554,New Customers,10,4,2381.04,595.26,10.6,147,42,United Kingdom
14555,At Risk,57,6,2315.63,385.94,69.4,94,664,United Kingdom
14556,At Risk,596,3,835.34,278.45,11.0,158,92,United Kingdom
14557,New Customers,85,1,788.38,788.38,,16,0,United Kingdom
14558,Hibernating,654,3,655.5,218.5,12.5,13,77,United Kingdom
14559,Hibernating,390,1,75.6,75.6,,2,0,United Kingdom
14560,Champions,7,44,6114.03,138.96,17.2,60,730,United Kingdom
14561,At Risk,76,3,1080.76,360.25,32.5,67,108,United Kingdom
14562,Champions,4,26,6729.4,258.82,24.7,245,666,United Kingdom
14563,Hibernating,510,2,664.32,332.16,,94,82,United Kingdom
14564,At Risk,435,2,2605.62,1302.81,,107,300,Channel Islands
14565,At Risk,96,5,3709.22,741.84,49.9,138,377,United Kingdom
14566,At Risk,111,4,4092.0,1023.0,117.4,9,423,Channel Islands
14567,New Customers,57,2,1530.36,765.18,,33,73,United Kingdom
14568,Hibernating,435,1,919.7,919.7,,47,0,Channel Islands
14569,New Customers,1,4,598.98,149.74,179.2,31,602,United Kingdom
14570,Hibernating,281,3,512.4,170.8,81.5,63,162,United Kingdom
14571,Hibernating,425,1,161.65,161.65,,30,0,United Kingdom
14572,Champions,3,11,5609.28,509.93,40.9,335,618,United Kingdom
14573,At Risk,180,13,2621.42,201.65,57.4,183,520,United Kingdom
14574,Hibernating,733,1,143.7,143.7,,11,0,United Kingdom
14575,Hibernating,488,1,460.71,460.71,,71,0,United Kingdom
14576,Hibernating,372,1,70.8,70.8,,1,0,United Kingdom
14577,New Customers,13,7,1374.25,196.32,86.2,104,716,United Kingdom
14578,New Customers,3,1,168.63,168.63,,24,0,United Kingdom
14579,Hibernating,432,1,105.56,105.56,,24,0,United Kingdom
14580,Hibernating,518,1,14.85,14.85,,1,0,United Kingdom
14581,New Customers,17,2,433.8,216.9,,59,527,United Kingdom
14582,Hibernating,41,1,114.11,114.11,,6,0,United Kingdom
14583,Champions,6,8,1781.03,222.63,63.6,353,615,United Kingdom
14584,At Risk,169,8,1747.91,218.49,74.1,127,491,United Kingdom
14585,At Risk,50,5,1143.27,228.65,139.0,88,366,United Kingdom
14586,Hibernating,277,1,237.36,237.36,,19,0,United Kingdom
14587,Champions,19,9,1601.14,177.9,48.8,170,312,United Kingdom
14588,Hibernating,578,1,135.39,135.39,,16,0,United Kingdom
14589,Hibernating,372,1,79.5,79.5,,3,0,United Kingdom
14590,At Risk,425,20,3006.62,150.33,13.2,124,307,United Kingdom
14591,New Customers,15,4,1447.14,361.78,93.3,138,197,United Kingdom
14592,New Customers,35,3,570.46,190.15,6.5,132,28,United Kingdom
14593,Champions,22,12,3704.51,308.71,73.7,435,708,United Kingdom
14594,New Customers,7,2,634.83,317.42,,48,365,United Kingdom
14595,Champions,20,8,2164.45,270.56,96.0,119,668,United Kingdom
14596,Hibernating,627,1,229.47,229.47,,50,0,United Kingdom
14597,New Customers,11,6,2201.54,366.92,82.0,79,425,United Kingdom
14598,New Customers,44,2,384.04,192.02,,83,525,United Kingdom
14599,Hibernating,390,2,474.54,237.27,,77,118,United Kingdom
14600,Hibernating,306,2,865.17,432.58,,53,87,United Kingdom
14601,New Customers,11,1,213.96,213.96,,7,0,United Kingdom
14602,Hibernating,656,1,205.36,205.36,,31,0,United Kingdom
14603,Hibernating,275,1,660.0,660.0,,2,0,United Kingdom
14604,Hibernating,633,1,136.36,136.36,,19,0,United Kingdom
14605,At Risk,374,4,936.31,234.08,91.7,87,357,United Kingdom
14606,Champions,1,184,30558.44,166.08,2.2,1259,735,United Kingdom
14607,Champions,16,20,22589.63,1129.48,63.6,105,708,United Kingdom
14608,Champions,4,10,3342.94,334.29,84.0,14,729,United Kingdom
14609,At Risk,72,10,1486.2,148.62,31.1,6,596,United Kingdom
14610,Hibernating,396,2,24.35,12.18,,10,118,United Kingdom
14611,Hibernating,444,2,604.33,302.16,,37,154,United Kingdom
14612,Hibernating,415,1,877.7,877.7,,14,0,United Kingdom
14613,Hibernating,680,1,76.32,76.32,,1,0,United Kingdom
14614,Hibernating,386,1,295.13,295.13,,19,0,United Kingdom
14615,At Risk,394,5,951.76,190.35,19.7,40,153,United Kingdom
14616,At Risk,243,5,527.78,105.56,51.6,3,306,United Kingdom
14617,Hibernating,403,2,190.47,95.24,,7,13,United Kingdom
14618,New Customers,9,7,1342.32,191.76,114.7,40,537,United Kingdom
14619,At Risk,246,2,1291.24,645.62,,58,295,United Kingdom
14620,Hibernating,206,2,412.78,206.39,,26,78,United Kingdom
14621,Champions,1,9,3000.57,333.4,65.8,134,682,United Kingdom
14622,Hibernating,185,1,320.58,320.58,,21,0,United Kingdom
14623,Champions,32,10,2054.9,205.49,38.5,192,569,United Kingdom
14624,At Risk,57,6,814.07,135.68,129.6,39,547,United Kingdom
14625,At Risk,196,11,4497.88,408.9,49.9,167,527,United Kingdom
14626,Champions,24,11,5410.92,491.9,38.3,181,705,United Kingdom
14627,Hibernating,379,1,462.75,462.75,,29,0,United Kingdom
14628,At Risk,91,5,1998.0,399.6,64.3,65,592,United Kingdom
14629,New Customers,4,2,959.01,479.5,,133,43,United Kingdom
14630,Hibernating,484,1,338.65,338.65,,21,0,United Kingdom
14631,At Risk,51,6,2025.69,337.62,52.5,65,436,United Kingdom
14632,Hibernating,263,1,114.56,114.56,,8,0,United Kingdom
14633,Hibernating,266,1,344.9,344.9,,20,0,United Kingdom
14634,At Risk,438,4,2124.46,531.12,25.7,105,104,United Kingdom
14635,Hibernating,454,1,215.22,215.22,,15,0,United Kingdom
14636,New Customers,36,2,609.85,304.92,,27,232,United Kingdom
14637,Hibernating,677,1,106.68,106.68,,7,0,United Kingdom
14638,New Customers,51,1,443.6,443.6,,16,0,United Kingdom
14639,Champions,52,9,4978.96,553.22,58.2,203,609,United Kingdom
14640,Champions,24,10,3667.06,366.71,48.8,165,661,United Kingdom
14641,New Customers,22,1,110.46,110.46,,7,0,United Kingdom
14642,Hibernating,59,1,96.12,96.12,,2,0,United Kingdom
14643,At Risk,170,5,1679.89,335.98,93.4,57,558,United Kingdom
14644,At Risk,68,7,2247.72,321.1,97.2,50,668,United Kingdom
14645,At Risk,157,3,876.89,292.3,120.0,45,477,United Kingdom
14646,Champions,2,145,526751.52,3632.77,7.1,960,735,Netherlands
14647,Hibernating,201,2,519.97,259.98,,42,322,United Kingdom
14648,At Risk,416,15,4543.6,302.91,20.6,285,312,United Kingdom
14649,Champions,5,9,3775.31,419.48,52.1,374,683,United Kingdom
14650,Hibernating,589,1,62.5,62.5,,4,0,United Kingdom
14651,At Risk,67,9,2034.12,226.01,61.2,216,564,United Kingdom
14652,Hibernating,77,1,114.18,114.18,,29,0,United Kingdom
14653,Champions,1,11,3426.28,311.48,87.7,269,736,United Kingdom
14654,Hibernating,738,1,246.86,246.86,,27,0,United Kingdom
14655,Champions,8,7,3878.51,554.07,56.2,72,588,United Kingdom
14656,At Risk,169,5,814.65,162.93,16.1,148,434,United Kingdom
14657,New Customers,18,6,1460.87,243.48,50.6,143,417,United Kingdom
14658,New Customers,5,2,247.15,123.58,,27,111,United Kingdom
14659,Champions,9,9,2529.93,281.1,13.9,147,306,United Kingdom
14660,Hibernating,87,2,285.74,142.87,,24,14,United Kingdom
14661,New Customers,27,1,107.95,107.95,,4,0,United Kingdom
14662,At Risk,29,7,1416.33,202.33,67.6,199,707,United Kingdom
14663,Hibernating,430,2,490.6,245.3,,60,0,United Kingdom
14664,New Customers,20,2,637.89,318.94,,78,13,United Kingdom
14665,At Risk,61,7,2749.65,392.81,79.2,94,531,United Kingdom
14666,New Customers,24,1,179.95,179.95,,13,0,United Kingdom
14667,Champions,11,54,21891.39,405.4,10.1,577,726,United Kingdom
14668,Hibernating,445,1,111.63,111.63,,10,0,United Kingdom
14669,At Risk,242,7,3243.93,463.42,103.6,334,495,United Kingdom
14670,Hibernating,280,3,602.0,200.67,226.0,159,452,United Kingdom
14671,Hibernating,549,2,1127.45,563.72,,48,18,United Kingdom
14672,At Risk,235,4,1113.14,278.28,33.5,93,445,United Kingdom
14673,Champions,3,7,3410.81,487.26,117.5,86,406,United Kingdom
14674,Hibernating,509,1,173.66,173.66,,14,0,United Kingdom
14675,New Customers,16,2,1066.9,533.45,,196,372,United Kingdom
14676,Champions,31,12,8356.79,696.4,33.3,77,608,United Kingdom
14677,Hibernating,593,1,184.91,184.91,,14,0,United Kingdom
14678,Hibernating,579,1,403.39,403.39,,24,0,United Kingdom
14679,At Risk,382,3,1289.44,429.81,35.0,49,349,United Kingdom
14680,Champions,25,58,57412.77,989.88,10.7,222,710,United Kingdom
14681,At Risk,71,6,875.15,145.86,99.0,19,582,United Kingdom
14682,At Risk,188,6,1514.81,252.47,72.6,79,484,United Kingdom
14683,Hibernating,588,1,146.56,146.56,,21,0,United Kingdom
14684,New Customers,26,6,1468.55,244.76,55.9,272,364,United Kingdom
14685,At Risk,576,8,4619.79,577.47,19.9,109,150,United Kingdom
14686,At Risk,414,5,885.83,177.17,106.1,185,245,United Kingdom
14687,At Risk,107,3,1402.06,467.35,71.5,34,445,United Kingdom
14688,Champions,8,28,7713.57,275.48,10.7,197,448,United Kingdom
14689,Hibernating,209,1,112.8,112.8,,13,0,United Kingdom
14690,New Customers,44,4,794.33,198.58,91.7,69,366,United Kingdom
14691,At Risk,31,5,2114.33,422.87,43.2,50,182,United Kingdom
14692,At Risk,137,12,1745.09,145.42,24.7,101,480,United Kingdom
14693,At Risk,265,7,1165.36,166.48,53.9,43,261,United Kingdom
14694,Hibernating,617,1,244.31,244.31,,15,0,United Kingdom
14695,At Risk,519,3,1620.07,540.02,106.5,76,213,United Kingdom
14696,Champions,4,8,2767.9,345.99,12.5,137,417,United Kingdom
14697,Hibernating,218,2,188.61,94.3,,22,0,United Kingdom
14698,New Customers,2,5,1250.76,250.15,6.1,148,49,United Kingdom
14699,At Risk,214,4,702.6,175.65,83.6,45,311,United Kingdom
14700,At Risk,32,5,3116.26,623.25,54.7,111,453,United Kingdom
14701,Champions,11,15,4562.09,304.14,58.6,455,674,United Kingdom
14702,Champions,1,29,6742.42,232.5,24.7,337,727,United Kingdom
14703,New Customers,15,1,318.17,318.17,,22,0,United Kingdom
14704,Champions,20,9,1781.23,197.91,87.0,317,604,United Kingdom
14705,Hibernating,199,1,179.0,179.0,,1,0,United Kingdom
14706,Hibernating,619,1,390.69,390.69,,25,0,United Kingdom
14707,Hibernating,436,2,139.2,69.6,,1,141,United Kingdom
14708,New Customers,3,5,2212.28,442.46,73.6,27,452,United Kingdom
14709,Champions,15,25,8886.33,355.45,14.7,105,719,United Kingdom
14710,Champions,14,13,1922.59,147.89,84.2,310,721,United Kingdom
14711,Champions,10,11,2868.8,260.8,17.9,221,252,United Kingdom
14712,New Customers,29,4,1328.07,332.02,124.7,24,388,United Kingdom
14713,Champions,9,21,5418.47,258.02,18.4,221,726,United Kingdom
14714,New Customers,24,4,906.24,226.56,116.8,64,663,United Kingdom
14715,Champions,25,8,1824.55,228.07,54.4,101,664,United Kingdom
14716,New Customers,43,3,565.45,188.48,95.5,85,401,United Kingdom
14717,Hibernating,733,1,81.3,81.3,,11,0,United Kingdom
14718,Hibernating,410,1,226.42,226.42,,11,0,United Kingdom
14719,New Customers,2,5,1602.13,320.43,39.6,177,247,United Kingdom
14720,New Customers,6,3,663.81,221.27,23.5,34,120,United Kingdom
14721,Hibernating,379,1,115.77,115.77,,24,0,United Kingdom
14722,Hibernating,147,3,513.37,171.12,160.5,72,339,United Kingdom
14723,Champions,10,11,2089.66,189.97,92.6,286,725,United Kingdom
14724,Hibernating,590,1,345.25,345.25,,40,0,United Kingdom
14725,New Customers,25,4,1309.36,327.34,152.5,84,510,United Kingdom
14726,Hibernating,655,1,124.75,124.75,,15,0,United Kingdom
14727,Hibernating,274,3,465.23,155.08,136.0,42,272,United Kingdom
14728,Hibernating,413,1,190.58,190.58,,14,0,United Kingdom
14729,At Risk,374,3,907.38,302.46,126.0,126,251,United Kingdom
14730,Champions,1,8,2005.06,250.63,23.9,317,275,United Kingdom
14731,New Customers,47,3,380.02,126.67,75.5,38,165,United Kingdom
14732,Champions,8,19,5517.07,290.37,25.7,162,722,United Kingdom
14733,Champions,16,15,16184.97,1079.0,24.2,140,385,United Kingdom
14734,At Risk,426,4,1056.42,264.1,14.4,48,125,United Kingdom
14735,Champions,4,55,12225.16,222.28,14.3,197,732,United Kingdom
14736,Hibernating,485,2,401.08,200.54,,70,0,United Kingdom
14737,New Customers,4,4,3554.17,888.54,72.9,28,396,United Kingdom
14738,At Risk,43,9,1821.9,202.43,75.8,58,689,United Kingdom
14739,Champions,4,25,12287.5,491.5,30.3,129,733,United Kingdom
14740,At Risk,197,11,4161.06,378.28,38.1,173,455,United Kingdom
14741,Champions,12,7,1897.59,271.08,59.7,48,405,United Kingdom
14742,Hibernating,435,1,579.85,579.85,,34,0,United Kingdom
14743,Hibernating,593,1,50.48,50.48,,3,0,United Kingdom
14744,Champions,16,14,3885.08,277.51,66.0,57,553,United Kingdom
14745,At Risk,113,12,2571.81,214.32,60.3,74,524,United Kingdom
14746,At Risk,406,4,593.5,148.38,4.0,7,17,United Kingdom
14747,Hibernating,249,1,328.2,328.2,,18,0,United Kingdom
14748,Champions,29,10,3152.32,315.23,46.2,129,616,United Kingdom
14749,Hibernating,480,1,310.15,310.15,,18,0,United Kingdom
14750,Hibernating,736,1,112.03,112.03,,32,0,United Kingdom
14751,Hibernating,684,2,126.45,63.22,,7,41,United Kingdom
14752,New Customers,44,1,389.64,389.64,,5,0,United Kingdom
14753,New Customers,87,2,869.51,434.76,,45,373,United Kingdom
14754,At Risk,45,6,1550.48,258.41,70.2,110,646,United Kingdom
14755,Champions,10,25,9972.55,398.9,17.4,219,726,United Kingdom
14756,New Customers,15,3,2603.76,867.92,162.5,101,409,United Kingdom
14757,Hibernating,75,1,420.5,420.5,,19,0,United Kingdom
14758,At Risk,145,7,2864.97,409.28,42.4,91,465,United Kingdom
14759,New Customers,5,3,1625.97,541.99,6.0,92,228,United Kingdom
14760,Hibernating,297,1,89.2,89.2,,5,0,United Kingdom
14761,New Customers,59,3,447.92,149.31,83.0,21,385,United Kingdom
14762,Hibernating,264,2,417.57,208.78,,28,362,United Kingdom
14764,New Customers,47,1,278.3,278.3,,6,0,United Kingdom
14765,New Customers,29,3,254.11,84.7,9.5,38,147,United Kingdom
14766,Champions,8,11,6556.13,596.01,27.4,251,543,United Kingdom
14767,Hibernating,474,1,382.81,382.81,,18,0,United Kingdom
14768,New Customers,17,2,192.6,96.3,,4,109,United Kingdom
14769,Champions,3,17,15770.23,927.66,22.9,833,721,United Kingdom
14770,At Risk,232,8,3637.64,454.7,40.1,152,419,United Kingdom
14771,Hibernating,621,2,594.62,297.31,,46,115,United Kingdom
14772,Hibernating,112,1,139.26,139.26,,9,0,United Kingdom
14773,Hibernating,593,1,140.55,140.55,,10,0,United Kingdom
14774,Hibernating,529,1,241.45,241.45,,13,0,United Kingdom
14775,At Risk,58,3,1418.46,472.82,78.0,57,313,United Kingdom
14776,Champions,51,15,3708.3,247.22,25.8,68,395,United Kingdom
14777,Hibernating,404,1,307.56,307.56,,16,0,United Kingdom
14778,Hibernating,127,2,730.86,365.43,,34,181,United Kingdom
14779,Hibernating,281,3,386.15,128.72,20.5,40,43,United Kingdom
14780,New Customers,55,2,447.68,223.84,,26,24,United Kingdom
14782,Hibernating,320,1,200.1,200.1,,6,0,United Kingdom
14783,Hibernating,659,1,307.3,307.3,,17,0,United Kingdom
14784,New Customers,26,3,449.93,149.98,115.5,25,363,United Kingdom
14785,New Customers,10,2,77.4,38.7,,2,4,United Kingdom
14786,Hibernating,550,1,90.96,90.96,,7,0,United Kingdom
14787,Hibernating,471,1,110.65,110.65,,14,0,United Kingdom
14788,New Customers,7,3,1156.32,385.44,275.5,53,588,United Kingdom
14789,New Customers,29,1,197.64,197.64,,6,0,United Kingdom
14790,Champions,17,10,2526.62,252.66,44.5,65,711,United Kingdom
14791,Hibernating,607,1,303.63,303.63,,19,0,United Kingdom
14792,Hibernating,64,1,6.2,6.2,,2,0,United Kingdom
14793,New Customers,21,2,625.9,312.95,,39,513,United Kingdom
14794,Champions,3,10,1953.9,195.39,47.6,85,484,United Kingdom
14795,Hibernating,166,1,131.45,131.45,,6,0,United Kingdom
14796,Champions,1,27,10888.08,403.26,28.2,486,724,United Kingdom
14797,Hibernating,507,1,300.31,300.31,,16,0,United Kingdom
14798,At Risk,53,8,724.31,90.54,53.9,30,596,United Kingdom
14799,New Customers,51,2,338.15,169.08,,20,686,United Kingdom
14800,Champions,48,17,7763.07,456.65,18.0,336,387,United Kingdom
14801,Hibernating,61,1,193.14,193.14,,56,0,United Kingdom
14803,At Risk,162,3,845.55,281.85,48.0,35,130,United Kingdom
14804,New Customers,9,1,353.27,353.27,,12,0,United Kingdom
14805,New Customers,15,7,1104.64,157.81,81.1,88,606,United Kingdom
14806,Hibernating,75,2,303.43,151.72,,17,363,United Kingdom
14807,Hibernating,391,2,519.29,259.64,,37,259,United Kingdom
14808,At Risk,40,8,2741.17,342.65,23.6,176,132,United Kingdom
14809,Hibernating,621,2,686.76,343.38,,18,0,United Kingdom
14810,Champions,41,13,2537.02,195.16,16.7,125,388,United Kingdom
14811,Hibernating,387,1,170.5,170.5,,28,0,United Kingdom
14812,Hibernating,599,1,185.8,185.8,,36,0,United Kingdom
14813,At Risk,370,4,1090.87,272.72,102.5,110,241,United Kingdom
14814,Hibernating,581,1,159.21,159.21,,27,0,United Kingdom
14815,New Customers,37,2,778.5,389.25,,53,31,United Kingdom
14816,Hibernating,197,1,271.85,271.85,,4,0,United Kingdom
14817,At Risk,200,7,3609.86,515.69,33.9,141,427,United Kingdom
14818,At Risk,74,6,1170.41,195.07,49.2,87,573,United Kingdom
14819,New Customers,64,4,470.16,117.54,71.2,52,653,United Kingdom
14820,Champions,21,9,1274.76,141.64,67.9,51,656,United Kingdom
14821,At Risk,367,7,1286.45,183.78,83.4,65,309,United Kingdom
14822,Hibernating,485,1,157.7,157.7,,9,0,United Kingdom
14823,Hibernating,180,3,321.43,107.14,7.0,56,14,United Kingdom
14824,Champions,10,10,4022.91,402.29,85.3,84,627,United Kingdom
14825,Champions,4,24,4925.08,205.21,17.6,187,608,United Kingdom
14826,Hibernating,582,2,385.2,192.6,,10,113,United Kingdom
14828,At Risk,197,13,9839.46,756.88,18.4,72,535,United Kingdom
14829,At Risk,29,7,1692.84,241.83,70.9,77,407,United Kingdom
14830,Hibernating,53,1,196.28,196.28,,38,0,United Kingdom
14831,At Risk,680,3,1676.57,558.86,28.5,67,57,United Kingdom
14833,Hibernating,499,1,94.8,94.8,,7,0,United Kingdom
14834,Champions,18,7,2206.16,315.17,58.9,55,389,United Kingdom
14835,Hibernating,529,2,297.0,148.5,,1,88,United Kingdom
14836,New Customers,10,3,102.45,34.15,8.0,5,20,United Kingdom
14837,At Risk,90,9,3460.32,384.48,70.1,171,595,United Kingdom
14838,Hibernating,423,2,773.67,386.84,,69,313,United Kingdom
14839,At Risk,418,3,915.28,305.09,18.0,61,285,United Kingdom
14840,Hibernating,268,2,362.71,181.36,,20,271,United Kingdom
14841,Champions,53,14,7163.0,511.64,40.5,196,683,United Kingdom
14842,At Risk,44,4,2824.69,706.17,27.1,128,264,United Kingdom
14843,Hibernating,437,1,211.8,211.8,,9,0,United Kingdom
14844,Champions,64,10,6702.43,670.24,54.5,158,542,United Kingdom
14845,Hibernating,600,1,150.0,150.0,,1,0,United Kingdom
14846,Hibernating,427,1,437.4,437.4,,12,0,United Kingdom
14847,At Risk,149,3,1348.95,449.65,51.0,56,415,United Kingdom
14848,Hibernating,405,1,310.56,310.56,,11,0,United Kingdom
14849,Champions,22,43,15763.45,366.59,18.2,279,676,United Kingdom
14850,At Risk,312,7,1794.01,256.29,61.5,129,256,United Kingdom
14851,New Customers,23,3,829.41,276.47,70.5,38,607,United Kingdom
14852,Champions,58,18,6147.18,341.51,41.1,152,585,United Kingdom
14853,New Customers,24,5,1376.87,275.37,58.7,26,581,United Kingdom
14854,Champions,78,11,4322.86,392.99,38.8,170,608,United Kingdom
14855,At Risk,119,7,6520.3,931.47,120.7,168,491,United Kingdom
14856,New Customers,36,3,1311.38,437.13,10.0,65,20,United Kingdom
14857,At Risk,60,7,3651.85,521.69,98.6,169,574,United Kingdom
14858,Hibernating,506,1,180.75,180.75,,11,0,United Kingdom
14859,New Customers,13,5,1705.64,341.13,131.4,51,542,United Kingdom
14860,New Customers,19,1,170.32,170.32,,11,0,United Kingdom
14861,At Risk,52,10,1380.73,138.07,101.8,62,679,United Kingdom
14862,New Customers,26,2,841.2,420.6,,47,122,United Kingdom
14863,New Customers,29,1,266.76,266.76,,11,0,United Kingdom
14865,New Customers,7,4,129.72,32.43,170.9,4,731,United Kingdom
14866,Champions,11,17,20803.72,1223.75,52.3,38,433,United Kingdom
14867,At Risk,186,16,2952.06,184.5,38.9,67,548,United Kingdom
14868,Champions,3,12,4184.01,348.67,40.3,132,416,United Kingdom
14869,Champions,9,6,2804.24,467.37,83.3,187,715,United Kingdom
14870,At Risk,262,6,1838.95,306.49,58.1,43,422,United Kingdom
14871,Champions,3,9,1258.97,139.89,46.1,123,735,United Kingdom
14872,At Risk,484,3,816.6,272.2,26.0,34,149,United Kingdom
14873,Hibernating,210,2,854.13,427.06,,48,423,United Kingdom
14874,Hibernating,535,1,116.18,116.18,,6,0,United Kingdom
14875,At Risk,108,3,2862.4,954.13,12.0,88,334,United Kingdom
14876,Hibernating,521,2,256.7,128.35,,12,40,United Kingdom
14877,Hibernating,418,2,437.0,218.5,,57,224,United Kingdom
14878,Champions,13,25,4105.24,164.21,21.5,159,644,United Kingdom
14879,Hibernating,685,1,185.06,185.06,,27,0,United Kingdom
14880,New Customers,77,3,706.19,235.4,2.5,45,211,United Kingdom
14881,New Customers,20,1,255.4,255.4,,17,0,United Kingdom
14882,Champions,27,14,3628.15,259.15,95.0,32,592,United Kingdom
14883,New Customers,19,6,761.59,126.93,30.2,39,193,United Kingdom
14884,Hibernating,669,1,120.6,120.6,,8,0,United Kingdom
14885,At Risk,132,3,1598.12,532.71,129.0,24,334,United Kingdom
14886,Hibernating,253,1,364.8,364.8,,18,0,United Kingdom
14887,New Customers,79,1,1862.0,1862.0,,6,0,United Kingdom
14888,Hibernating,207,1,369.2,369.2,,20,0,United Kingdom
14889,Hibernating,336,1,135.9,135.9,,10,0,United Kingdom
14890,At Risk,254,3,817.25,272.42,162.0,55,406,United Kingdom
14891,At Risk,148,4,1106.73,276.68,94.4,55,288,United Kingdom
14892,Hibernating,691,1,202.35,202.35,,13,0,United Kingdom
14893,New Customers,10,3,1809.61,603.2,302.0,98,608,United Kingdom
14894,At Risk,85,3,1492.81,497.6,32.0,39,652,United Kingdom
14895,Champions,8,38,25119.54,661.04,23.4,441,721,United Kingdom
14896,At Risk,205,8,2092.42,261.55,61.6,150,528,United Kingdom
14897,Champions,8,8,3140.54,392.57,63.4,94,716,United Kingdom
14898,Champions,23,14,3507.81,250.56,32.4,185,712,United Kingdom
14899,Hibernating,395,1,1384.88,1384.88,,126,0,United Kingdom
14900,Hibernating,522,1,13.92,13.92,,1,0,United Kingdom
14901,Champions,11,12,2289.65,190.8,63.1,103,487,United Kingdom
14902,New Customers,26,3,1035.62,345.21,106.0,51,527,United Kingdom
14903,New Customers,21,5,2810.63,562.13,27.4,227,257,United Kingdom
14904,New Customers,2,4,1640.64,410.16,170.7,127,425,United Kingdom
14905,At Risk,158,8,1971.39,246.42,30.0,45,578,United Kingdom
14907,Champions,3,16,6165.79,385.36,64.4,153,599,United Kingdom
14908,New Customers,74,2,381.9,190.95,,14,388,United Kingdom
14909,At Risk,437,3,1404.68,468.23,14.0,61,226,United Kingdom
14910,New Customers,3,4,434.35,108.59,8.0,25,51,United Kingdom
14911,Champions,1,373,276654.61,741.7,2.9,2546,737,EIRE
14912,New Customers,17,5,1849.58,369.92,87.0,43,573,Italy
14913,Champions,36,8,4073.13,509.14,42.2,176,449,United Kingdom
14915,At Risk,91,11,1811.25,164.66,50.4,65,645,United Kingdom
14916,At Risk,71,8,3042.95,380.37,60.9,113,546,United Kingdom
14917,Hibernating,597,2,1123.75,561.88,,29,0,United Kingdom
14918,At Risk,116,9,5955.81,661.76,73.2,79,495,United Kingdom
14919,Hibernating,539,1,359.35,359.35,,13,0,United Kingdom
14920,At Risk,213,3,1607.17,535.72,176.5,90,352,United Kingdom
14921,New Customers,30,2,1316.07,658.04,,78,171,United Kingdom
14922,Hibernating,394,2,843.74,421.87,,49,114,United Kingdom
14923,New Customers,51,1,749.1,749.1,,44,0,United Kingdom
14924,At Risk,246,3,931.01,310.34,168.0,30,393,United Kingdom
14926,Hibernating,382,2,359.4,179.7,,2,216,United Kingdom
14927,Hibernating,397,1,308.2,308.2,,20,0,United Kingdom
14928,Hibernating,628,1,223.91,223.91,,21,0,United Kingdom
14929,New Customers,32,2,836.69,418.34,,34,389,United Kingdom
14930,At Risk,109,6,5246.63,874.44,73.3,213,497,Channel Islands
14931,New Customers,5,4,864.68,216.17,63.3,28,236,Channel Islands
14932,Hibernating,366,2,879.66,439.83,,28,20,Channel Islands
14933,At Risk,444,4,1770.0,442.5,0.5,1,0,Channel Islands
14934,At Risk,82,5,3403.5,680.7,72.8,114,359,Channel Islands
14935,At Risk,297,2,2849.83,1424.92,,25,322,Channel Islands
14936,Champions,34,12,12410.81,1034.23,48.0,267,549,Channel Islands
14937,At Risk,57,3,1621.88,540.63,37.0,33,73,Channel Islands
14938,At Risk,562,2,2322.43,1161.21,,71,0,Channel Islands
14940,Hibernating,418,2,531.49,265.74,,32,315,United Kingdom
14941,Hibernating,579,1,182.1,182.1,,7,0,United Kingdom
14942,At Risk,402,4,746.56,186.64,60.6,12,328,United Kingdom
14943,Hibernating,663,1,107.62,107.62,,5,0,United Kingdom
14944,Champions,30,19,9684.67,509.72,36.1,183,631,United Kingdom
14945,Hibernating,414,1,179.4,179.4,,11,0,United Kingdom
14946,New Customers,14,1,100.9,100.9,,3,0,United Kingdom
14947,At Risk,72,6,1049.79,174.96,83.4,47,552,United Kingdom
14948,New Customers,23,6,1101.97,183.66,24.4,56,196,United Kingdom
14949,Hibernating,469,4,515.0,128.75,67.3,16,252,United Kingdom
14950,New Customers,19,1,371.2,371.2,,19,0,United Kingdom
14951,Hibernating,79,1,311.69,311.69,,20,0,United Kingdom
14952,Champions,60,32,17629.35,550.92,26.4,240,676,United Kingdom
14953,New Customers,25,4,1011.27,252.82,181.4,201,410,United Kingdom
14954,New Customers,12,2,503.44,251.72,,111,690,United Kingdom
14955,Hibernating,733,1,163.77,163.77,,30,0,United Kingdom
14956,Hibernating,421,1,1325.0,1325.0,,4,0,United Kingdom
14957,Hibernating,253,2,333.29,166.64,,27,391,United Kingdom
14958,At Risk,147,6,957.94,159.66,119.3,52,588,United Kingdom
14959,New Customers,64,4,695.42,173.86,25.0,37,232,United Kingdom
14960,New Customers,8,2,221.27,110.64,,23,162,United Kingdom
14961,Champions,11,22,16410.15,745.92,31.2,328,724,United Kingdom
14962,Hibernating,271,4,366.91,91.73,116.5,14,313,United Kingdom
14963,Champions,10,12,3164.48,263.71,58.8,304,515,United Kingdom
14964,Hibernating,247,1,206.21,206.21,,13,0,United Kingdom
14965,New Customers,96,2,599.0,299.5,,80,0,United Kingdom
14966,New Customers,15,6,1115.84,185.97,168.3,125,709,United Kingdom
14967,At Risk,50,6,1982.61,330.44,150.1,22,686,United Kingdom
14968,New Customers,30,2,501.24,250.62,,82,428,United Kingdom
14969,Hibernating,704,1,906.23,906.23,,13,0,United Kingdom
14970,Champions,68,12,4919.35,409.95,41.0,71,595,United Kingdom
14971,New Customers,35,3,1116.57,372.19,4.0,144,8,United Kingdom
14972,Hibernating,128,2,145.07,72.54,,20,252,United Kingdom
14973,At Risk,107,3,1314.45,438.15,32.0,29,118,United Kingdom
14974,New Customers,37,1,114.39,114.39,,17,0,United Kingdom
14975,New Customers,57,2,472.39,236.2,,25,363,United Kingdom
14976,At Risk,57,6,774.86,129.14,32.5,45,269,United Kingdom
14977,Hibernating,726,1,31.93,31.93,,4,0,United Kingdom
14978,At Risk,72,10,3142.14,314.21,47.3,175,518,United Kingdom
14979,Hibernating,735,1,439.46,439.46,,42,0,United Kingdom
14980,Hibernating,737,1,150.68,150.68,,24,0,United Kingdom
14981,Hibernating,246,2,372.92,186.46,,20,177,United Kingdom
14982,Hibernating,572,1,234.88,234.88,,38,0,United Kingdom
14983,Hibernating,689,1,183.2,183.2,,30,0,United Kingdom
14984,New Customers,19,6,1271.41,211.9,70.9,48,678,United Kingdom
14985,Hibernating,198,2,296.75,148.38,,78,159,United Kingdom
14986,Hibernating,376,2,566.9,283.45,,87,307,United Kingdom
14987,Champions,16,8,1713.85,214.23,149.3,4,721,United Kingdom
14988,At Risk,212,7,2066.6,295.23,66.5,171,390,United Kingdom
14989,Hibernating,662,1,342.4,342.4,,18,0,United Kingdom
14990,Hibernating,612,2,305.42,152.71,,41,118,United Kingdom
14991,Hibernating,430,1,314.67,314.67,,21,0,United Kingdom
14992,Hibernating,442,1,210.5,210.5,,27,0,United Kingdom
14993,Hibernating,564,1,36.13,36.13,,9,0,United Kingdom
14994,At Risk,382,5,956.68,191.34,52.0,232,240,United Kingdom
14995,New Customers,39,2,233.23,116.62,,53,241,United Kingdom
14996,Hibernating,481,2,442.29,221.14,,37,0,United Kingdom
14997,New Customers,46,4,776.6,194.15,194.7,36,609,United Kingdom
14998,At Risk,170,4,770.73,192.68,52.5,111,435,United Kingdom
14999,Hibernating,593,1,129.48,129.48,,9,0,United Kingdom
15000,New Customers,48,1,490.52,490.52,,76,0,United Kingdom
15001,Hibernating,394,2,228.86,114.43,,43,0,United Kingdom
15002,At Risk,116,9,4817.28,535.25,61.3,220,580,United Kingdom
15003,At Risk,473,6,1060.7,176.78,56.0,253,209,United Kingdom
15004,Hibernating,147,1,1245.93,1245.93,,153,0,United Kingdom
15005,Champions,16,56,14104.2,251.86,6.1,590,722,United Kingdom
15006,New Customers,51,2,820.19,410.1,,164,402,United Kingdom
15007,Hibernating,159,1,156.91,156.91,,12,0,United Kingdom
15008,Hibernating,480,2,360.0,180.0,,6,157,United Kingdom
15009,New Customers,12,3,1261.78,420.59,0.5,148,12,United Kingdom
15010,New Customers,36,1,308.94,308.94,,20,0,United Kingdom
15011,Hibernating,396,2,416.6,208.3,,17,20,United Kingdom
15012,New Customers,54,3,860.62,286.87,58.5,165,523,United Kingdom
15013,At Risk,488,10,1641.3,164.13,9.3,177,189,United Kingdom
15014,New Customers,43,2,260.17,130.08,,29,133,United Kingdom
15015,At Risk,501,13,2354.52,181.12,10.9,157,223,United Kingdom
15016,At Risk,173,5,630.3,126.06,86.5,93,370,United Kingdom
15017,New Customers,34,1,125.58,125.58,,20,0,United Kingdom
15018,New Customers,39,3,607.46,202.49,49.5,30,329,United Kingdom
15019,Hibernating,267,1,266.0,266.0,,64,0,United Kingdom
15020,Hibernating,379,1,203.42,203.42,,27,0,United Kingdom
15021,Champions,9,12,2783.83,231.99,35.2,355,489,United Kingdom
15022,New Customers,12,5,1186.09,237.22,267.7,115,665,United Kingdom
15023,Champions,3,20,12147.53,607.38,19.5,485,671,United Kingdom
15024,Champions,10,16,4075.51,254.72,42.5,168,414,United Kingdom
15025,New Customers,33,2,1005.14,502.57,,131,535,United Kingdom
15026,At Risk,80,5,1056.81,211.36,44.8,108,368,United Kingdom
15027,Champions,31,10,3195.6,319.56,63.4,69,593,United Kingdom
15028,New Customers,8,6,1157.71,192.95,124.9,65,385,United Kingdom
15029,Hibernating,620,1,365.1,365.1,,10,0,United Kingdom
15030,At Risk,72,8,1979.91,247.49,62.3,25,573,United Kingdom
15031,Champions,4,14,3156.58,225.47,52.8,237,727,United Kingdom
15032,At Risk,256,8,13780.65,1722.58,46.4,39,472,United Kingdom
15033,Champions,5,10,2583.37,258.34,20.4,314,324,United Kingdom
15034,Champions,16,14,8313.4,593.81,40.9,416,561,United Kingdom
15035,Hibernating,90,1,252.73,252.73,,26,0,United Kingdom
15036,New Customers,72,3,465.55,155.18,51.5,107,107,United Kingdom
15037,Hibernating,376,2,402.51,201.26,,40,0,United Kingdom
15038,At Risk,59,9,1309.86,145.54,44.6,190,366,United Kingdom
15039,Champions,10,93,40031.43,430.45,4.8,562,719,United Kingdom
15040,Hibernating,542,1,7.49,7.49,,1,0,United Kingdom
15041,Hibernating,170,2,293.6,146.8,,97,274,United Kingdom
15042,Hibernating,199,2,315.45,157.73,,9,396,United Kingdom
15043,At Risk,31,6,2858.8,476.47,165.9,38,501,United Kingdom
15044,Champions,19,32,15949.19,498.41,20.2,343,703,United Kingdom
15045,Hibernating,152,2,735.66,367.83,,11,105,United Kingdom
15046,Champions,9,25,7793.44,311.74,19.9,247,685,United Kingdom
15047,Hibernating,270,1,343.62,343.62,,22,0,United Kingdom
15048,New Customers,65,4,482.75,120.69,39.7,86,303,United Kingdom
15049,Hibernating,274,1,121.17,121.17,,3,0,United Kingdom
15050,Champions,25,5,4193.79,838.76,138.1,116,455,United Kingdom
15051,Champions,23,9,3935.16,437.24,61.4,226,715,United Kingdom
15052,Hibernating,319,1,215.78,215.78,,27,0,United Kingdom
15053,New Customers,5,3,697.79,232.6,13.5,49,277,United Kingdom
15054,New Customers,12,2,302.1,151.05,,105,28,United Kingdom
15055,Hibernating,475,3,560.07,186.69,5.5,77,248,United Kingdom
15056,Hibernating,520,1,133.45,133.45,,6,0,United Kingdom
15057,At Risk,275,5,3255.96,651.19,50.8,62,458,United Kingdom
15058,Champions,25,16,3410.03,213.13,33.8,232,628,United Kingdom
15059,Champions,41,19,3522.77,185.41,25.6,307,692,United Kingdom
15060,New Customers,8,4,301.84,75.46,0.5,80,0,United Kingdom
15061,Champions,4,127,137817.07,1085.17,8.8,130,734,United Kingdom
15062,At Risk,71,8,2585.62,323.2,33.1,98,539,United Kingdom
15063,Hibernating,213,1,370.8,370.8,,5,0,United Kingdom
15064,At Risk,410,4,1154.41,288.6,28.1,74,306,United Kingdom
15065,At Risk,38,5,3326.86,665.37,29.9,156,373,United Kingdom
15066,New Customers,53,1,893.59,893.59,,42,0,United Kingdom
15067,At Risk,78,5,3877.88,775.58,81.3,170,528,United Kingdom
15068,New Customers,46,4,1176.85,294.21,21.2,178,575,United Kingdom
15069,Hibernating,179,1,1109.53,1109.53,,70,0,United Kingdom
15070,At Risk,373,3,843.25,281.08,43.0,26,351,United Kingdom
15071,At Risk,94,4,1455.56,363.89,34.0,41,476,United Kingdom
15072,Hibernating,479,1,187.52,187.52,,13,0,United Kingdom
15073,Champions,10,8,2788.02,348.5,82.4,115,672,United Kingdom
15074,At Risk,105,3,1566.33,522.11,143.0,63,362,United Kingdom
15075,New Customers,78,1,773.03,773.03,,27,0,United Kingdom
15076,At Risk,173,3,1447.74,482.58,145.0,68,349,United Kingdom
15077,At Risk,495,2,2428.08,1214.04,,28,235,United Kingdom
15078,Champions,7,52,17751.88,341.38,13.9,117,728,United Kingdom
15079,At Risk,213,11,3767.35,342.49,42.0,119,519,United Kingdom
15080,Hibernating,428,2,546.25,273.12,,31,74,United Kingdom
15081,Champions,22,12,1965.72,163.81,46.0,75,513,United Kingdom
15082,Hibernating,669,1,93.35,93.35,,6,0,United Kingdom
15083,Hibernating,257,1,88.2,88.2,,5,0,United Kingdom
15084,Hibernating,380,2,965.2,482.6,,31,266,United Kingdom
15085,Hibernating,730,1,347.54,347.54,,9,0,United Kingdom
15086,Hibernating,565,2,218.53,109.26,,10,60,United Kingdom
15087,Hibernating,282,1,306.94,306.94,,15,0,United Kingdom
15088,New Customers,21,2,1160.07,580.04,,53,45,United Kingdom
15089,Champions,10,6,2420.84,403.47,13.7,139,118,United Kingdom
15090,Hibernating,308,1,381.32,381.32,,23,0,United Kingdom
15091,At Risk,68,3,1046.61,348.87,303.5,55,607,United Kingdom
15092,At Risk,215,3,776.46,258.82,55.5,39,247,United Kingdom
15093,Champions,18,23,14326.11,622.87,28.0,104,713,United Kingdom
15094,Hibernating,463,2,83.0,41.5,,4,181,United Kingdom
15095,At Risk,104,10,3141.64,314.16,63.4,90,584,United Kingdom
15096,New Customers,43,1,219.39,219.39,,11,0,United Kingdom
15097,New Customers,4,3,908.35,302.78,289.5,59,578,United Kingdom
15098,At Risk,182,3,39916.5,13305.5,0.0,1,0,United Kingdom
15099,Hibernating,84,1,410.48,410.48,,23,0,United Kingdom
15100,At Risk,334,7,2894.7,413.53,110.7,11,367,United Kingdom
15101,New Customers,9,6,1477.94,246.32,128.3,52,581,United Kingdom
15102,Hibernating,531,2,554.67,277.33,,26,16,United Kingdom
15103,New Customers,31,2,703.36,351.68,,35,55,United Kingdom
15104,At Risk,197,2,1027.44,513.72,,66,85,United Kingdom
15105,Champions,18,9,3094.91,343.88,102.7,129,608,United Kingdom
15106,New Customers,18,5,1422.52,284.5,10.8,90,251,United Kingdom
15107,At Risk,311,9,940.35,104.48,16.4,32,140,United Kingdom
15108,At Risk,142,3,1159.25,386.42,3.0,49,85,European Community
15109,At Risk,246,3,983.1,327.7,89.0,46,489,United Kingdom
15110,New Customers,24,6,1505.85,250.98,55.3,23,461,United Kingdom
15111,At Risk,29,5,2730.87,546.17,108.0,109,563,United Kingdom
15112,Hibernating,611,1,209.4,209.4,,7,0,United Kingdom
15113,New Customers,10,3,3608.94,1202.98,6.5,76,44,United Kingdom
15114,Champions,30,12,3400.12,283.34,19.2,151,390,United Kingdom
15115,New Customers,18,2,531.85,265.92,,35,714,United Kingdom
15116,New Customers,18,4,1352.75,338.19,16.0,37,187,United Kingdom
15117,Champions,15,8,2485.97,310.75,83.7,89,619,United Kingdom
15118,Hibernating,134,1,244.8,244.8,,1,0,United Kingdom
15119,Hibernating,246,1,266.4,266.4,,14,0,United Kingdom
15120,Hibernating,134,1,358.82,358.82,,21,0,United Kingdom
15121,New Customers,50,2,457.72,228.86,,28,238,United Kingdom
15122,At Risk,114,11,4497.47,408.86,37.8,155,505,United Kingdom
15123,Champions,7,5,4656.17,931.23,80.9,149,626,United Kingdom
15124,New Customers,23,4,450.82,112.7,53.3,30,628,United Kingdom
15125,Champions,25,24,17024.87,709.37,42.9,151,593,United Kingdom
15126,Hibernating,537,2,449.49,224.74,,25,150,United Kingdom
15127,New Customers,66,2,711.5,355.75,,27,454,United Kingdom
15128,At Risk,60,5,1783.68,356.74,69.0,87,369,United Kingdom
15129,Champions,50,23,6860.18,298.27,21.1,86,559,United Kingdom
15130,Hibernating,170,1,330.11,330.11,,22,0,United Kingdom
15131,Hibernating,395,1,80.28,80.28,,7,0,United Kingdom
15132,New Customers,18,5,977.93,195.59,21.0,49,244,United Kingdom
15133,At Risk,128,5,1806.9,361.38,38.2,45,392,United Kingdom
15134,Champions,15,10,1596.29,159.63,36.2,47,407,United Kingdom
15135,Hibernating,239,2,305.68,152.84,,17,317,United Kingdom
15136,New Customers,3,4,1286.7,321.68,31.3,61,93,United Kingdom
15137,Hibernating,521,2,823.4,411.7,,34,159,United Kingdom
15138,Hibernating,394,1,502.52,502.52,,31,0,United Kingdom
15139,Hibernating,240,2,178.96,89.48,,13,96,United Kingdom
15140,At Risk,52,8,3243.69,405.46,54.9,103,390,United Kingdom
15141,At Risk,458,7,1388.47,198.35,20.5,44,163,United Kingdom
15142,At Risk,46,6,2619.92,436.65,137.6,115,454,United Kingdom
15143,Hibernating,226,2,563.63,281.82,,27,206,United Kingdom
15144,Champions,8,29,12160.31,419.32,24.1,199,718,United Kingdom
15145,New Customers,4,4,1194.73,298.68,73.0,54,244,United Kingdom
15146,At Risk,165,2,1327.16,663.58,,90,126,United Kingdom
15147,Hibernating,240,1,623.5,623.5,,28,0,United Kingdom
15148,New Customers,11,1,301.29,301.29,,20,0,United Kingdom
15149,At Risk,134,4,1524.61,381.15,194.6,61,515,United Kingdom
15150,Champions,17,13,9001.08,692.39,51.2,495,526,United Kingdom
15151,At Risk,423,2,2085.61,1042.8,,56,86,United Kingdom
15152,Champions,10,14,5263.83,375.99,133.5,214,691,United Kingdom
15153,New Customers,31,1,329.25,329.25,,22,0,United Kingdom
15154,At Risk,75,3,1388.41,462.8,201.5,166,402,United Kingdom
15155,Hibernating,383,1,383.97,383.97,,24,0,United Kingdom
15156,New Customers,1,3,961.49,320.5,13.0,51,32,United Kingdom
15157,New Customers,4,5,2654.11,530.82,26.3,152,725,United Kingdom
15158,New Customers,45,2,606.02,303.01,,11,356,United Kingdom
15159,Champions,2,34,22116.73,650.49,12.5,413,430,United Kingdom
15160,At Risk,357,4,589.27,147.32,3.7,17,63,United Kingdom
15161,Hibernating,388,1,119.92,119.92,,33,0,United Kingdom
15162,Hibernating,731,1,312.9,312.9,,12,0,United Kingdom
15163,New Customers,18,2,304.47,152.24,,29,173,United Kingdom
15164,At Risk,69,9,2068.92,229.88,36.9,243,621,United Kingdom
15165,Hibernating,373,1,975.5,975.5,,27,0,United Kingdom
15166,Hibernating,468,1,167.16,167.16,,12,0,United Kingdom
15167,At Risk,321,5,1659.67,331.93,86.4,262,352,United Kingdom
15168,New Customers,26,1,106.56,106.56,,5,0,United Kingdom
15169,Hibernating,382,2,569.22,284.61,,58,344,United Kingdom
15170,Hibernating,407,1,81.15,81.15,,4,0,United Kingdom
15171,Hibernating,331,1,1289.5,1289.5,,5,0,United Kingdom
15172,New Customers,9,5,1624.05,324.81,9.9,106,227,United Kingdom
15173,At Risk,381,7,1494.6,213.51,35.6,68,236,United Kingdom
15174,Hibernating,323,2,481.46,240.73,,34,87,United Kingdom
15175,Hibernating,72,1,224.14,224.14,,23,0,United Kingdom
15176,Hibernating,668,1,988.04,988.04,,52,0,United Kingdom
15177,Hibernating,426,1,948.93,948.93,,26,0,United Kingdom
15178,Hibernating,260,1,40.5,40.5,,3,0,United Kingdom
15179,Champions,18,13,7491.92,576.3,42.4,225,718,United Kingdom
15180,At Risk,367,3,904.43,301.48,61.0,46,221,United Kingdom
15181,At Risk,66,5,1200.2,240.04,86.1,15,664,United Kingdom
15182,At Risk,154,11,2998.95,272.63,45.6,77,502,United Kingdom
15183,Hibernating,548,3,639.93,213.31,1.5,33,36,United Kingdom
15184,New Customers,29,4,689.95,172.49,75.5,72,694,United Kingdom
15185,Hibernating,70,1,310.62,310.62,,21,0,United Kingdom
15186,New Customers,14,5,1403.2,280.64,80.4,29,682,United Kingdom
15187,Champions,2,15,4762.18,317.48,12.7,60,210,United Kingdom
15188,Hibernating,725,1,310.43,310.43,,23,0,United Kingdom
15189,Champions,1,46,17524.38,380.96,12.6,90,507,United Kingdom
15190,Hibernating,434,1,834.44,834.44,,40,0,United Kingdom
15191,Hibernating,463,3,588.05,196.02,112.5,33,225,United Kingdom
15192,At Risk,120,5,1981.39,396.28,54.7,56,560,United Kingdom
15193,New Customers,61,1,499.32,499.32,,19,0,United Kingdom
15194,Champions,3,28,12427.69,443.85,27.3,274,733,United Kingdom
15195,New Customers,3,1,3861.0,3861.0,,1,0,United Kingdom
15196,Hibernating,433,2,316.25,158.12,,34,293,United Kingdom
15197,New Customers,11,6,1877.51,312.92,103.9,44,717,United Kingdom
15198,At Risk,92,5,571.35,114.27,101.8,28,597,United Kingdom
15199,At Risk,59,10,3122.4,312.24,33.1,17,516,United Kingdom
15200,Hibernating,495,1,549.05,549.05,,30,0,United Kingdom
15201,At Risk,87,7,1842.95,263.28,70.9,44,524,United Kingdom
15203,Champions,26,15,4400.18,293.35,25.6,150,705,United Kingdom
15204,Hibernating,357,1,316.58,316.58,,9,0,United Kingdom
15205,New Customers,85,2,653.24,326.62,,37,42,United Kingdom
15206,New Customers,10,4,420.3,105.08,34.3,3,265,United Kingdom
15207,Hibernating,416,3,683.92,227.97,61.5,19,130,United Kingdom
15208,New Customers,1,6,970.52,161.75,58.8,27,422,United Kingdom
15209,Hibernating,730,1,178.98,178.98,,13,0,United Kingdom
15210,At Risk,225,3,1176.19,392.06,22.0,66,350,United Kingdom
15211,New Customers,60,2,1277.48,638.74,,52,304,United Kingdom
15212,Hibernating,241,2,208.28,104.14,,7,135,United Kingdom
15213,Hibernating,319,2,328.35,164.18,,22,11,United Kingdom
15214,Champions,2,8,1661.44,207.68,34.0,109,241,United Kingdom
15215,At Risk,47,7,2422.43,346.06,100.0,85,566,United Kingdom
15216,New Customers,88,2,486.09,243.04,,24,531,United Kingdom
15217,Hibernating,563,1,426.24,426.24,,28,0,United Kingdom
15218,Champions,11,22,11501.57,522.8,19.2,138,672,United Kingdom
15219,Hibernating,176,2,685.45,342.72,,26,472,United Kingdom
15220,At Risk,52,6,1778.96,296.49,11.5,110,229,United Kingdom
15221,At Risk,366,4,2465.45,616.36,68.4,21,271,United Kingdom
15222,At Risk,319,11,3550.91,322.81,46.3,98,404,United Kingdom
15223,At Risk,226,5,1417.95,283.59,136.0,26,509,United Kingdom
15224,At Risk,358,5,871.36,174.27,60.5,24,334,United Kingdom
15225,Hibernating,234,1,409.4,409.4,,23,0,United Kingdom
15226,Hibernating,311,1,154.41,154.41,,8,0,United Kingdom
15227,Champions,37,9,2488.49,276.5,49.4,86,597,United Kingdom
15228,At Risk,66,6,5580.27,930.04,36.6,184,433,United Kingdom
15229,Hibernating,586,1,160.5,160.5,,9,0,United Kingdom
15230,Hibernating,239,2,429.6,214.8,,23,1,United Kingdom
15231,Hibernating,621,1,250.26,250.26,,14,0,United Kingdom
15232,Hibernating,113,2,612.06,306.03,,26,27,United Kingdom
15233,Hibernating,401,1,59.4,59.4,,1,0,United Kingdom
15234,Hibernating,277,1,197.0,197.0,,14,0,United Kingdom
15235,At Risk,218,16,2937.81,183.61,10.6,161,170,United Kingdom
15236,Hibernating,299,1,321.05,321.05,,15,0,United Kingdom
15237,New Customers,2,4,1412.32,353.08,41.2,94,225,United Kingdom
15238,New Customers,29,3,1071.99,357.33,11.5,49,154,United Kingdom
15239,New Customers,10,2,780.59,390.3,,48,68,United Kingdom
15240,Champions,45,12,4459.98,371.66,37.0,134,689,United Kingdom
15241,At Risk,67,11,3050.16,277.29,50.7,120,587,United Kingdom
15242,Hibernating,422,1,302.04,302.04,,4,0,United Kingdom
15243,New Customers,74,2,927.28,463.64,,56,360,United Kingdom
15244,New Customers,65,3,912.08,304.03,117.5,44,600,United Kingdom
15245,At Risk,134,8,4610.84,576.36,38.0,72,461,United Kingdom
15246,At Risk,238,3,780.4,260.13,38.5,45,317,United Kingdom
15247,At Risk,122,3,976.06,325.35,147.5,13,414,United Kingdom
15248,At Risk,411,3,1893.93,631.31,3.5,103,122,United Kingdom
15249,Champions,32,18,9266.0,514.78,39.7,304,591,United Kingdom
15250,Hibernating,641,1,60.0,60.0,,3,0,United Kingdom
15251,Champions,9,21,20324.54,967.84,37.3,183,670,United Kingdom
15252,At Risk,36,5,2103.41,420.68,72.2,106,575,United Kingdom
15253,Champions,16,8,2055.09,256.89,74.0,102,570,United Kingdom
15254,At Risk,127,3,1088.35,362.78,202.5,64,433,United Kingdom
15255,At Risk,67,9,3729.42,414.38,109.7,137,670,United Kingdom
15256,Hibernating,149,2,170.4,85.2,,6,413,United Kingdom
15257,Hibernating,283,2,685.9,342.95,,11,130,United Kingdom
15258,Hibernating,169,2,623.16,311.58,,32,48,United Kingdom
15259,At Risk,513,4,1182.38,295.59,40.3,50,169,United Kingdom
15260,Champions,100,25,9188.23,367.53,29.6,186,633,United Kingdom
15261,At Risk,135,4,1508.0,377.0,103.8,87,299,United Kingdom
15262,Hibernating,324,3,418.82,139.61,25.5,22,164,United Kingdom
15263,Hibernating,107,1,156.51,156.51,,12,0,United Kingdom
15264,New Customers,64,2,848.4,424.2,,52,466,United Kingdom
15265,At Risk,151,4,3345.64,836.41,124.3,179,586,United Kingdom
15266,At Risk,338,5,852.21,170.44,99.0,38,363,United Kingdom
15267,New Customers,22,5,1717.36,343.47,33.1,8,160,United Kingdom
15268,At Risk,479,3,961.9,320.63,63.5,21,126,United Kingdom
15269,New Customers,24,3,1225.36,408.45,173.5,33,366,United Kingdom
15270,Champions,16,21,8524.86,405.95,49.8,66,706,United Kingdom
15271,Champions,7,24,4709.54,196.23,18.9,369,483,United Kingdom
15272,At Risk,57,6,2085.48,347.58,123.0,257,605,United Kingdom
15273,Hibernating,600,1,228.96,228.96,,1,0,United Kingdom
15274,New Customers,4,2,716.57,358.28,,44,14,United Kingdom
15275,New Customers,38,1,615.14,615.14,,41,0,United Kingdom
15276,New Customers,66,4,649.53,162.38,146.1,160,368,United Kingdom
15277,New Customers,47,2,476.34,238.17,,23,378,United Kingdom
15278,Hibernating,562,4,496.16,124.04,49.0,29,103,United Kingdom
15279,At Risk,355,5,1580.54,316.11,45.3,74,321,United Kingdom
15280,Hibernating,172,3,406.22,135.41,116.5,48,399,United Kingdom
15281,Champions,59,16,8543.57,533.97,22.2,427,368,United Kingdom
15282,Hibernating,570,1,348.59,348.59,,27,0,United Kingdom
15283,Hibernating,390,3,148.33,49.44,33.0,9,127,United Kingdom
15284,Hibernating,500,1,24.75,24.75,,1,0,United Kingdom
15285,Hibernating,408,1,94.92,94.92,,6,0,United Kingdom
15286,New Customers,50,1,240.55,240.55,,3,0,United Kingdom
15287,New Customers,22,5,856.03,171.21,126.8,23,715,United Kingdom
15288,Champions,43,10,3874.28,387.43,42.6,127,622,United Kingdom
15289,New Customers,29,5,1593.09,318.62,41.4,67,592,United Kingdom
15290,Champions,5,26,10496.28,403.7,16.6,106,649,United Kingdom
15291,Champions,26,39,13801.56,353.89,20.2,115,710,United Kingdom
15292,Hibernating,201,1,180.94,180.94,,24,0,United Kingdom
15293,Hibernating,666,1,247.5,247.5,,19,0,United Kingdom
15294,Hibernating,411,1,233.35,233.35,,15,0,United Kingdom
15295,Hibernating,654,1,217.24,217.24,,50,0,United Kingdom
15296,Champions,51,12,10342.83,861.9,41.3,342,636,United Kingdom
15297,New Customers,10,3,641.94,213.98,7.5,30,53,United Kingdom
15298,Champions,2,23,9459.37,411.28,19.2,199,729,United Kingdom
15299,Champions,67,9,7391.54,821.28,94.8,8,629,United Kingdom
15300,New Customers,64,1,496.44,496.44,,28,0,United Kingdom
15301,Champions,51,17,7603.44,447.26,23.4,231,399,United Kingdom
15302,Hibernating,730,1,308.0,308.0,,15,0,United Kingdom
15303,At Risk,290,3,1224.18,408.06,78.5,63,393,United Kingdom
15304,At Risk,61,9,919.55,102.17,25.6,8,360,United Kingdom
15305,Hibernating,555,1,93.6,93.6,,5,0,United Kingdom
15306,At Risk,64,9,3484.73,387.19,106.8,123,594,United Kingdom
15307,Hibernating,96,1,205.3,205.3,,12,0,United Kingdom
15308,Hibernating,274,1,310.47,310.47,,19,0,United Kingdom
15309,At Risk,611,4,797.96,199.49,30.7,49,124,United Kingdom
15310,Hibernating,479,1,1634.64,1634.64,,45,0,United Kingdom
15311,Champions,1,207,116476.16,562.69,2.9,863,738,United Kingdom
15312,At Risk,75,12,2930.19,244.18,45.5,118,648,United Kingdom
15313,Hibernating,110,1,52.0,52.0,,1,0,United Kingdom
15314,At Risk,199,3,820.45,273.48,99.5,49,228,United Kingdom
15315,New Customers,64,2,570.5,285.25,,35,51,United Kingdom
15316,Hibernating,327,1,165.0,165.0,,1,0,United Kingdom
15317,Hibernating,677,1,129.75,129.75,,5,0,United Kingdom
15318,New Customers,4,1,312.62,312.62,,33,0,United Kingdom
15319,Hibernating,284,1,204.5,204.5,,16,0,United Kingdom
15320,New Customers,44,1,267.13,267.13,,36,0,United Kingdom
15321,Champions,71,12,6709.73,559.14,72.3,242,603,United Kingdom
15322,At Risk,86,2,1390.86,695.43,,76,390,United Kingdom
15323,Hibernating,563,3,434.6,144.87,0.5,29,99,United Kingdom
15324,Hibernating,701,1,140.22,140.22,,8,0,United Kingdom
15325,At Risk,104,8,1602.01,200.25,91.4,164,557,United Kingdom
15326,At Risk,334,5,1700.52,340.1,102.3,94,404,United Kingdom
15327,Hibernating,53,1,208.75,208.75,,10,0,United Kingdom
15328,Hibernating,408,1,107.24,107.24,,8,0,United Kingdom
15329,Champions,39,11,2984.33,271.3,54.0,98,686,United Kingdom
15330,New Customers,32,2,714.96,357.48,,10,28,United Kingdom
15331,Hibernating,500,3,767.91,255.97,55.0,41,109,United Kingdom
15332,At Risk,366,6,6553.74,1092.29,43.4,113,147,Lithuania
15333,Hibernating,208,1,1028.56,1028.56,,16,0,United Kingdom
15334,Hibernating,157,3,348.72,116.24,1.5,66,16,United Kingdom
15335,Hibernating,54,1,173.97,173.97,,34,0,United Kingdom
15336,Hibernating,402,1,240.5,240.5,,15,0,United Kingdom
15337,Hibernating,411,1,373.02,373.02,,21,0,United Kingdom
15338,Hibernating,677,1,283.43,283.43,,56,0,United Kingdom
15339,At Risk,66,7,1827.84,261.12,86.1,162,602,United Kingdom
15340,Hibernating,562,1,105.5,105.5,,7,0,United Kingdom
15341,At Risk,81,2,2402.72,1201.36,,22,368,United Kingdom
15342,Hibernating,130,1,406.09,406.09,,24,0,United Kingdom
15343,Hibernating,87,1,364.5,364.5,,21,0,United Kingdom
15344,New Customers,1,3,563.94,187.98,5.0,21,73,United Kingdom
15345,New Customers,46,1,393.54,393.54,,20,0,United Kingdom
15346,Hibernating,333,3,596.12,198.71,43.5,36,98,United Kingdom
15347,At Risk,366,4,1363.6,340.9,10.3,29,71,United Kingdom
15348,Hibernating,72,1,158.04,158.04,,9,0,United Kingdom
15349,Hibernating,158,2,473.81,236.9,,65,29,United Kingdom
15350,Hibernating,373,2,663.25,331.62,,26,9,United Kingdom
15351,Champions,12,10,3738.29,373.83,86.5,201,420,United Kingdom
15352,Hibernating,549,1,114.95,114.95,,34,0,United Kingdom
15353,At Risk,255,7,3175.95,453.71,59.2,274,483,United Kingdom
15355,New Customers,29,2,277.05,138.52,,9,23,United Kingdom
15356,Champions,31,13,3464.95,266.53,16.5,290,390,United Kingdom
15358,Champions,5,42,17050.41,405.96,14.9,359,727,United Kingdom
15359,Hibernating,663,8,181.35,22.67,5.6,10,30,United Kingdom
15360,New Customers,40,1,427.93,427.93,,13,0,United Kingdom
15361,At Risk,362,4,689.07,172.27,73.8,10,181,United Kingdom
15362,Hibernating,449,2,613.08,306.54,,38,290,United Kingdom
15363,Hibernating,373,2,1004.11,502.06,,32,120,United Kingdom
15364,At Risk,96,2,913.19,456.6,,29,158,United Kingdom
15365,Champions,26,13,4557.13,350.55,74.4,126,647,United Kingdom
15366,At Risk,75,7,2389.08,341.3,86.9,86,576,United Kingdom
15367,Champions,57,11,5081.33,461.94,62.6,214,671,United Kingdom
15368,New Customers,21,2,722.74,361.37,,8,372,United Kingdom
15369,At Risk,492,11,6251.26,568.3,28.5,44,239,United Kingdom
15370,Champions,41,8,3739.01,467.38,28.9,90,369,United Kingdom
15371,Hibernating,662,1,59.4,59.4,,1,0,United Kingdom
15372,At Risk,137,8,6017.06,752.13,111.3,45,526,United Kingdom
15373,Champions,8,17,3421.39,201.26,26.7,107,578,United Kingdom
15374,Hibernating,129,2,307.32,153.66,,8,495,United Kingdom
15375,Hibernating,690,1,60.96,60.96,,6,0,United Kingdom
15376,New Customers,40,3,1233.36,411.12,14.0,100,182,United Kingdom
15377,At Risk,383,4,1211.75,302.94,8.3,15,32,United Kingdom
15378,Hibernating,463,2,246.5,123.25,,8,39,United Kingdom
15379,At Risk,169,8,4877.84,609.73,18.3,177,231,United Kingdom
15380,Champions,9,11,3479.06,316.28,58.8,27,729,United Kingdom
15381,At Risk,214,5,1890.57,378.11,46.1,20,369,United Kingdom
15382,Champions,15,12,13733.55,1144.46,40.7,315,720,United Kingdom
15384,At Risk,170,4,2027.79,506.95,84.6,83,422,United Kingdom
15385,New Customers,40,3,942.08,314.03,33.5,18,637,United Kingdom
15386,Hibernating,186,1,394.14,394.14,,31,0,United Kingdom
15387,Hibernating,492,1,468.65,468.65,,20,0,United Kingdom
15388,Hibernating,270,1,140.54,140.54,,10,0,Canada
15389,At Risk,172,5,2733.8,546.76,79.8,2,509,United Kingdom
15390,At Risk,396,2,1216.66,608.33,,77,12,Canada
15391,Hibernating,584,1,289.87,289.87,,12,0,United Kingdom
15392,Champions,5,7,2911.62,415.95,90.9,100,426,United Kingdom
15393,New Customers,16,5,891.34,178.27,104.3,37,707,United Kingdom
15394,Champions,10,11,5286.8,480.62,52.5,129,714,United Kingdom
15395,Hibernating,326,1,107.45,107.45,,7,0,United Kingdom
15396,At Risk,113,2,796.38,398.19,,16,471,United Kingdom
15397,Hibernating,290,1,94.0,94.0,,6,0,United Kingdom
15398,New Customers,16,2,1345.53,672.77,,60,62,United Kingdom
15399,New Customers,1,3,815.77,271.92,18.0,45,77,United Kingdom
15400,At Risk,92,8,1302.3,162.79,40.2,16,468,United Kingdom
15401,Hibernating,452,2,216.95,108.48,,14,116,United Kingdom
15402,At Risk,149,6,1830.12,305.02,53.5,78,443,United Kingdom
15403,Hibernating,492,2,170.88,85.44,,6,238,United Kingdom
15404,Hibernating,376,1,257.06,257.06,,16,0,United Kingdom
15405,Hibernating,189,2,659.84,329.92,,29,386,United Kingdom
15406,New Customers,31,4,975.87,243.97,110.5,108,422,United Kingdom
15407,New Customers,34,4,1056.44,264.11,45.6,142,271,United Kingdom
15408,Hibernating,264,1,267.18,267.18,,34,0,United Kingdom
15409,Hibernating,721,1,131.25,131.25,,9,0,United Kingdom
15410,At Risk,84,10,4685.72,468.57,89.0,80,515,United Kingdom
15411,New Customers,26,4,1358.88,339.72,5.9,86,156,United Kingdom
15412,Hibernating,171,1,190.53,190.53,,10,0,United Kingdom
15413,At Risk,692,5,6798.72,1359.74,8.2,20,47,United Kingdom
15414,New Customers,10,3,774.9,258.3,88.5,37,232,United Kingdom
15415,Hibernating,313,1,572.81,572.81,,46,0,United Kingdom
15416,At Risk,65,7,4572.82,653.26,73.5,189,611,United Kingdom
15417,Hibernating,85,1,508.8,508.8,,28,0,United Kingdom
15418,Hibernating,425,2,452.32,226.16,,64,161,United Kingdom
15419,New Customers,25,1,135.86,135.86,,8,0,United Kingdom
15420,At Risk,434,6,743.0,123.83,40.4,52,300,United Kingdom
15421,Champions,59,10,3805.34,380.53,41.9,170,673,United Kingdom
15422,At Risk,323,7,1619.97,231.42,43.4,80,347,United Kingdom
15423,New Customers,38,3,266.89,88.96,251.5,13,583,United Kingdom
15424,Hibernating,254,3,597.78,199.26,104.5,33,208,United Kingdom
15425,At Risk,400,4,1944.57,486.14,39.0,114,263,United Kingdom
15426,Champions,19,9,2615.39,290.6,69.6,327,567,United Kingdom
15427,New Customers,33,3,1483.14,494.38,7.0,233,13,United Kingdom
15428,New Customers,15,4,762.75,190.69,117.6,39,706,United Kingdom
15429,New Customers,27,2,397.35,198.68,,77,48,United Kingdom
15430,Hibernating,468,2,954.75,477.38,,36,60,United Kingdom
15431,Hibernating,503,1,153.24,153.24,,2,0,United Kingdom
15432,New Customers,23,2,320.76,160.38,,16,518,United Kingdom
15433,Hibernating,214,2,533.3,266.65,,40,53,United Kingdom
15434,Champions,8,11,2567.06,233.37,79.2,82,675,United Kingdom
15435,New Customers,22,1,149.29,149.29,,29,0,United Kingdom
15436,New Customers,12,3,1122.53,374.18,76.0,243,221,United Kingdom
15437,Hibernating,262,2,393.45,196.73,,56,378,United Kingdom
15438,Hibernating,131,1,156.58,156.58,,25,0,United Kingdom
15439,At Risk,405,4,1269.05,317.26,103.6,49,248,United Kingdom
15440,New Customers,55,3,383.68,127.89,5.0,50,154,United Kingdom
15441,At Risk,396,3,1254.21,418.07,139.0,45,334,United Kingdom
15442,Hibernating,249,1,594.0,594.0,,2,0,United Kingdom
15443,Champions,2,14,5175.93,369.71,59.5,408,640,United Kingdom
15444,New Customers,9,2,1418.26,709.13,,191,31,United Kingdom
15445,Hibernating,264,2,284.5,142.25,,12,326,United Kingdom
15446,Hibernating,377,3,403.95,134.65,77.0,89,349,United Kingdom
15447,At Risk,331,5,492.88,98.58,75.5,27,294,United Kingdom
15448,Hibernating,313,2,788.81,394.4,,49,361,United Kingdom
15449,New Customers,26,3,974.52,324.84,41.5,47,235,United Kingdom
15450,New Customers,30,1,429.84,429.84,,30,0,United Kingdom
15451,Hibernating,434,2,233.21,116.6,,56,164,United Kingdom
15452,At Risk,30,6,1799.11,299.85,57.7,158,481,United Kingdom
15453,New Customers,2,7,1388.37,198.34,8.3,169,185,United Kingdom
15454,Hibernating,362,2,305.59,152.8,,34,256,United Kingdom
15455,Hibernating,598,1,38.25,38.25,,2,0,United Kingdom
15456,At Risk,283,10,2119.27,211.93,31.1,128,448,United Kingdom
15457,Hibernating,262,1,237.07,237.07,,56,0,United Kingdom
15458,New Customers,25,2,370.44,185.22,,13,376,United Kingdom
15459,Hibernating,417,2,202.83,101.42,,6,80,United Kingdom
15460,Hibernating,354,1,216.76,216.76,,53,0,United Kingdom
15461,Hibernating,461,2,429.7,214.85,,1,170,United Kingdom
15462,At Risk,94,4,737.05,184.26,99.7,32,351,United Kingdom
15463,New Customers,29,1,126.14,126.14,,7,0,United Kingdom
15464,Hibernating,338,1,1048.85,1048.85,,155,0,United Kingdom
15465,Champions,20,32,12655.65,395.49,21.9,94,710,United Kingdom
15466,At Risk,85,4,1571.01,392.75,71.0,211,651,United Kingdom
15467,New Customers,9,3,524.88,174.96,64.5,41,142,United Kingdom
15468,New Customers,51,3,1430.48,476.83,170.5,80,341,United Kingdom
15469,New Customers,50,3,874.25,291.42,124.0,38,388,United Kingdom
15470,Hibernating,576,1,63.42,63.42,,4,0,United Kingdom
15471,New Customers,2,3,1316.56,438.85,104.0,122,548,United Kingdom
15472,Hibernating,113,1,371.56,371.56,,76,0,United Kingdom
15473,Champions,14,8,2046.0,255.75,132.1,5,430,United Kingdom
15474,Hibernating,596,1,163.1,163.1,,19,0,United Kingdom
15475,Hibernating,77,1,454.11,454.11,,29,0,United Kingdom
15476,At Risk,380,4,2209.98,552.49,21.3,67,62,United Kingdom
15477,Hibernating,650,1,368.4,368.4,,2,0,United Kingdom
15478,New Customers,40,3,1982.48,660.83,251.5,52,534,United Kingdom
15479,Hibernating,733,1,147.4,147.4,,9,0,United Kingdom
15480,At Risk,116,3,3592.25,1197.42,73.0,198,559,Malta
15481,Hibernating,401,1,1993.34,1993.34,,38,0,Norway
15482,Champions,16,18,14552.56,808.48,57.0,73,721,United Kingdom
15483,At Risk,161,10,855.06,85.51,56.0,215,522,United Kingdom
15484,Champions,1,6,4656.0,776.0,170.8,180,732,United Kingdom
15485,Champions,30,7,5771.51,824.5,121.2,80,707,United Kingdom
15486,Hibernating,527,1,102.0,102.0,,1,0,United Kingdom
15487,Hibernating,680,1,231.32,231.32,,14,0,United Kingdom
15488,At Risk,93,5,431.92,86.38,143.1,10,490,United Kingdom
15489,Champions,23,8,2419.61,302.45,51.0,75,670,United Kingdom
15490,Hibernating,430,1,217.6,217.6,,22,0,United Kingdom
15491,At Risk,95,6,3100.09,516.68,28.8,108,140,United Kingdom
15492,New Customers,28,2,659.46,329.73,,32,46,United Kingdom
15493,Champions,33,9,4306.49,478.5,45.5,288,622,United Kingdom
15494,Champions,21,5,3780.05,756.01,120.0,307,707,United Kingdom
15495,Hibernating,379,1,246.5,246.5,,20,0,United Kingdom
15496,Hibernating,631,1,146.14,146.14,,22,0,United Kingdom
15497,Champions,18,9,8657.39,961.93,86.0,66,703,United Kingdom
15498,Champions,3,44,26039.58,591.81,18.3,597,720,United Kingdom
15499,Hibernating,724,1,161.6,161.6,,40,0,United Kingdom
15500,New Customers,8,4,1131.56,282.89,21.7,64,73,United Kingdom
15501,Hibernating,405,2,402.5,201.25,,64,10,United Kingdom
15502,Champions,16,12,10532.52,877.71,51.2,230,539,United Kingdom
15503,Hibernating,363,2,267.15,133.57,,112,363,United Kingdom
15504,New Customers,81,4,412.6,103.15,173.1,41,584,United Kingdom
15505,At Risk,53,5,3610.96,722.19,7.5,90,102,United Kingdom
15506,New Customers,23,6,2040.03,340.0,79.6,180,454,United Kingdom
15507,Hibernating,172,1,492.36,492.36,,41,0,United Kingdom
15508,At Risk,189,6,1000.27,166.71,11.1,78,46,United Kingdom
15509,Hibernating,380,1,166.51,166.51,,26,0,United Kingdom
15510,Hibernating,331,1,250.0,250.0,,1,0,United Kingdom
15511,New Customers,12,5,909.23,181.85,9.2,117,73,United Kingdom
15512,Hibernating,156,4,331.58,82.9,106.3,29,520,United Kingdom
15513,Champions,33,35,27750.55,792.87,19.7,278,661,United Kingdom
15514,Champions,12,18,6594.77,366.38,54.1,170,722,United Kingdom
15515,Hibernating,387,1,171.81,171.81,,7,0,United Kingdom
15516,New Customers,45,3,62.43,20.81,1.0,15,1,United Kingdom
15517,Hibernating,233,1,267.03,267.03,,27,0,United Kingdom
15518,Champions,64,15,4218.94,281.26,38.8,250,655,United Kingdom
15519,Hibernating,383,2,344.61,172.3,,34,63,United Kingdom
15520,New Customers,2,1,343.5,343.5,,18,0,United Kingdom
15521,Champions,40,16,7096.09,443.51,39.2,185,663,United Kingdom
15522,New Customers,33,2,398.84,199.42,,47,54,United Kingdom
15523,Champions,84,16,17359.99,1085.0,72.4,65,653,United Kingdom
15524,New Customers,25,2,591.4,295.7,,9,582,United Kingdom
15525,New Customers,2,4,1293.2,323.3,162.2,151,380,United Kingdom
15526,New Customers,33,2,148.44,74.22,,4,0,United Kingdom
15527,Champions,19,23,5574.79,242.38,25.1,225,705,United Kingdom
15528,Hibernating,254,1,229.33,229.33,,26,0,United Kingdom
15529,Champions,23,12,5109.4,425.78,19.0,450,371,United Kingdom
15530,New Customers,22,5,1813.72,362.74,91.1,111,491,United Kingdom
15531,New Customers,8,2,2007.44,1003.72,,196,22,United Kingdom
15532,Champions,25,10,3750.25,375.02,54.5,416,523,United Kingdom
15533,New Customers,19,3,807.57,269.19,28.0,73,69,United Kingdom
15534,Hibernating,726,1,162.25,162.25,,8,0,United Kingdom
15535,At Risk,173,6,1087.82,181.3,31.5,88,275,United Kingdom
15536,Hibernating,409,1,259.09,259.09,,16,0,United Kingdom
15537,Hibernating,163,1,110.92,110.92,,24,0,United Kingdom
15538,At Risk,538,6,3358.4,559.73,22.5,3,125,United Kingdom
15539,New Customers,7,1,538.46,538.46,,41,0,United Kingdom
15540,New Customers,11,2,460.68,230.34,,31,364,United Kingdom
15541,Hibernating,114,1,85.13,85.13,,29,0,United Kingdom
15542,At Risk,512,3,918.45,306.15,112.5,212,225,United Kingdom
15543,Hibernating,288,2,242.84,121.42,,50,171,United Kingdom
15544,Champions,9,20,8162.43,408.12,26.7,175,671,United Kingdom
15545,New Customers,54,2,428.05,214.02,,78,316,United Kingdom
15546,Hibernating,607,2,1079.1,539.55,,6,0,United Kingdom
15547,Champions,7,26,10099.99,388.46,21.7,651,725,United Kingdom
15548,Hibernating,596,1,158.09,158.09,,23,0,United Kingdom
15549,At Risk,77,8,2342.21,292.78,42.7,138,620,United Kingdom
15550,Champions,4,12,2218.8,184.9,57.0,166,732,United Kingdom
15551,At Risk,37,7,1710.08,244.3,127.2,117,513,United Kingdom
15552,Hibernating,217,2,252.52,126.26,,29,405,United Kingdom
15553,New Customers,60,1,437.23,437.23,,51,0,United Kingdom
15554,Hibernating,278,1,217.2,217.2,,14,0,United Kingdom
15555,Champions,12,36,12102.22,336.17,24.7,666,721,United Kingdom
15556,New Customers,24,1,279.77,279.77,,31,0,United Kingdom
15557,New Customers,29,1,473.65,473.65,,16,0,United Kingdom
15558,Hibernating,639,1,214.13,214.13,,23,0,United Kingdom
15559,Hibernating,568,1,1109.4,1109.4,,62,0,United Kingdom
15560,Hibernating,398,2,153.52,76.76,,10,0,United Kingdom
15561,Champions,12,8,1934.39,241.8,60.0,65,651,United Kingdom
15562,Hibernating,352,3,673.38,224.46,114.5,32,374,United Kingdom
15563,Champions,22,6,2828.0,471.33,40.7,178,658,United Kingdom
15564,Hibernating,463,2,70.74,35.37,,4,212,United Kingdom
15565,New Customers,50,2,173.16,86.58,,8,20,United Kingdom
15566,Hibernating,393,2,227.87,113.94,,9,331,United Kingdom
15567,New Customers,19,1,186.01,186.01,,7,0,United Kingdom
15568,New Customers,3,3,758.29,252.76,6.5,27,70,United Kingdom
15569,At Risk,104,10,3586.35,358.64,62.0,123,545,United Kingdom
15570,Champions,7,25,9311.04,372.44,25.7,442,614,United Kingdom
15571,Champions,12,14,4051.63,289.4,83.3,442,721,United Kingdom
15572,Champions,5,10,4068.67,406.87,62.4,259,599,United Kingdom
15573,New Customers,32,5,1199.23,239.85,207.5,180,697,United Kingdom
15574,At Risk,178,6,1518.7,253.12,64.4,191,286,United Kingdom
15575,Hibernating,620,1,30.1,30.1,,3,0,United Kingdom
15576,New Customers,38,1,940.67,940.67,,43,0,United Kingdom
15577,At Risk,151,5,397.98,79.6,170.1,58,575,United Kingdom
15578,Hibernating,162,1,127.1,127.1,,13,0,United Kingdom
15579,At Risk,69,5,1302.5,260.5,91.9,140,363,United Kingdom
15580,At Risk,377,8,1381.19,172.65,15.8,150,293,United Kingdom
15581,Champions,156,34,4819.35,141.75,25.4,541,581,United Kingdom
15582,New Customers,25,3,682.91,227.64,22.0,39,195,United Kingdom
15583,Hibernating,376,1,107.86,107.86,,37,0,United Kingdom
15584,New Customers,24,6,1277.5,212.92,105.1,174,646,United Kingdom
15585,Hibernating,177,1,455.3,455.3,,31,0,United Kingdom
15586,At Risk,593,3,1139.1,379.7,13.0,30,108,United Kingdom
15587,At Risk,50,7,1522.08,217.44,63.6,3,441,United Kingdom
15588,Hibernating,678,1,579.6,579.6,,4,0,United Kingdom
15589,Hibernating,256,3,478.53,159.51,27.5,28,54,United Kingdom
15590,At Risk,382,5,1496.6,299.32,64.2,75,224,United Kingdom
15591,Hibernating,583,3,217.9,72.63,12.5,6,91,United Kingdom
15592,New Customers,47,1,388.58,388.58,,24,0,United Kingdom
15593,Hibernating,71,1,199.8,199.8,,5,0,United Kingdom
15594,New Customers,16,5,1771.78,354.36,52.1,85,218,United Kingdom
15595,Hibernating,488,1,357.6,357.6,,4,0,United Kingdom
15596,At Risk,101,9,3130.04,347.78,30.6,82,398,United Kingdom
15597,New Customers,35,2,563.37,281.68,,35,540,United Kingdom
15598,New Customers,53,2,548.02,274.01,,32,374,United Kingdom
15599,New Customers,27,3,1250.06,416.69,31.5,77,419,United Kingdom
15600,At Risk,428,4,1199.31,299.83,27.9,55,165,United Kingdom
15601,Champions,11,30,14960.12,498.67,17.1,310,727,United Kingdom
15602,Champions,8,16,3230.51,201.91,41.9,62,729,United Kingdom
15603,Hibernating,79,2,88.48,44.24,,4,569,United Kingdom
15604,Hibernating,52,1,216.39,216.39,,17,0,United Kingdom
15605,At Risk,36,9,1936.8,215.2,65.2,80,658,United Kingdom
15606,Champions,61,17,5230.99,307.71,20.9,84,586,United Kingdom
15607,At Risk,337,9,1708.97,189.89,64.0,95,364,United Kingdom
15608,New Customers,28,5,1785.98,357.2,116.4,93,387,United Kingdom
15609,Hibernating,184,1,298.48,298.48,,16,0,United Kingdom
15610,Hibernating,52,1,112.46,112.46,,6,0,United Kingdom
15611,Champions,10,24,2976.28,124.01,18.6,42,673,United Kingdom
15612,New Customers,36,2,195.15,97.58,,4,25,United Kingdom
15613,Hibernating,610,1,433.72,433.72,,27,0,United Kingdom
15614,At Risk,438,4,3147.36,786.84,51.4,73,188,United Kingdom
15615,Champions,10,47,21373.97,454.77,12.9,292,726,United Kingdom
15616,Hibernating,438,1,317.11,317.11,,13,0,United Kingdom
15617,At Risk,396,3,828.55,276.18,36.5,41,111,United Kingdom
15618,New Customers,33,4,776.85,194.21,25.4,38,103,United Kingdom
15619,New Customers,11,1,336.4,336.4,,3,0,United Kingdom
15620,At Risk,57,4,1942.36,485.59,48.3,114,353,United Kingdom
15621,New Customers,4,4,1293.03,323.26,4.2,11,17,United Kingdom
15622,Champions,43,17,7852.61,461.92,46.9,331,602,United Kingdom
15623,At Risk,141,8,2437.05,304.63,70.1,91,588,United Kingdom
15624,At Risk,117,4,588.13,147.03,21.4,26,139,United Kingdom
15625,At Risk,104,9,3236.4,359.6,42.4,106,438,United Kingdom
15626,At Risk,75,3,1067.52,355.84,81.5,73,346,United Kingdom
15627,Hibernating,457,2,566.9,283.45,,23,65,United Kingdom
15628,Champions,5,17,5652.26,332.49,25.1,136,721,United Kingdom
15629,At Risk,450,4,2240.9,560.22,19.9,39,82,United Kingdom
15630,New Customers,45,3,1481.4,493.8,140.5,76,599,United Kingdom
15631,Hibernating,642,1,596.67,596.67,,39,0,United Kingdom
15632,Champions,16,8,3285.31,410.66,13.1,107,259,United Kingdom
15633,At Risk,509,13,4352.46,334.8,10.3,77,221,United Kingdom
15634,New Customers,17,2,554.65,277.33,,34,366,United Kingdom
15635,Hibernating,396,1,100.35,100.35,,2,0,United Kingdom
15636,At Risk,90,4,1444.58,361.14,25.2,39,479,United Kingdom
15637,New Customers,53,5,797.59,159.52,113.9,37,671,United Kingdom
15638,At Risk,379,6,2265.2,377.53,57.9,20,231,United Kingdom
15639,At Risk,134,3,1065.08,355.03,81.5,61,471,United Kingdom
15640,Champions,4,29,23922.78,824.92,19.5,302,720,United Kingdom
15641,At Risk,105,12,5345.55,445.46,38.6,249,627,United Kingdom
15642,Hibernating,730,1,105.78,105.78,,6,0,United Kingdom
15643,At Risk,192,3,664.0,221.33,45.5,31,90,United Kingdom
15644,At Risk,166,4,813.0,203.25,41.3,166,94,United Kingdom
15645,New Customers,19,3,1054.75,351.58,192.5,58,406,United Kingdom
15646,At Risk,158,5,974.61,194.92,46.2,65,252,United Kingdom
15647,Hibernating,415,1,169.0,169.0,,11,0,United Kingdom
15648,Hibernating,204,2,657.35,328.68,,23,62,United Kingdom
15649,At Risk,336,4,2170.35,542.59,10.0,8,50,United Kingdom
15650,Hibernating,522,2,553.88,276.94,,33,106,United Kingdom
15651,New Customers,37,5,1259.06,251.81,84.2,52,559,United Kingdom
15652,At Risk,91,5,1420.34,284.07,115.1,93,393,United Kingdom
15653,New Customers,93,2,877.44,438.72,,4,23,United Kingdom
15654,New Customers,9,2,922.53,461.26,,15,16,United Kingdom
15655,Hibernating,243,1,560.67,560.67,,34,0,United Kingdom
15656,New Customers,45,4,748.5,187.12,38.8,46,238,United Kingdom
15657,Hibernating,23,1,30.0,30.0,,1,0,United Kingdom
15658,At Risk,190,8,2423.47,302.93,67.7,79,546,United Kingdom
15659,New Customers,44,3,532.49,177.5,38.0,14,609,United Kingdom
15660,Champions,25,15,2812.99,187.53,29.7,73,647,United Kingdom
15661,At Risk,317,8,1215.95,151.99,17.0,27,261,United Kingdom
15662,Hibernating,661,2,283.73,141.86,,12,77,United Kingdom
15663,Hibernating,106,1,138.14,138.14,,9,0,United Kingdom
15664,At Risk,51,4,1231.53,307.88,143.4,53,598,United Kingdom
15665,At Risk,168,5,4015.12,803.02,48.0,163,466,United Kingdom
15666,Hibernating,472,2,632.94,316.47,,62,23,United Kingdom
15667,New Customers,40,1,301.32,301.32,,13,0,United Kingdom
15668,Hibernating,218,1,76.32,76.32,,1,0,United Kingdom
15669,New Customers,40,4,684.34,171.08,9.8,31,223,United Kingdom
15670,Hibernating,297,2,325.2,162.6,,19,259,United Kingdom
15671,Champions,19,7,2657.13,379.59,39.6,52,252,United Kingdom
15672,Hibernating,725,1,45.3,45.3,,3,0,United Kingdom
15673,At Risk,88,9,6414.79,712.75,29.0,177,567,United Kingdom
15674,Champions,73,12,6613.52,551.13,48.5,261,657,United Kingdom
15675,At Risk,81,4,542.04,135.51,23.8,32,322,United Kingdom
15676,New Customers,19,3,3435.76,1145.25,115.5,191,265,United Kingdom
15677,New Customers,49,3,1305.63,435.21,165.0,63,414,United Kingdom
15678,At Risk,53,3,1893.89,631.3,108.0,77,469,United Kingdom
15679,New Customers,24,4,781.28,195.32,51.2,98,158,United Kingdom
15680,Champions,9,10,4507.58,450.76,89.7,155,728,United Kingdom
15681,Champions,25,14,2989.7,213.55,48.5,48,539,United Kingdom
15682,Hibernating,599,2,318.24,159.12,,25,88,United Kingdom
15683,Hibernating,117,2,524.54,262.27,,25,356,United Kingdom
15684,Hibernating,547,3,173.95,57.98,60.0,9,188,United Kingdom
15685,Hibernating,450,1,55.98,55.98,,17,0,United Kingdom
15686,Hibernating,420,1,90.0,90.0,,1,0,United Kingdom
15687,Champions,9,9,2993.1,332.57,38.2,119,321,United Kingdom
15688,Hibernating,419,1,190.57,190.57,,26,0,United Kingdom
15689,At Risk,120,3,521.03,173.68,7.0,20,497,United Kingdom
15690,New Customers,4,2,239.76,119.88,,19,96,United Kingdom
15691,At Risk,252,4,571.3,142.82,24.5,12,480,United Kingdom
15692,New Customers,28,1,191.04,191.04,,12,0,United Kingdom
15693,Hibernating,659,1,37.5,37.5,,1,0,United Kingdom
15694,Champions,1,23,10795.81,469.38,34.2,54,731,United Kingdom
15695,At Risk,267,4,1131.04,282.76,140.5,55,414,United Kingdom
15696,Champions,33,13,3906.57,300.51,42.3,163,650,United Kingdom
15697,Hibernating,690,1,246.75,246.75,,14,0,United Kingdom
15698,Hibernating,624,1,46.2,46.2,,2,0,United Kingdom
15699,New Customers,18,1,309.65,309.65,,18,0,United Kingdom
15700,Hibernating,172,2,696.68,348.34,,85,1,United Kingdom
15701,New Customers,2,4,1542.14,385.54,24.9,193,108,United Kingdom
15702,Hibernating,476,1,112.57,112.57,,29,0,Nigeria
15703,Hibernating,265,1,211.5,211.5,,5,0,United Kingdom
15704,At Risk,140,6,3817.96,636.33,102.6,129,442,United Kingdom
15705,Hibernating,201,1,143.1,143.1,,6,0,United Kingdom
15706,At Risk,64,4,1060.56,265.14,17.0,50,52,United Kingdom
15707,New Customers,35,4,945.58,236.4,6.4,126,51,United Kingdom
15708,Champions,41,9,4378.72,486.52,27.9,135,384,United Kingdom
15709,Hibernating,284,2,327.85,163.92,,26,305,United Kingdom
15710,Hibernating,417,1,898.87,898.87,,110,0,United Kingdom
15711,Hibernating,557,2,420.25,210.12,,25,128,United Kingdom
15712,Champions,9,12,3472.41,289.37,31.0,86,729,United Kingdom
15713,At Risk,143,4,1010.79,252.7,64.3,48,580,United Kingdom
15714,New Customers,12,5,784.81,156.96,142.3,45,543,United Kingdom
15715,At Risk,556,5,658.02,131.6,17.2,33,63,United Kingdom
15716,At Risk,146,11,3054.29,277.66,29.8,187,586,United Kingdom
15717,At Risk,234,5,607.0,121.4,57.3,17,358,United Kingdom
15718,Hibernating,540,1,293.79,293.79,,18,0,United Kingdom
15719,Champions,33,31,10221.41,329.72,9.0,448,705,United Kingdom
15720,New Customers,24,2,741.92,370.96,,152,525,United Kingdom
15721,New Customers,12,1,507.08,507.08,,80,0,United Kingdom
15722,Champions,36,11,5258.1,478.01,54.1,91,604,United Kingdom
15723,At Risk,365,4,947.65,236.91,39.1,108,209,United Kingdom
15724,Hibernating,201,3,310.85,103.62,16.5,17,199,United Kingdom
15725,New Customers,15,1,415.25,415.25,,32,0,United Kingdom
15726,Hibernating,390,1,321.91,321.91,,23,0,United Kingdom
15727,Champions,17,15,9445.51,629.7,34.3,426,668,United Kingdom
15728,Hibernating,380,2,544.6,272.3,,10,64,United Kingdom
15729,Hibernating,213,3,192.55,64.18,92.5,10,190,United Kingdom
15730,At Risk,66,5,1726.58,345.32,57.8,102,365,United Kingdom
15731,Hibernating,554,1,125.3,125.3,,8,0,United Kingdom
15732,At Risk,212,10,1682.07,168.21,56.7,53,461,United Kingdom
15733,Hibernating,283,1,162.3,162.3,,10,0,United Kingdom
15734,At Risk,115,4,2263.3,565.83,65.6,36,432,United Kingdom
15735,Hibernating,421,1,327.68,327.68,,19,0,United Kingdom
15736,At Risk,435,2,1815.72,907.86,,95,0,United Kingdom
15737,New Customers,15,8,1205.12,150.64,26.3,60,228,United Kingdom
15738,Champions,19,41,13372.97,326.17,12.0,70,710,United Kingdom
15739,New Customers,66,1,449.12,449.12,,8,0,United Kingdom
15740,Hibernating,49,1,154.88,154.88,,9,0,United Kingdom
15741,Hibernating,458,2,208.62,104.31,,11,160,United Kingdom
15742,Hibernating,619,1,156.87,156.87,,41,0,United Kingdom
15743,New Customers,16,4,784.46,196.12,24.8,59,168,United Kingdom
15744,Hibernating,78,1,34.8,34.8,,3,0,United Kingdom
15745,New Customers,19,4,1094.59,273.65,65.0,57,217,United Kingdom
15746,Hibernating,134,1,196.88,196.88,,28,0,United Kingdom
15747,Champions,13,9,2562.61,284.73,50.9,116,678,United Kingdom
15748,New Customers,40,3,614.76,204.92,204.5,34,408,United Kingdom
15749,At Risk,235,3,44534.3,14844.77,48.5,5,97,United Kingdom
15750,Champions,3,18,6797.19,377.62,44.1,388,735,United Kingdom
15751,At Risk,461,11,1380.44,125.49,30.7,90,272,United Kingdom
15752,Champions,40,9,4207.54,467.5,28.5,359,417,United Kingdom
15753,Hibernating,305,1,79.2,79.2,,1,0,United Kingdom
15754,At Risk,51,9,3037.61,337.51,87.0,114,604,United Kingdom
15755,Champions,10,17,5993.12,352.54,27.9,281,725,United Kingdom
15756,New Customers,61,4,532.96,133.24,22.5,160,187,United Kingdom
15757,At Risk,66,6,2940.36,490.06,52.9,162,481,United Kingdom
15758,New Customers,25,1,205.25,205.25,,9,0,United Kingdom
15759,At Risk,218,7,830.93,118.7,53.2,10,519,United Kingdom
15761,Hibernating,443,1,143.05,143.05,,5,0,United Kingdom
15762,New Customers,65,2,583.75,291.88,,37,12,United Kingdom
15763,New Customers,32,2,1086.92,543.46,,58,45,United Kingdom
15764,At Risk,88,8,4503.08,562.88,53.4,187,390,United Kingdom
15765,Hibernating,667,1,370.63,370.63,,25,0,United Kingdom
15766,New Customers,64,3,831.06,277.02,83.0,21,618,United Kingdom
15768,Champions,116,34,15601.09,458.86,43.5,437,620,United Kingdom
15769,Champions,7,46,88704.32,1928.35,13.8,26,721,United Kingdom
15770,Hibernating,613,1,321.45,321.45,,18,0,United Kingdom
15771,At Risk,604,3,1006.54,335.51,36.5,26,89,United Kingdom
15772,Hibernating,418,1,280.88,280.88,,16,0,United Kingdom
15773,New Customers,6,2,774.52,387.26,,46,403,United Kingdom
15774,At Risk,69,6,1328.69,221.45,117.3,87,587,United Kingdom
15775,Hibernating,245,2,150.5,75.25,,9,386,United Kingdom
15776,Hibernating,133,1,241.62,241.62,,18,0,United Kingdom
15777,At Risk,241,7,1762.61,251.8,48.9,29,327,United Kingdom
15778,Hibernating,431,1,307.95,307.95,,17,0,United Kingdom
15779,Hibernating,463,2,124.08,62.04,,8,69,United Kingdom
15780,Hibernating,184,3,475.28,158.43,28.0,26,174,United Kingdom
15781,New Customers,25,3,345.46,115.15,28.0,20,280,United Kingdom
15782,New Customers,10,4,4014.1,1003.52,141.9,51,420,United Kingdom
15783,New Customers,11,1,246.3,246.3,,14,0,United Kingdom
15784,Hibernating,468,2,848.33,424.16,,33,204,United Kingdom
15785,Champions,33,16,5969.93,373.12,36.3,102,691,United Kingdom
15786,At Risk,46,5,8514.82,1702.96,112.4,358,490,United Kingdom
15787,New Customers,26,3,948.05,316.02,17.5,156,35,United Kingdom
15788,Hibernating,509,1,221.83,221.83,,14,0,United Kingdom
15789,At Risk,358,6,1962.01,327.0,28.5,110,265,United Kingdom
15790,New Customers,10,1,220.85,220.85,,34,0,United Kingdom
15791,At Risk,44,5,3608.34,721.67,110.1,121,598,United Kingdom
15792,Hibernating,400,2,933.84,466.92,,57,218,United Kingdom
15793,Champions,15,8,2399.57,299.95,65.4,12,723,United Kingdom
15794,Hibernating,736,2,777.0,388.5,,15,0,United Kingdom
15795,At Risk,150,8,1979.87,247.48,95.8,111,540,United Kingdom
15796,Champions,1,17,5174.83,304.4,25.5,137,617,United Kingdom
15797,At Risk,113,5,2806.08,561.22,78.1,11,568,United Kingdom
15798,At Risk,493,3,1535.37,511.79,58.5,73,188,United Kingdom
15799,At Risk,76,4,1424.29,356.07,26.7,143,342,United Kingdom
15800,At Risk,107,7,1242.58,177.51,87.4,198,511,United Kingdom
15801,New Customers,46,3,1063.95,354.65,17.5,61,63,United Kingdom
15803,At Risk,51,4,1929.66,482.42,153.5,48,624,United Kingdom
15804,Champions,1,13,4206.39,323.57,10.5,170,198,United Kingdom
15805,Champions,23,30,10189.23,339.64,27.6,337,706,United Kingdom
15806,New Customers,46,3,784.58,261.53,4.0,24,230,United Kingdom
15807,At Risk,50,5,1817.52,363.5,143.2,85,615,United Kingdom
15808,Champions,306,21,18409.93,876.66,10.1,348,431,United Kingdom
15809,At Risk,36,7,1274.44,182.06,51.7,51,499,United Kingdom
15810,At Risk,79,8,2999.04,374.88,35.3,89,594,United Kingdom
15811,Champions,22,7,3796.92,542.42,34.7,204,365,United Kingdom
15812,At Risk,107,12,5201.47,433.46,24.1,87,617,United Kingdom
15813,At Risk,208,2,1303.91,651.95,,40,31,United Kingdom
15814,Champions,17,6,2634.44,439.07,136.7,83,586,United Kingdom
15815,At Risk,64,5,2100.6,420.12,26.4,33,196,United Kingdom
15816,Hibernating,542,2,144.15,72.07,,11,0,United Kingdom
15817,At Risk,421,3,2766.4,922.13,10.5,133,122,United Kingdom
15818,Hibernating,588,1,340.5,340.5,,11,0,United Kingdom
15819,Champions,49,10,3934.79,393.48,46.2,182,582,United Kingdom
15820,Hibernating,320,1,206.98,206.98,,17,0,United Kingdom
15821,New Customers,44,2,570.96,285.48,,57,17,United Kingdom
15822,New Customers,3,6,1840.06,306.68,114.0,46,729,United Kingdom
15823,At Risk,729,2,3867.17,1933.58,,154,2,United Kingdom
15824,Hibernating,453,2,890.94,445.47,,24,78,United Kingdom
15825,Hibernating,172,1,532.94,532.94,,20,0,United Kingdom
15826,At Risk,56,4,2598.28,649.57,146.6,100,511,United Kingdom
15827,Champions,73,28,3794.07,135.5,20.3,124,627,United Kingdom
15828,Hibernating,375,1,1108.82,1108.82,,74,0,United Kingdom
15829,New Customers,99,2,636.14,318.07,,44,41,United Kingdom
15830,New Customers,38,1,576.0,576.0,,39,0,United Kingdom
15831,New Customers,58,3,801.76,267.25,67.0,63,265,United Kingdom
15832,Hibernating,254,1,836.79,836.79,,54,0,United Kingdom
15833,Hibernating,738,1,80.4,80.4,,5,0,United Kingdom
15834,At Risk,70,7,3770.49,538.64,46.2,332,354,United Kingdom
15835,New Customers,44,4,954.09,238.52,21.7,47,286,United Kingdom
15836,Hibernating,50,1,137.37,137.37,,10,0,United Kingdom
15837,New Customers,65,2,777.01,388.5,,52,420,United Kingdom
15838,Champions,11,34,74163.0,2181.26,21.0,61,713,United Kingdom
15839,New Customers,33,3,1048.49,349.5,10.5,56,114,United Kingdom
15840,New Customers,59,2,355.56,177.78,,26,113,United Kingdom
15841,At Risk,73,9,2742.41,304.71,60.0,60,657,United Kingdom
15842,Hibernating,393,2,548.8,274.4,,24,134,United Kingdom
15843,Hibernating,304,1,118.95,118.95,,8,0,United Kingdom
15844,Hibernating,46,1,130.74,130.74,,11,0,United Kingdom
15845,Champions,18,11,4426.28,402.39,48.6,129,664,United Kingdom
15846,Hibernating,385,1,107.01,107.01,,27,0,United Kingdom
15847,New Customers,38,5,822.57,164.51,87.5,39,603,United Kingdom
15848,Hibernating,622,1,139.94,139.94,,34,0,United Kingdom
15850,New Customers,19,6,1058.72,176.45,68.8,269,707,United Kingdom
15851,Hibernating,527,1,109.73,109.73,,8,0,United Kingdom
15852,Hibernating,187,3,257.26,85.75,159.0,31,340,United Kingdom
15853,Hibernating,52,1,110.8,110.8,,29,0,United Kingdom
15854,Champions,4,21,5583.81,265.9,29.6,168,725,United Kingdom
15855,At Risk,137,6,1052.72,175.45,73.0,72,339,United Kingdom
15856,Champions,4,52,34219.08,658.06,12.9,383,732,United Kingdom
15857,New Customers,19,2,570.48,285.24,,21,411,United Kingdom
15858,Champions,16,13,3960.37,304.64,50.6,273,714,United Kingdom
15859,Hibernating,432,1,438.46,438.46,,22,0,United Kingdom
15860,Champions,41,17,2502.71,147.22,38.9,248,692,United Kingdom
15861,Champions,12,12,4393.49,366.12,62.0,451,667,United Kingdom
15862,Champions,8,13,2923.14,224.86,54.0,416,714,United Kingdom
15863,New Customers,26,5,358.7,71.74,152.6,74,697,United Kingdom
15864,Champions,22,7,2180.76,311.54,42.7,18,358,United Kingdom
15865,At Risk,41,5,2248.92,449.78,89.6,119,662,United Kingdom
15866,Hibernating,101,1,230.53,230.53,,43,0,United Kingdom
15867,Champions,5,31,9010.52,290.66,14.2,546,719,United Kingdom
15868,Hibernating,583,1,94.53,94.53,,4,0,United Kingdom
15869,Hibernating,277,3,323.66,107.89,174.5,29,349,United Kingdom
15870,New Customers,33,4,862.61,215.65,161.1,127,413,United Kingdom
15871,Hibernating,437,1,33.1,33.1,,5,0,United Kingdom
15872,New Customers,15,4,795.68,198.92,148.7,164,535,United Kingdom
15873,Hibernating,500,4,313.92,78.48,0.5,3,1,United Kingdom
15874,Champions,64,21,11284.76,537.37,33.8,262,637,United Kingdom
15875,Hibernating,646,1,111.72,111.72,,18,0,United Kingdom
15876,At Risk,409,2,1449.14,724.57,,11,39,United Kingdom
15877,New Customers,2,2,493.28,246.64,,122,16,United Kingdom
15878,Hibernating,562,2,330.77,165.38,,47,171,United Kingdom
15879,At Risk,404,4,1157.3,289.32,43.6,171,317,United Kingdom
15880,Hibernating,369,1,686.56,686.56,,95,0,United Kingdom
15881,At Risk,312,5,501.39,100.28,20.8,26,52,United Kingdom
15882,At Risk,199,8,1491.42,186.43,69.2,48,530,United Kingdom
15883,New Customers,2,2,396.48,198.24,,42,31,United Kingdom
15884,Hibernating,432,2,249.7,124.85,,14,303,United Kingdom
15885,At Risk,93,13,1921.82,147.83,74.3,81,594,United Kingdom
15886,At Risk,60,4,1052.87,263.22,145.3,58,537,United Kingdom
15887,At Risk,407,3,1027.15,342.38,20.5,27,148,United Kingdom
15888,New Customers,81,3,423.49,141.16,97.0,32,446,United Kingdom
15889,At Risk,157,8,1782.33,222.79,87.4,255,572,United Kingdom
15890,At Risk,395,5,535.65,107.13,86.9,10,210,United Kingdom
15891,Hibernating,227,1,521.97,521.97,,59,0,United Kingdom
15892,Hibernating,669,1,128.2,128.2,,38,0,United Kingdom
15893,Hibernating,482,1,305.28,305.28,,1,0,United Kingdom
15894,Hibernating,253,2,418.99,209.5,,34,115,United Kingdom
15895,Hibernating,150,1,179.17,179.17,,11,0,United Kingdom
15897,Hibernating,194,2,222.05,111.02,,17,0,United Kingdom
15898,Champions,1,25,5592.56,223.7,46.1,280,726,United Kingdom
15899,Hibernating,369,1,112.5,112.5,,4,0,United Kingdom
15900,New Customers,24,4,900.4,225.1,159.5,100,539,United Kingdom
15901,New Customers,17,6,683.39,113.9,98.9,144,527,United Kingdom
15902,Hibernating,380,1,145.01,145.01,,18,0,United Kingdom
15903,Champions,10,12,8939.84,744.99,63.3,58,684,United Kingdom
15904,New Customers,8,1,164.68,164.68,,30,0,United Kingdom
15905,Hibernating,543,1,114.69,114.69,,22,0,United Kingdom
15906,Champions,20,10,2555.64,255.56,35.9,143,431,United Kingdom
15907,New Customers,4,3,966.6,322.2,69.5,174,206,United Kingdom
15908,Hibernating,491,2,764.57,382.28,,37,21,United Kingdom
15909,Hibernating,174,1,191.94,191.94,,7,0,United Kingdom
15910,Champions,1,15,2681.8,178.79,22.8,394,686,United Kingdom
15911,At Risk,624,8,1685.89,210.74,11.3,161,106,United Kingdom
15912,At Risk,178,9,1074.7,119.41,70.5,83,551,United Kingdom
15913,Hibernating,534,1,6.3,6.3,,1,0,United Kingdom
15914,Hibernating,378,2,205.99,102.99,,13,0,United Kingdom
15915,Hibernating,402,1,429.0,429.0,,104,0,United Kingdom
15916,Champions,16,13,3427.17,263.63,44.0,227,712,United Kingdom
15917,At Risk,248,5,560.63,112.13,143.6,127,489,United Kingdom
15918,At Risk,191,3,582.88,194.29,139.5,49,441,United Kingdom
15919,New Customers,20,2,910.61,455.31,,103,349,United Kingdom
15920,At Risk,154,8,567.69,70.96,90.0,92,571,United Kingdom
15921,At Risk,173,4,792.46,198.12,95.5,68,468,United Kingdom
15922,Hibernating,373,1,739.0,739.0,,11,0,United Kingdom
15923,Hibernating,373,1,254.16,254.16,,21,0,United Kingdom
15924,Hibernating,731,1,102.82,102.82,,14,0,United Kingdom
15925,Hibernating,194,1,207.15,207.15,,12,0,United Kingdom
15926,Hibernating,542,1,134.44,134.44,,7,0,United Kingdom
15927,Hibernating,647,1,123.39,123.39,,13,0,United Kingdom
15928,Hibernating,656,1,293.53,293.53,,11,0,United Kingdom
15929,Hibernating,644,1,594.0,594.0,,1,0,United Kingdom
15930,Hibernating,67,1,426.63,426.63,,21,0,United Kingdom
15931,Hibernating,428,1,239.9,239.9,,14,0,United Kingdom
15932,Champions,4,8,2495.87,311.98,22.3,93,285,United Kingdom
15933,New Customers,21,3,1107.46,369.15,17.5,63,65,United Kingdom
15934,At Risk,418,2,2190.66,1095.33,,29,11,United Kingdom
15935,Hibernating,239,1,108.04,108.04,,11,0,United Kingdom
15936,Hibernating,379,2,282.79,141.4,,16,88,United Kingdom
15937,Hibernating,64,1,145.35,145.35,,7,0,United Kingdom
15938,At Risk,112,9,734.81,81.65,36.3,27,444,United Kingdom
15939,Champions,90,15,9004.84,600.32,12.0,50,284,United Kingdom
15940,Hibernating,311,1,35.8,35.8,,1,0,United Kingdom
15941,Hibernating,637,1,405.0,405.0,,6,0,United Kingdom
15942,Hibernating,134,1,337.44,337.44,,14,0,United Kingdom
15943,Hibernating,650,2,271.29,135.64,,12,28,United Kingdom
15944,At Risk,277,4,2164.24,541.06,65.2,25,449,United Kingdom
15945,At Risk,365,4,827.27,206.82,91.2,24,372,United Kingdom
15946,At Risk,503,3,2304.18,768.06,65.5,25,131,United Kingdom
15947,New Customers,83,1,1708.24,1708.24,,29,0,United Kingdom
15948,New Customers,8,3,1509.09,503.03,173.0,63,416,United Kingdom
15949,New Customers,17,2,364.72,182.36,,12,54,United Kingdom
15950,Champions,32,10,7180.71,718.07,68.5,225,650,United Kingdom
15951,New Customers,9,3,1013.17,337.72,90.5,44,372,United Kingdom
15952,New Customers,34,4,806.57,201.64,22.9,65,191,United Kingdom
15953,Champions,15,18,3669.55,203.86,38.8,102,721,United Kingdom
15954,Hibernating,589,1,187.8,187.8,,19,0,United Kingdom
15955,Champions,24,22,8658.36,393.56,36.4,222,629,United Kingdom
15956,Hibernating,551,2,617.6,308.8,,18,175,United Kingdom
15957,New Customers,32,3,930.1,310.03,194.5,121,389,United Kingdom
15958,New Customers,74,4,492.99,123.25,129.9,50,476,United Kingdom
15959,Hibernating,682,3,579.49,193.16,0.0,58,0,United Kingdom
15960,Hibernating,374,4,410.95,102.74,15.0,24,61,United Kingdom
15961,Hibernating,379,1,451.29,451.29,,42,0,United Kingdom
15962,Hibernating,449,1,295.83,295.83,,43,0,United Kingdom
15963,New Customers,20,2,470.76,235.38,,26,25,United Kingdom
15964,Hibernating,663,1,272.96,272.96,,20,0,United Kingdom
15965,Champions,17,13,3013.09,231.78,89.1,202,719,United Kingdom
15966,Hibernating,451,1,426.53,426.53,,27,0,United Kingdom
15967,Champions,23,12,3041.6,253.47,76.9,316,715,United Kingdom
15968,Hibernating,388,1,415.3,415.3,,69,0,United Kingdom
15969,New Customers,3,5,1127.05,225.41,70.9,31,519,United Kingdom
15970,At Risk,304,2,1017.32,508.66,,19,295,United Kingdom
15971,Champions,18,18,5897.88,327.66,68.1,11,714,United Kingdom
15972,At Risk,456,5,1810.27,362.05,36.0,104,143,United Kingdom
15973,Hibernating,367,2,973.44,486.72,,7,62,United Kingdom
15974,At Risk,39,7,3442.15,491.74,18.5,141,249,United Kingdom
15975,Hibernating,84,1,371.01,371.01,,24,0,United Kingdom
15976,At Risk,165,6,1732.54,288.76,57.4,264,385,United Kingdom
15977,New Customers,17,2,1054.73,527.36,,48,21,United Kingdom
15978,At Risk,77,3,3279.42,1093.14,71.5,107,567,United Kingdom
15979,Hibernating,603,1,329.22,329.22,,22,0,United Kingdom
15980,At Risk,89,7,6593.68,941.95,92.3,101,467,United Kingdom
15981,Champions,25,21,9362.77,445.85,23.2,151,595,United Kingdom
15982,Hibernating,605,1,324.51,324.51,,45,0,United Kingdom
15983,Champions,22,8,3958.82,494.85,148.4,137,711,United Kingdom
15984,Champions,3,30,8759.32,291.98,26.2,458,735,United Kingdom
15985,At Risk,123,7,2715.28,387.9,66.3,50,438,United Kingdom
15986,New Customers,30,2,354.42,177.21,,25,351,United Kingdom
15987,Champions,12,8,1682.13,210.27,51.4,143,367,United Kingdom
15988,New Customers,19,3,767.59,255.86,213.5,113,637,United Kingdom
15989,Hibernating,376,2,372.51,186.26,,81,361,United Kingdom
15990,At Risk,44,7,2010.05,287.15,93.0,117,605,United Kingdom
15991,Hibernating,534,1,150.55,150.55,,6,0,United Kingdom
15992,New Customers,4,3,896.6,298.87,168.0,53,449,United Kingdom
15993,Champions,9,7,2788.87,398.41,4.4,334,35,United Kingdom
15994,New Customers,55,3,1202.18,400.73,66.5,93,581,United Kingdom
15995,Hibernating,414,1,696.19,696.19,,108,0,United Kingdom
15996,At Risk,88,7,1686.9,240.99,28.5,140,308,United Kingdom
15998,Champions,37,16,8308.34,519.27,30.5,682,702,United Kingdom
15999,Hibernating,736,1,20.4,20.4,,1,0,United Kingdom
16000,Champions,3,3,12393.7,4131.23,0.0,9,0,United Kingdom
16001,Hibernating,381,1,583.39,583.39,,29,0,United Kingdom
16002,Hibernating,625,1,169.21,169.21,,42,0,United Kingdom
16003,Champions,30,10,5613.83,561.38,79.1,146,706,United Kingdom
16004,At Risk,475,5,2146.39,429.28,33.0,63,208,United Kingdom
16005,Champions,12,10,2435.8,243.58,55.5,314,438,United Kingdom
16006,Hibernating,211,2,347.17,173.58,,75,176,United Kingdom
16007,At Risk,48,7,3075.14,439.31,49.7,337,495,United Kingdom
16008,Champions,24,15,5384.13,358.94,49.2,63,606,United Kingdom
16009,New Customers,22,4,992.71,248.18,49.7,68,137,United Kingdom
16010,At Risk,246,11,1724.06,156.73,32.1,122,165,United Kingdom
16011,Champions,8,29,5878.76,202.72,17.5,180,730,United Kingdom
16012,At Risk,35,5,2989.79,597.96,79.5,207,494,United Kingdom
16013,Champions,4,84,57446.44,683.89,11.4,54,728,United Kingdom
16014,New Customers,38,5,1130.27,226.05,63.6,219,639,United Kingdom
16015,New Customers,4,3,705.1,235.03,0.0,145,45,United Kingdom
16016,Champions,3,11,2533.94,230.36,46.0,181,399,United Kingdom
16017,At Risk,47,5,1553.83,310.77,140.4,99,656,United Kingdom
16018,New Customers,39,4,698.13,174.53,80.3,48,693,United Kingdom
16019,Champions,47,27,17465.85,646.88,28.1,256,678,United Kingdom
16020,New Customers,17,3,851.01,283.67,24.5,42,48,United Kingdom
16021,Hibernating,395,2,532.25,266.12,,117,149,United Kingdom
16022,Hibernating,260,1,628.28,628.28,,68,0,United Kingdom
16023,New Customers,46,3,719.81,239.94,36.0,90,220,United Kingdom
16024,New Customers,12,3,478.92,159.64,199.5,77,399,United Kingdom
16025,New Customers,30,1,439.66,439.66,,28,0,United Kingdom
16026,New Customers,43,1,236.09,236.09,,30,0,United Kingdom
16027,At Risk,92,15,2048.36,136.56,41.9,20,608,United Kingdom
16028,Hibernating,596,1,82.2,82.2,,5,0,United Kingdom
16029,Champions,39,106,114066.39,1076.1,7.1,56,692,United Kingdom
16030,Hibernating,310,1,331.24,331.24,,28,0,United Kingdom
16031,New Customers,92,2,548.94,274.47,,91,154,United Kingdom
16032,At Risk,456,6,1970.45,328.41,7.8,130,67,United Kingdom
16033,Champions,6,27,10836.13,401.34,11.8,605,479,United Kingdom
16034,At Risk,196,6,928.72,154.79,45.7,43,213,United Kingdom
16035,Hibernating,560,1,217.73,217.73,,21,0,United Kingdom
16036,At Risk,87,4,2556.84,639.21,14.3,120,533,United Kingdom
16037,At Risk,270,5,1509.34,301.87,58.4,62,378,United Kingdom
16038,New Customers,8,3,471.78,157.26,73.0,24,194,United Kingdom
16039,Hibernating,424,2,456.4,228.2,,27,204,United Kingdom
16040,At Risk,65,7,2416.9,345.27,42.3,95,544,United Kingdom
16041,New Customers,31,3,3166.4,1055.47,55.5,6,110,United Kingdom
16042,Champions,22,8,2265.12,283.14,71.2,88,431,United Kingdom
16043,At Risk,38,8,1856.59,232.07,50.3,56,444,United Kingdom
16044,Hibernating,435,1,340.84,340.84,,19,0,United Kingdom
16045,At Risk,120,8,3434.93,429.37,42.3,111,378,United Kingdom
16046,Hibernating,562,1,235.78,235.78,,22,0,United Kingdom
16048,At Risk,373,4,1075.23,268.81,65.4,30,176,United Kingdom
16049,At Risk,40,6,1899.68,316.61,112.7,383,475,United Kingdom
16050,Hibernating,174,3,300.7,100.23,96.0,19,227,United Kingdom
16051,Hibernating,682,1,188.44,188.44,,12,0,United Kingdom
16052,New Customers,54,1,362.06,362.06,,34,0,United Kingdom
16053,At Risk,33,6,3634.84,605.81,103.9,169,578,United Kingdom
16054,At Risk,145,4,2111.88,527.97,81.9,109,471,United Kingdom
16055,Hibernating,221,1,134.8,134.8,,8,0,United Kingdom
16056,New Customers,45,1,664.85,664.85,,66,0,United Kingdom
16057,Champions,16,10,3854.85,385.48,73.5,175,684,United Kingdom
16058,Hibernating,406,1,62.7,62.7,,2,0,United Kingdom
16059,Champions,66,12,3217.77,268.15,29.5,233,503,United Kingdom
16060,Hibernating,401,3,541.95,180.65,17.0,22,93,United Kingdom
16061,Hibernating,431,1,89.65,89.65,,3,0,United Kingdom
16062,Champions,10,8,2863.45,357.93,48.6,134,526,United Kingdom
16063,Hibernating,260,1,335.32,335.32,,23,0,United Kingdom
16064,Hibernating,725,1,111.0,111.0,,17,0,United Kingdom
16065,At Risk,365,8,2382.62,297.83,11.2,214,97,United Kingdom
16066,New Customers,17,5,1521.87,304.37,20.8,77,107,United Kingdom
16067,At Risk,563,3,3395.29,1131.76,2.5,60,112,United Kingdom
16068,Hibernating,594,1,122.93,122.93,,34,0,United Kingdom
16069,Hibernating,418,1,457.7,457.7,,25,0,United Kingdom
16070,New Customers,22,2,852.15,426.08,,32,9,United Kingdom
16071,New Customers,45,4,1076.8,269.2,199.6,62,610,United Kingdom
16072,At Risk,288,4,4328.89,1082.22,62.0,414,260,United Kingdom
16073,Hibernating,297,1,122.4,122.4,,1,0,United Kingdom
16074,Hibernating,390,1,265.25,265.25,,23,0,United Kingdom
16075,Hibernating,503,2,736.93,368.46,,41,61,United Kingdom
16076,Champions,3,10,2234.73,223.47,20.3,71,205,United Kingdom
16077,Hibernating,626,1,2300.4,2300.4,,8,0,United Kingdom
16078,Hibernating,284,2,362.99,181.5,,39,385,United Kingdom
16079,New Customers,17,3,1352.0,450.67,5.0,18,23,United Kingdom
16080,At Risk,82,4,602.56,150.64,52.9,29,368,United Kingdom
16081,At Risk,56,8,4460.18,557.52,48.4,235,618,United Kingdom
16082,Hibernating,670,1,106.75,106.75,,16,0,United Kingdom
16083,At Risk,101,4,2351.42,587.86,116.1,61,287,United Kingdom
16084,Hibernating,299,1,436.18,436.18,,38,0,United Kingdom
16085,Champions,23,12,2327.21,193.93,44.2,258,664,United Kingdom
16086,At Risk,59,10,2864.99,286.5,40.2,66,677,United Kingdom
16087,At Risk,389,5,1739.92,347.98,75.1,6,300,United Kingdom
16088,At Risk,576,2,1437.43,718.71,,3,15,United Kingdom
16089,Hibernating,386,2,271.44,135.72,,42,122,United Kingdom
16090,Hibernating,624,1,205.91,205.91,,18,0,United Kingdom
16091,Hibernating,155,2,315.06,157.53,,16,43,United Kingdom
16092,At Risk,115,6,1587.94,264.66,83.7,60,464,United Kingdom
16093,Hibernating,107,1,17.0,17.0,,1,0,United Kingdom
16094,Champions,12,11,3695.56,335.96,60.3,101,590,United Kingdom
16095,Hibernating,456,1,447.05,447.05,,30,0,United Kingdom
16096,At Risk,264,4,1584.97,396.24,50.2,58,380,United Kingdom
16097,Hibernating,240,1,185.05,185.05,,10,0,United Kingdom
16098,Champions,88,14,4448.1,317.72,15.4,83,637,United Kingdom
16099,At Risk,50,7,1573.2,224.74,43.3,44,596,United Kingdom
16100,Hibernating,463,1,582.64,582.64,,37,0,United Kingdom
16101,At Risk,71,4,3229.16,807.29,142.3,153,490,United Kingdom
16102,New Customers,42,3,1842.14,614.05,13.0,41,86,United Kingdom
16103,Champions,7,22,6191.71,281.44,34.1,111,693,United Kingdom
16104,At Risk,62,9,2778.61,308.73,109.9,187,671,United Kingdom
16105,At Risk,249,5,2386.19,477.24,59.0,92,355,United Kingdom
16106,Hibernating,66,1,108.38,108.38,,6,0,United Kingdom
16107,Champions,18,7,3204.16,457.74,15.0,16,165,United Kingdom
16108,At Risk,85,4,2235.92,558.98,125.3,124,546,United Kingdom
16109,At Risk,219,3,939.48,313.16,150.0,30,479,United Kingdom
16110,At Risk,45,4,1819.27,454.82,77.8,343,477,United Kingdom
16111,Hibernating,428,1,562.48,562.48,,72,0,United Kingdom
16112,Hibernating,143,4,195.74,48.94,80.0,15,195,United Kingdom
16113,Hibernating,183,1,161.38,161.38,,30,0,United Kingdom
16114,Hibernating,171,1,135.75,135.75,,8,0,United Kingdom
16115,Champions,10,12,2575.14,214.6,24.6,230,564,United Kingdom
16116,Hibernating,212,1,612.78,612.78,,34,0,United Kingdom
16117,At Risk,190,3,654.4,218.13,12.0,64,401,United Kingdom
16118,At Risk,653,1,4376.25,4376.25,,41,0,United Kingdom
16119,Champions,8,8,1720.81,215.1,98.1,37,715,United Kingdom
16120,At Risk,59,6,3056.91,509.49,145.2,84,362,United Kingdom
16121,At Risk,57,5,1477.09,295.42,73.7,256,508,United Kingdom
16122,At Risk,73,6,1001.34,166.89,76.1,28,352,United Kingdom
16123,New Customers,52,1,307.78,307.78,,16,0,United Kingdom
16124,At Risk,317,4,1772.49,443.12,27.2,63,415,United Kingdom
16125,At Risk,367,14,4587.65,327.69,14.9,168,358,United Kingdom
16126,Champions,29,15,14646.8,976.45,27.3,144,708,United Kingdom
16127,New Customers,39,2,801.31,400.66,,75,687,United Kingdom
16128,Champions,18,11,3801.05,345.55,41.8,155,493,United Kingdom
16129,At Risk,407,3,1396.05,465.35,27.0,91,100,United Kingdom
16130,At Risk,422,4,987.48,246.87,47.0,53,195,United Kingdom
16131,Champions,52,12,9957.42,829.78,61.0,131,686,United Kingdom
16132,Hibernating,544,2,664.2,332.1,,14,83,United Kingdom
16133,Champions,4,56,22992.26,410.58,11.8,303,614,United Kingdom
16134,New Customers,22,5,2145.34,429.07,121.5,85,519,United Kingdom
16135,Hibernating,263,2,819.45,409.72,,35,321,United Kingdom
16136,At Risk,60,4,946.8,236.7,150.2,44,603,United Kingdom
16137,Hibernating,680,1,422.7,422.7,,28,0,United Kingdom
16138,At Risk,379,3,910.35,303.45,45.0,35,212,United Kingdom
16139,New Customers,19,5,1111.15,222.23,197.0,47,717,United Kingdom
16140,At Risk,66,3,1557.6,519.2,118.0,50,376,United Kingdom
16141,New Customers,88,2,955.94,477.97,,47,328,United Kingdom
16142,Hibernating,250,1,535.34,535.34,,37,0,United Kingdom
16143,Champions,3,12,4910.83,409.24,27.1,107,726,United Kingdom
16144,Hibernating,247,1,175.2,175.2,,1,0,United Kingdom
16145,Champions,9,19,6805.44,358.18,12.8,217,575,United Kingdom
16146,At Risk,157,4,946.38,236.6,84.4,34,291,United Kingdom
16147,At Risk,134,5,2398.91,479.78,94.9,113,538,United Kingdom
16148,Hibernating,296,2,386.62,193.31,,9,140,United Kingdom
16149,New Customers,5,3,422.22,140.74,74.5,30,424,United Kingdom
16150,Champions,43,10,4395.59,439.56,31.9,143,679,United Kingdom
16152,At Risk,269,1,1829.04,1829.04,,29,0,United Kingdom
16153,Champions,50,11,5133.49,466.68,35.2,161,512,United Kingdom
16155,At Risk,382,5,796.9,159.38,25.5,45,158,United Kingdom
16156,Champions,9,20,6218.18,310.91,26.8,199,728,United Kingdom
16157,New Customers,16,3,656.69,218.9,20.5,12,56,United Kingdom
16158,At Risk,522,9,628.32,69.81,16.9,29,211,United Kingdom
16159,At Risk,282,4,1232.79,308.2,44.6,31,455,United Kingdom
16160,New Customers,65,2,1025.44,512.72,,20,20,United Kingdom
16161,Champions,2,43,12831.8,298.41,12.5,458,668,United Kingdom
16162,Hibernating,252,1,37.4,37.4,,2,0,United Kingdom
16163,At Risk,232,6,2849.58,474.93,63.7,59,505,United Kingdom
16164,New Customers,17,3,822.48,274.16,5.5,27,25,United Kingdom
16165,Hibernating,505,1,79.9,79.9,,1,0,United Kingdom
16166,Hibernating,428,2,435.83,217.92,,18,263,United Kingdom
16167,At Risk,414,5,1386.12,277.22,72.5,51,324,United Kingdom
16168,Champions,11,66,10636.47,161.16,12.6,131,726,United Kingdom
16169,New Customers,8,4,1822.97,455.74,10.7,71,67,United Kingdom
16170,Champions,51,20,6869.0,343.45,32.5,254,608,United Kingdom
16171,Hibernating,59,1,73.2,73.2,,3,0,United Kingdom
16172,At Risk,95,8,1884.55,235.57,73.4,81,417,United Kingdom
16173,New Customers,16,6,1418.32,236.39,10.6,70,82,United Kingdom
16174,At Risk,126,7,2246.75,320.96,117.3,28,476,United Kingdom
16175,At Risk,94,7,1836.44,262.35,69.7,59,469,United Kingdom
16176,At Risk,421,4,2052.69,513.17,33.9,53,198,United Kingdom
16177,At Risk,50,8,2247.31,280.91,124.8,79,596,United Kingdom
16178,Hibernating,138,2,612.6,306.3,,24,263,United Kingdom
16179,Hibernating,61,1,215.83,215.83,,11,0,United Kingdom
16180,Champions,100,13,16249.87,1249.99,58.3,171,434,United Kingdom
16181,Hibernating,73,1,305.54,305.54,,11,0,United Kingdom
16182,Champions,72,9,9971.65,1107.96,32.6,20,568,United Kingdom
16183,At Risk,67,4,1077.81,269.45,151.1,32,340,United Kingdom
16184,At Risk,64,6,1158.79,193.13,14.8,26,147,United Kingdom
16185,New Customers,17,3,644.72,214.91,58.0,39,547,United Kingdom
16186,Champions,23,26,9026.11,347.16,28.1,172,707,United Kingdom
16187,Champions,32,15,6911.44,460.76,14.6,160,252,United Kingdom
16188,At Risk,45,5,1087.66,217.53,53.2,72,364,United Kingdom
16189,New Customers,16,2,215.48,107.74,,9,69,United Kingdom
16190,At Risk,40,8,2723.55,340.44,109.0,89,685,United Kingdom
16191,Champions,3,24,15688.02,653.67,56.4,113,725,United Kingdom
16192,Hibernating,736,1,351.3,351.3,,11,0,United Kingdom
16193,Hibernating,237,2,630.43,315.22,,38,174,United Kingdom
16194,Hibernating,375,1,308.6,308.6,,8,0,United Kingdom
16195,Hibernating,723,1,323.25,323.25,,16,0,United Kingdom
16196,Hibernating,489,1,93.3,93.3,,4,0,United Kingdom
16197,At Risk,469,9,2016.71,224.08,30.3,52,254,United Kingdom
16198,New Customers,75,2,1030.04,515.02,,30,362,United Kingdom
16199,At Risk,392,7,942.75,134.68,22.4,2,238,United Kingdom
16200,Champions,4,12,5643.45,470.29,68.8,361,732,United Kingdom
16201,New Customers,3,5,2112.12,422.42,118.5,86,412,United Kingdom
16202,At Risk,361,9,2501.99,278.0,42.6,105,376,United Kingdom
16203,At Risk,59,6,1114.54,185.76,40.8,56,445,United Kingdom
16204,New Customers,23,3,944.24,314.75,3.0,86,707,United Kingdom
16205,At Risk,31,7,1824.01,260.57,71.2,146,511,United Kingdom
16206,Champions,55,13,2589.57,199.2,40.9,186,629,United Kingdom
16207,New Customers,25,1,394.38,394.38,,19,0,United Kingdom
16208,Champions,45,10,3440.45,344.04,69.2,180,608,United Kingdom
16209,At Risk,89,9,4146.78,460.75,50.0,51,458,United Kingdom
16210,Champions,2,33,38469.51,1165.74,26.7,144,735,United Kingdom
16211,At Risk,89,3,1090.59,363.53,158.0,35,349,United Kingdom
16212,New Customers,19,4,1293.71,323.43,120.2,71,650,United Kingdom
16213,Hibernating,79,1,159.0,159.0,,6,0,United Kingdom
16214,At Risk,171,4,2038.25,509.56,61.0,84,264,United Kingdom
16215,Hibernating,81,1,242.35,242.35,,14,0,United Kingdom
16216,Hibernating,267,1,914.93,914.93,,37,0,United Kingdom
16217,Hibernating,235,2,304.25,152.12,,13,46,United Kingdom
16218,Champions,30,13,4439.97,341.54,39.9,82,531,United Kingdom
16219,Hibernating,501,1,40.8,40.8,,1,0,United Kingdom
16221,Champions,37,9,2234.06,248.23,73.6,176,449,United Kingdom
16222,At Risk,318,2,1345.22,672.61,,133,402,United Kingdom
16223,At Risk,375,2,1102.35,551.17,,101,20,United Kingdom
16224,At Risk,57,5,1616.54,323.31,46.8,107,330,United Kingdom
16225,Champions,45,15,2867.41,191.16,40.2,189,625,United Kingdom
16226,At Risk,203,5,672.17,134.43,53.5,23,210,United Kingdom
16227,At Risk,225,3,1027.22,342.41,114.0,28,310,United Kingdom
16228,At Risk,385,3,890.81,296.94,7.5,45,14,United Kingdom
16229,At Risk,87,6,2867.86,477.98,62.0,144,477,United Kingdom
16230,Hibernating,190,2,542.03,271.02,,32,30,United Kingdom
16231,At Risk,379,4,1078.22,269.56,71.0,69,218,United Kingdom
16232,At Risk,44,7,2712.97,387.57,61.7,60,506,United Kingdom
16233,At Risk,71,9,1965.71,218.41,72.5,49,666,United Kingdom
16234,Hibernating,476,3,333.18,111.06,4.5,13,85,United Kingdom
16235,At Risk,41,8,2043.71,255.46,44.6,79,429,United Kingdom
16236,Hibernating,78,1,432.2,432.2,,20,0,United Kingdom
16237,Hibernating,437,1,136.65,136.65,,7,0,United Kingdom
16238,Hibernating,423,1,63.66,63.66,,6,0,United Kingdom
16239,At Risk,57,6,1492.2,248.7,70.7,24,406,United Kingdom
16240,New Customers,24,2,3718.8,1859.4,,126,53,United Kingdom
16241,Champions,10,16,4326.26,270.39,20.9,499,400,United Kingdom
16242,Champions,8,14,7474.4,533.89,31.6,348,625,United Kingdom
16243,New Customers,34,2,409.1,204.55,,49,21,United Kingdom
16244,At Risk,212,2,2579.38,1289.69,,88,160,United Kingdom
16245,New Customers,24,3,1413.66,471.22,18.5,80,233,United Kingdom
16246,Hibernating,460,2,827.25,413.62,,79,209,United Kingdom
16247,Hibernating,170,1,114.56,114.56,,16,0,United Kingdom
16248,Hibernating,62,1,152.94,152.94,,7,0,United Kingdom
16249,At Risk,53,5,1800.07,360.01,16.0,67,186,United Kingdom
16250,At Risk,261,3,791.38,263.79,49.5,29,125,United Kingdom
16251,Hibernating,512,1,128.31,128.31,,20,0,United Kingdom
16252,Hibernating,383,1,295.09,295.09,,21,0,United Kingdom
16253,At Risk,67,7,7260.15,1037.16,65.2,217,664,United Kingdom
16254,At Risk,378,3,985.14,328.38,4.0,65,253,United Kingdom
16255,Champions,17,15,4906.8,327.12,25.3,231,668,United Kingdom
16256,At Risk,267,3,1579.37,526.46,61.5,26,331,United Kingdom
16257,Hibernating,177,1,21.95,21.95,,1,0,United Kingdom
16258,Champions,45,15,11942.52,796.17,42.8,253,593,United Kingdom
16259,Hibernating,410,3,361.94,120.65,97.5,75,194,United Kingdom
16260,New Customers,51,1,1035.45,1035.45,,18,0,United Kingdom
16261,New Customers,17,6,1059.45,176.58,42.7,118,425,United Kingdom
16262,Hibernating,378,1,755.15,755.15,,46,0,United Kingdom
16263,Hibernating,423,1,351.01,351.01,,19,0,United Kingdom
16264,Hibernating,438,2,837.53,418.76,,62,7,United Kingdom
16265,Champions,9,12,6685.17,557.1,29.4,191,398,United Kingdom
16266,At Risk,74,14,1757.95,125.57,55.0,73,599,United Kingdom
16267,Hibernating,591,1,186.66,186.66,,7,0,United Kingdom
16268,New Customers,71,2,617.65,308.82,,44,0,United Kingdom
16269,Hibernating,438,1,717.57,717.57,,53,0,United Kingdom
16270,Hibernating,353,1,1141.24,1141.24,,54,0,United Kingdom
16271,Champions,16,8,3433.02,429.13,62.3,175,627,United Kingdom
16272,Hibernating,117,1,411.7,411.7,,25,0,United Kingdom
16273,Hibernating,648,2,336.04,168.02,,15,7,United Kingdom
16274,Hibernating,373,1,675.5,675.5,,63,0,United Kingdom
16275,At Risk,197,3,2151.11,717.04,55.5,105,444,United Kingdom
16276,At Risk,177,3,2629.39,876.46,87.5,20,430,United Kingdom
16277,Hibernating,734,1,188.69,188.69,,23,0,United Kingdom
16278,At Risk,100,3,1117.84,372.61,180.5,50,399,United Kingdom
16279,Champions,21,9,5705.08,633.9,55.1,243,575,United Kingdom
16280,Hibernating,725,1,238.05,238.05,,16,0,United Kingdom
16281,At Risk,72,3,3424.02,1141.34,46.0,27,610,United Kingdom
16282,At Risk,340,3,1307.58,435.86,41.5,31,378,United Kingdom
16283,Champions,6,8,4402.12,550.26,56.6,384,643,United Kingdom
16284,New Customers,31,3,1029.77,343.26,162.0,108,362,United Kingdom
16285,Hibernating,646,1,176.9,176.9,,31,0,United Kingdom
16286,Hibernating,477,2,328.95,164.48,,17,146,United Kingdom
16287,At Risk,170,5,1006.98,201.4,76.1,18,519,United Kingdom
16288,Hibernating,470,1,129.85,129.85,,7,0,United Kingdom
16289,Hibernating,462,1,136.31,136.31,,21,0,United Kingdom
16290,At Risk,465,4,2069.3,517.33,20.8,85,101,United Kingdom
16292,At Risk,122,5,1253.76,250.75,80.3,51,482,United Kingdom
16293,Champions,22,15,4657.95,310.53,53.5,168,707,United Kingdom
16294,Hibernating,477,1,126.05,126.05,,8,0,United Kingdom
16295,New Customers,10,4,1328.55,332.14,11.7,70,54,United Kingdom
16296,At Risk,626,4,1313.67,328.42,15.8,56,95,United Kingdom
16297,Hibernating,269,1,301.9,301.9,,20,0,United Kingdom
16298,New Customers,23,7,1085.7,155.1,76.5,32,419,United Kingdom
16299,Hibernating,477,1,193.65,193.65,,12,0,United Kingdom
16300,At Risk,430,3,1392.43,464.14,72.5,190,245,United Kingdom
16301,Hibernating,737,1,107.33,107.33,,6,0,United Kingdom
16302,Hibernating,127,1,233.22,233.22,,11,0,United Kingdom
16303,Champions,26,7,7928.27,1132.61,62.8,156,605,United Kingdom
16304,Hibernating,695,1,381.66,381.66,,25,0,United Kingdom
16305,Hibernating,139,1,361.22,361.22,,22,0,United Kingdom
16306,At Risk,214,7,1192.82,170.4,29.3,55,221,United Kingdom
16307,At Risk,429,3,1194.92,398.31,39.0,69,147,United Kingdom
16308,Champions,38,7,5120.0,731.43,46.2,1,686,United Kingdom
16309,New Customers,106,2,706.57,353.28,,39,134,United Kingdom
16310,Hibernating,414,2,460.08,230.04,,26,227,United Kingdom
16311,New Customers,18,2,616.26,308.13,,35,31,United Kingdom
16312,Hibernating,432,1,171.15,171.15,,10,0,United Kingdom
16313,New Customers,3,2,274.15,137.07,,16,46,United Kingdom
16314,At Risk,390,3,1491.4,497.13,27.5,58,83,United Kingdom
16315,Hibernating,331,2,402.71,201.36,,21,205,United Kingdom
16316,Champions,64,13,5744.91,441.92,30.3,193,428,United Kingdom
16317,At Risk,120,5,2192.51,438.5,88.6,103,465,United Kingdom
16318,New Customers,35,1,328.15,328.15,,19,0,United Kingdom
16319,Hibernating,218,1,404.4,404.4,,3,0,United Kingdom
16320,At Risk,172,6,5628.99,938.16,88.3,193,509,Unspecified
16321,At Risk,72,7,604.55,86.36,119.1,15,666,Australia
16322,New Customers,1,2,326.75,163.38,,28,35,United Kingdom
16323,Hibernating,196,2,353.66,176.83,,4,381,United Kingdom
16324,Hibernating,128,3,428.68,142.89,24.5,100,48,United Kingdom
16325,Champions,47,12,3597.5,299.79,51.9,104,688,United Kingdom
16326,Champions,6,24,4731.99,197.17,25.6,242,674,United Kingdom
16327,Champions,14,16,10670.14,666.88,25.4,288,711,United Kingdom
16328,Hibernating,563,1,310.83,310.83,,16,0,United Kingdom
16329,At Risk,428,4,1703.07,425.77,76.3,83,311,United Kingdom
16330,New Customers,18,7,634.33,90.62,120.7,105,644,United Kingdom
16331,At Risk,432,6,2037.7,339.62,64.9,33,210,United Kingdom
16332,Champions,28,11,2007.89,182.54,52.1,157,561,United Kingdom
16333,Champions,8,22,26626.8,1210.31,17.4,9,302,United Kingdom
16334,Hibernating,492,1,277.48,277.48,,54,0,United Kingdom
16335,At Risk,552,7,2774.0,396.29,10.7,193,184,United Kingdom
16336,At Risk,421,4,3517.69,879.42,74.2,64,211,United Kingdom
16337,New Customers,37,1,151.05,151.05,,10,0,United Kingdom
16338,Hibernating,157,1,214.8,214.8,,11,0,United Kingdom
16339,Hibernating,284,1,109.95,109.95,,17,0,United Kingdom
16340,At Risk,107,3,1526.06,508.69,110.0,277,444,United Kingdom
16341,Champions,25,7,3850.79,550.11,85.1,103,584,United Kingdom
16342,New Customers,75,4,322.41,80.6,2.5,10,104,United Kingdom
16343,New Customers,16,3,687.07,229.02,195.5,54,391,United Kingdom
16344,At Risk,158,4,842.42,210.6,128.1,43,510,United Kingdom
16345,New Customers,44,2,1198.74,599.37,,95,438,United Kingdom
16346,Hibernating,385,1,224.51,224.51,,15,0,United Kingdom
16347,Champions,11,11,3509.41,319.04,101.5,209,626,United Kingdom
16348,At Risk,32,8,1795.88,224.48,58.6,179,398,United Kingdom
16349,Hibernating,291,1,53.5,53.5,,9,0,United Kingdom
16350,Champions,21,9,2253.89,250.43,75.7,72,406,United Kingdom
16351,At Risk,333,13,3330.03,256.16,19.8,124,402,United Kingdom
16352,New Customers,18,2,494.44,247.22,,28,20,United Kingdom
16353,Champions,4,38,9999.46,263.14,25.1,76,728,United Kingdom
16354,At Risk,63,5,1129.51,225.9,112.2,116,528,United Kingdom
16355,Hibernating,375,1,416.35,416.35,,47,0,United Kingdom
16356,At Risk,198,6,415.87,69.31,61.3,27,354,United Kingdom
16357,New Customers,33,4,868.37,217.09,48.6,43,347,United Kingdom
16358,Champions,1,5,2919.65,583.93,71.8,118,393,United Kingdom
16359,Champions,7,16,2697.75,168.61,26.7,78,654,United Kingdom
16360,Champions,5,6,3512.53,585.42,6.6,365,83,United Kingdom
16361,New Customers,10,4,896.66,224.16,7.3,87,61,United Kingdom
16362,New Customers,32,6,946.94,157.82,133.2,67,405,United Kingdom
16363,Hibernating,53,1,109.36,109.36,,5,0,United Kingdom
16364,New Customers,12,2,707.04,353.52,,48,125,United Kingdom
16365,Champions,18,15,3307.2,220.48,38.1,97,710,United Kingdom
16366,New Customers,19,4,1548.13,387.03,233.7,74,704,United Kingdom
16367,New Customers,37,3,1362.4,454.13,152.0,196,345,United Kingdom
16368,New Customers,2,3,640.21,213.4,190.5,74,433,United Kingdom
16369,Champions,18,7,2662.73,380.39,68.7,114,592,United Kingdom
16370,At Risk,82,4,1320.56,330.14,12.7,143,142,United Kingdom
16371,Hibernating,449,1,157.2,157.2,,11,0,United Kingdom
16372,New Customers,33,5,1328.61,265.72,154.8,271,573,United Kingdom
16373,Hibernating,382,2,309.49,154.74,,25,29,United Kingdom
16374,At Risk,66,5,1757.6,351.52,52.2,275,522,United Kingdom
16375,Hibernating,470,2,104.0,52.0,,11,0,United Kingdom
16376,New Customers,9,2,987.01,493.5,,104,8,United Kingdom
16377,At Risk,267,2,1308.48,654.24,,6,350,United Kingdom
16378,Hibernating,247,3,362.95,120.98,17.5,22,63,United Kingdom
16379,New Customers,4,4,2157.4,539.35,11.7,87,74,United Kingdom
16380,New Customers,61,1,1780.59,1780.59,,28,0,United Kingdom
16381,Hibernating,396,2,258.7,129.35,,60,22,United Kingdom
16382,Hibernating,408,2,353.1,176.55,,42,142,United Kingdom
16383,At Risk,75,7,2966.14,423.73,48.7,238,598,United Kingdom
16384,At Risk,90,4,1358.95,339.74,5.4,80,500,United Kingdom
16385,At Risk,60,5,1030.61,206.12,87.3,94,571,United Kingdom
16386,New Customers,29,3,1102.59,367.53,45.5,127,359,United Kingdom
16387,At Risk,323,5,918.55,183.71,64.0,68,315,United Kingdom
16388,Hibernating,654,1,186.05,186.05,,13,0,United Kingdom
16389,At Risk,53,4,1382.07,345.52,41.7,33,229,United Kingdom
16390,Hibernating,537,3,467.5,155.83,70.5,16,142,United Kingdom
16391,At Risk,401,4,1100.21,275.05,31.2,260,161,United Kingdom
16392,At Risk,270,3,761.8,253.93,2.0,124,292,United Kingdom
16393,Champions,2,23,5561.66,241.81,23.2,313,736,United Kingdom
16394,At Risk,57,5,1555.34,311.07,32.0,61,232,United Kingdom
16395,Champions,61,14,3537.0,252.64,69.0,415,673,United Kingdom
16396,Hibernating,476,1,137.8,137.8,,8,0,United Kingdom
16397,Hibernating,628,1,127.88,127.88,,9,0,United Kingdom
16398,At Risk,154,2,1705.8,852.9,,75,99,United Kingdom
16399,New Customers,19,3,640.02,213.34,31.0,96,370,United Kingdom
16400,At Risk,95,9,3159.44,351.05,87.4,214,636,United Kingdom
16401,Champions,1,23,6847.45,297.72,16.0,109,554,United Kingdom
16402,Hibernating,265,2,511.4,255.7,,55,104,United Kingdom
16403,Hibernating,312,1,177.5,177.5,,10,0,United Kingdom
16404,Hibernating,70,1,443.05,443.05,,23,0,United Kingdom
16405,Hibernating,302,2,167.25,83.62,,3,7,United Kingdom
16406,New Customers,19,3,552.68,184.23,114.5,135,635,United Kingdom
16407,Champions,13,14,2821.65,201.55,23.6,120,419,United Kingdom
16408,Hibernating,591,1,231.93,231.93,,45,0,United Kingdom
16409,Champions,36,12,5709.04,475.75,21.6,335,690,United Kingdom
16410,Hibernating,734,1,130.32,130.32,,5,0,United Kingdom
16411,New Customers,19,4,910.19,227.55,151.6,139,408,United Kingdom
16412,New Customers,54,5,647.23,129.45,124.6,84,619,United Kingdom
16413,New Customers,57,2,528.98,264.49,,55,318,United Kingdom
16414,New Customers,22,5,559.71,111.94,57.2,58,672,United Kingdom
16415,New Customers,44,3,719.44,239.81,223.0,120,632,United Kingdom
16416,Champions,27,9,2972.88,330.32,107.5,146,628,United Kingdom
16417,Hibernating,493,1,35.7,35.7,,1,0,United Kingdom
16418,At Risk,45,5,1101.94,220.39,66.8,121,378,United Kingdom
16419,At Risk,113,8,1487.42,185.93,84.1,62,555,United Kingdom
16420,Hibernating,396,1,75.0,75.0,,2,0,United Kingdom
16421,Hibernating,376,3,526.27,175.42,4.5,35,93,United Kingdom
16422,Champions,17,107,63387.02,592.4,5.0,109,679,United Kingdom
16423,New Customers,25,1,346.12,346.12,,18,0,United Kingdom
16424,Hibernating,191,2,443.06,221.53,,10,191,United Kingdom
16425,Hibernating,302,1,302.7,302.7,,21,0,United Kingdom
16426,Champions,2,10,1908.25,190.82,55.9,211,273,United Kingdom
16427,Hibernating,263,2,241.06,120.53,,8,21,United Kingdom
16428,Hibernating,414,3,660.28,220.09,42.0,121,84,United Kingdom
16429,Hibernating,106,1,284.55,284.55,,2,0,United Kingdom
16430,At Risk,57,6,1102.94,183.82,116.7,18,624,United Kingdom
16431,At Risk,213,3,642.81,214.27,42.0,51,84,United Kingdom
16432,Hibernating,64,1,287.4,287.4,,8,0,United Kingdom
16433,New Customers,28,2,384.52,192.26,,33,380,United Kingdom
16434,Champions,29,12,2741.74,228.48,50.8,126,661,United Kingdom
16435,At Risk,512,3,1011.57,337.19,1.0,119,2,United Kingdom
16436,Hibernating,668,3,329.34,109.78,31.5,37,64,United Kingdom
16437,Hibernating,381,2,301.25,150.62,,17,48,United Kingdom
16438,New Customers,6,5,798.35,159.67,12.5,74,76,United Kingdom
16439,Hibernating,722,1,310.7,310.7,,9,0,United Kingdom
16440,Champions,8,6,3856.97,642.83,103.6,202,486,United Kingdom
16441,At Risk,67,5,1028.48,205.7,78.8,66,559,United Kingdom
16442,New Customers,2,5,899.47,179.89,54.3,226,725,United Kingdom
16443,Hibernating,521,1,162.24,162.24,,1,0,United Kingdom
16444,Champions,46,17,3656.58,215.09,34.4,217,578,United Kingdom
16445,New Customers,34,4,602.73,150.68,160.8,143,377,United Kingdom
16446,Champions,1,2,168472.5,84236.25,,3,204,United Kingdom
16447,At Risk,136,3,775.14,258.38,192.5,59,524,United Kingdom
16448,Hibernating,198,2,367.87,183.94,,45,272,United Kingdom
16449,Hibernating,198,2,707.69,353.84,,40,82,United Kingdom
16450,At Risk,150,3,1505.73,501.91,181.5,36,506,United Kingdom
16451,At Risk,88,3,1013.15,337.72,150.0,61,647,United Kingdom
16452,Hibernating,631,2,332.17,166.08,,14,63,United Kingdom
16453,Hibernating,531,2,251.71,125.86,,15,17,United Kingdom
16454,Hibernating,64,2,7.45,3.72,,2,547,United Kingdom
16455,Champions,64,11,4384.37,398.58,58.3,111,556,United Kingdom
16456,Champions,99,13,6862.91,527.92,35.4,226,521,United Kingdom
16457,Hibernating,218,1,208.36,208.36,,9,0,United Kingdom
16458,Champions,3,30,5715.34,190.51,9.0,91,559,United Kingdom
16459,Hibernating,730,1,71.79,71.79,,5,0,United Kingdom
16460,New Customers,28,3,814.72,271.57,17.5,128,53,United Kingdom
16461,At Risk,178,3,1609.22,536.41,178.5,222,468,United Kingdom
16462,Hibernating,74,3,136.0,45.33,7.0,1,210,United Kingdom
16463,New Customers,21,4,1422.4,355.6,64.8,74,182,United Kingdom
16464,New Customers,20,3,1314.68,438.23,0.5,152,122,United Kingdom
16465,Hibernating,421,2,746.24,373.12,,45,23,United Kingdom
16466,Champions,34,15,3838.59,255.91,21.8,207,608,United Kingdom
16467,At Risk,509,7,2869.16,409.88,19.4,14,228,United Kingdom
16468,New Customers,74,3,787.52,262.51,192.5,38,407,United Kingdom
16469,New Customers,24,5,828.91,165.78,101.2,167,490,United Kingdom
16470,Champions,52,11,2458.6,223.51,45.5,286,676,United Kingdom
16471,At Risk,275,4,1189.98,297.5,37.5,48,377,United Kingdom
16472,Hibernating,434,2,789.6,394.8,,39,163,United Kingdom
16473,At Risk,165,4,470.83,117.71,37.7,26,209,United Kingdom
16474,Champions,7,7,1871.34,267.33,18.0,236,137,United Kingdom
16475,At Risk,88,4,544.3,136.07,37.9,23,185,United Kingdom
16476,Hibernating,432,1,350.35,350.35,,24,0,United Kingdom
16477,Champions,64,11,4320.02,392.73,20.3,177,421,United Kingdom
16478,New Customers,25,3,331.0,110.33,19.0,15,40,United Kingdom
16479,New Customers,10,2,300.83,150.42,,35,0,United Kingdom
16480,New Customers,76,1,769.29,769.29,,51,0,United Kingdom
16481,Hibernating,682,1,453.38,453.38,,16,0,United Kingdom
16482,New Customers,16,1,220.62,220.62,,18,0,United Kingdom
16483,Hibernating,192,1,139.35,139.35,,19,0,United Kingdom
16484,Hibernating,174,2,404.3,202.15,,25,17,United Kingdom
16485,At Risk,77,5,2294.68,458.94,116.5,126,656,United Kingdom
16486,Hibernating,538,1,134.36,134.36,,7,0,United Kingdom
16487,Hibernating,577,2,209.4,104.7,,28,81,United Kingdom
16488,New Customers,33,3,498.8,166.27,23.5,28,115,United Kingdom
16489,Hibernating,380,2,303.7,151.85,,4,55,United Kingdom
16490,Hibernating,436,1,205.41,205.41,,13,0,United Kingdom
16491,New Customers,47,2,1533.16,766.58,,86,366,United Kingdom
16492,Hibernating,541,1,385.56,385.56,,23,0,United Kingdom
16493,At Risk,80,7,2132.09,304.58,24.2,77,543,United Kingdom
16494,Hibernating,297,1,826.53,826.53,,47,0,United Kingdom
16495,New Customers,3,3,684.41,228.14,136.5,78,272,United Kingdom
16496,Champions,9,6,2330.77,388.46,64.2,120,500,United Kingdom
16497,Champions,50,23,6695.28,291.1,36.9,239,686,United Kingdom
16498,Hibernating,161,2,100.97,50.48,,15,0,United Kingdom
16499,At Risk,360,8,2578.34,322.29,21.1,104,186,United Kingdom
16500,New Customers,5,9,843.91,93.77,95.6,24,538,United Kingdom
16501,Hibernating,383,1,1237.23,1237.23,,181,0,United Kingdom
16502,Hibernating,620,2,266.5,133.25,,41,0,United Kingdom
16503,At Risk,107,11,3614.34,328.58,36.9,161,429,United Kingdom
16504,New Customers,25,1,484.38,484.38,,76,0,United Kingdom
16505,New Customers,32,1,777.6,777.6,,4,0,United Kingdom
16506,New Customers,20,2,90.3,45.15,,3,20,United Kingdom
16507,Hibernating,572,1,152.76,152.76,,37,0,United Kingdom
16508,Hibernating,630,1,248.8,248.8,,42,0,United Kingdom
16509,Hibernating,297,1,363.7,363.7,,13,0,United Kingdom
16510,At Risk,372,6,2079.75,346.62,42.0,93,319,United Kingdom
16511,New Customers,22,6,1817.02,302.84,49.7,234,626,United Kingdom
16513,New Customers,5,4,874.59,218.65,8.3,33,38,United Kingdom
16515,Champions,52,10,3216.3,321.63,29.0,184,488,United Kingdom
16516,New Customers,30,1,101.7,101.7,,6,0,United Kingdom
16517,Hibernating,277,1,162.7,162.7,,17,0,United Kingdom
16518,At Risk,61,4,959.37,239.84,41.0,61,495,United Kingdom
16519,New Customers,25,4,554.16,138.54,95.2,31,623,United Kingdom
16520,At Risk,186,6,2482.62,413.77,45.3,251,460,United Kingdom
16521,At Risk,415,3,1144.26,381.42,116.5,211,232,United Kingdom
16522,Hibernating,436,2,433.36,216.68,,16,14,United Kingdom
16523,Champions,2,28,11916.33,425.58,28.5,180,682,United Kingdom
16524,Hibernating,446,2,308.14,154.07,,50,245,United Kingdom
16525,Champions,2,48,24582.64,512.14,9.2,115,735,United Kingdom
16526,Hibernating,172,2,717.21,358.6,,30,412,United Kingdom
16527,At Risk,81,2,1272.44,636.22,,66,343,United Kingdom
16528,New Customers,4,1,244.41,244.41,,17,0,United Kingdom
16529,At Risk,190,4,2012.0,503.0,122.8,87,340,United Kingdom
16530,Hibernating,668,1,48.35,48.35,,3,0,United Kingdom
16531,Champions,22,11,2298.33,208.94,43.5,109,419,United Kingdom
16532,Champions,18,5,8756.64,1751.33,46.4,2,603,United Kingdom
16533,New Customers,19,3,1095.56,365.19,10.5,112,48,United Kingdom
16534,Hibernating,642,1,635.9,635.9,,36,0,United Kingdom
16535,New Customers,5,2,981.59,490.79,,66,380,United Kingdom
16536,Hibernating,110,1,548.97,548.97,,49,0,United Kingdom
16537,Hibernating,641,1,10.55,10.55,,2,0,United Kingdom
16538,Hibernating,541,3,399.62,133.21,27.0,35,54,United Kingdom
16539,Champions,3,10,3732.01,373.2,66.8,83,529,United Kingdom
16540,Hibernating,414,1,226.7,226.7,,25,0,United Kingdom
16541,Hibernating,735,1,424.03,424.03,,38,0,United Kingdom
16542,New Customers,54,2,257.32,128.66,,13,347,United Kingdom
16543,Hibernating,592,1,292.21,292.21,,18,0,United Kingdom
16544,Hibernating,520,4,376.7,94.18,67.4,8,142,United Kingdom
16545,Hibernating,165,2,689.82,344.91,,6,210,United Kingdom
16546,At Risk,291,5,5606.47,1121.29,29.6,75,151,United Kingdom
16547,Hibernating,546,1,111.71,111.71,,25,0,United Kingdom
16548,Hibernating,599,1,30.15,30.15,,6,0,United Kingdom
16549,Champions,10,34,13182.19,387.71,35.9,836,610,United Kingdom
16550,Champions,109,18,9429.23,523.85,27.5,273,628,United Kingdom
16551,At Risk,96,7,2237.12,319.59,68.9,67,630,United Kingdom
16552,Hibernating,243,2,475.02,237.51,,17,130,United Kingdom
16553,Champions,163,33,16644.01,504.36,26.1,195,502,United Kingdom
16554,At Risk,42,8,2841.72,355.22,39.9,108,682,United Kingdom
16555,At Risk,35,6,1915.68,319.28,153.7,59,470,United Kingdom
16556,Champions,67,17,8012.58,471.33,16.7,280,666,United Kingdom
16557,New Customers,24,2,281.85,140.93,,11,113,United Kingdom
16558,Champions,1,38,13873.51,365.09,16.8,383,735,United Kingdom
16559,Hibernating,397,1,185.2,185.2,,17,0,United Kingdom
16560,Champions,27,8,3048.38,381.05,108.1,140,704,United Kingdom
16561,New Customers,6,2,511.12,255.56,,29,54,United Kingdom
16562,Hibernating,477,1,223.86,223.86,,34,0,United Kingdom
16563,At Risk,54,6,4422.76,737.13,107.8,55,684,United Kingdom
16564,Hibernating,569,1,87.8,87.8,,5,0,United Kingdom
16565,At Risk,364,4,773.05,193.26,16.0,7,191,United Kingdom
16566,New Customers,15,5,614.66,122.93,38.7,14,277,United Kingdom
16567,Hibernating,194,2,865.6,432.8,,34,142,United Kingdom
16568,Hibernating,428,2,1020.9,510.45,,5,213,United Kingdom
16569,New Customers,3,5,1455.23,291.05,258.7,27,720,United Kingdom
16570,Champions,15,20,7434.31,371.72,22.3,114,604,United Kingdom
16571,Champions,27,10,4248.74,424.87,44.3,151,605,United Kingdom
16572,At Risk,127,3,1009.6,336.53,50.0,40,148,United Kingdom
16573,New Customers,85,2,663.61,331.8,,40,205,United Kingdom
16574,At Risk,71,3,1301.78,433.93,58.5,86,587,United Kingdom
16576,Hibernating,420,2,540.87,270.44,,32,101,United Kingdom
16577,Hibernating,667,1,380.0,380.0,,23,0,United Kingdom
16578,Hibernating,626,1,156.6,156.6,,9,0,United Kingdom
16579,Hibernating,426,1,295.05,295.05,,14,0,United Kingdom
16581,Hibernating,183,1,105.84,105.84,,9,0,United Kingdom
16582,Hibernating,113,1,313.62,313.62,,6,0,United Kingdom
16583,Hibernating,374,2,531.4,265.7,,18,299,United Kingdom
16584,At Risk,80,5,3163.67,632.73,45.6,61,581,United Kingdom
16585,Hibernating,594,2,341.59,170.8,,16,101,United Kingdom
16586,At Risk,249,3,1462.78,487.59,2.5,27,386,United Kingdom
16587,Hibernating,232,1,225.15,225.15,,13,0,United Kingdom
16588,At Risk,386,4,1361.28,340.32,15.0,64,188,United Kingdom
16589,New Customers,71,4,612.36,153.09,115.3,39,378,United Kingdom
16590,Hibernating,401,2,605.9,302.95,,26,13,United Kingdom
16591,Hibernating,69,1,213.5,213.5,,10,0,United Kingdom
16592,Champions,4,28,7807.91,278.85,28.5,221,716,United Kingdom
16593,At Risk,51,8,1071.14,133.89,89.1,57,684,United Kingdom
16594,Hibernating,75,1,181.09,181.09,,53,0,United Kingdom
16595,At Risk,61,5,1810.18,362.04,110.5,337,630,United Kingdom
16596,New Customers,16,4,579.63,144.91,140.5,23,713,United Kingdom
16597,New Customers,4,1,90.04,90.04,,7,0,United Kingdom
16598,Hibernating,286,1,145.05,145.05,,10,0,United Kingdom
16599,Hibernating,386,1,172.8,172.8,,12,0,United Kingdom
16600,Champions,4,13,2153.41,165.65,70.8,106,717,United Kingdom
16601,New Customers,41,3,683.08,227.69,58.5,59,582,United Kingdom
16602,New Customers,36,2,763.33,381.66,,37,352,United Kingdom
16603,New Customers,75,2,482.47,241.24,,34,16,United Kingdom
16604,Hibernating,563,2,432.45,216.22,,10,5,United Kingdom
16605,Hibernating,724,1,60.48,60.48,,1,0,United Kingdom
16606,Hibernating,404,2,357.66,178.83,,16,30,United Kingdom
16607,Champions,18,25,5706.87,228.27,18.5,212,571,United Kingdom
16608,At Risk,454,2,1288.72,644.36,,94,209,United Kingdom
16609,Champions,15,7,5493.46,784.78,18.8,155,237,United Kingdom
16610,Hibernating,219,1,75.66,75.66,,6,0,United Kingdom
16611,At Risk,186,6,1785.13,297.52,67.8,86,452,United Kingdom
16612,Champions,33,9,3245.43,360.6,41.7,105,703,United Kingdom
16613,New Customers,70,1,618.59,618.59,,30,0,United Kingdom
16614,At Risk,183,3,1179.79,393.26,22.0,37,395,United Kingdom
16615,Hibernating,626,1,291.5,291.5,,19,0,United Kingdom
16616,New Customers,15,2,500.42,250.21,,31,142,United Kingdom
16617,Hibernating,236,1,151.85,151.85,,5,0,United Kingdom
16618,At Risk,31,5,2647.59,529.52,65.7,79,291,United Kingdom
16619,At Risk,264,4,1938.33,484.58,64.9,103,391,United Kingdom
16620,New Customers,4,6,1758.93,293.16,63.5,78,734,United Kingdom
16621,New Customers,52,4,813.48,203.37,14.8,22,226,United Kingdom
16622,Hibernating,544,1,225.4,225.4,,12,0,United Kingdom
16623,At Risk,246,4,1015.24,253.81,43.1,44,346,United Kingdom
16624,New Customers,81,2,810.57,405.28,,44,116,United Kingdom
16625,At Risk,275,5,1654.03,330.81,48.6,82,269,United Kingdom
16626,Champions,1,17,4413.1,259.59,19.1,86,265,United Kingdom
16627,Hibernating,79,1,322.8,322.8,,20,0,United Kingdom
16628,At Risk,30,7,2318.1,331.16,77.6,84,612,United Kingdom
16629,New Customers,74,2,417.73,208.86,,58,22,United Kingdom
16630,Hibernating,407,1,106.8,106.8,,4,0,United Kingdom
16631,At Risk,482,7,1892.52,270.36,15.2,46,170,United Kingdom
16632,Hibernating,486,2,406.4,203.2,,22,95,United Kingdom
16633,Champions,17,6,2883.1,480.52,15.2,115,216,United Kingdom
16634,At Risk,223,6,1814.61,302.44,77.1,72,465,United Kingdom
16635,Hibernating,407,1,473.0,473.0,,25,0,United Kingdom
16636,At Risk,438,4,3802.04,950.51,54.4,62,207,United Kingdom
16637,New Customers,32,4,1154.47,288.62,30.2,66,193,United Kingdom
16638,Champions,23,15,2430.53,162.04,36.5,130,455,United Kingdom
16639,New Customers,31,4,1747.98,437.0,68.6,76,377,United Kingdom
16640,Hibernating,398,1,179.4,179.4,,13,0,United Kingdom
16641,Hibernating,106,2,554.5,277.25,,36,596,United Kingdom
16642,New Customers,5,3,1077.45,359.15,2.5,50,410,United Kingdom
16643,Hibernating,246,2,923.11,461.56,,48,176,United Kingdom
16644,Hibernating,178,2,833.78,416.89,,62,34,United Kingdom
16645,Hibernating,736,1,160.39,160.39,,14,0,United Kingdom
16646,Hibernating,449,1,678.8,678.8,,29,0,United Kingdom
16647,At Risk,170,4,541.9,135.48,84.5,28,374,United Kingdom
16648,New Customers,43,3,672.8,224.27,139.0,37,547,United Kingdom
16649,Hibernating,520,1,306.58,306.58,,20,0,United Kingdom
16650,At Risk,72,7,1916.11,273.73,123.7,71,447,United Kingdom
16651,Hibernating,587,1,136.2,136.2,,6,0,United Kingdom
16652,Champions,59,16,17550.39,1096.9,38.3,124,573,United Kingdom
16653,New Customers,16,2,1212.66,606.33,,67,55,United Kingdom
16654,At Risk,141,8,1711.47,213.93,30.9,64,471,United Kingdom
16655,Champions,18,13,6548.37,503.72,31.7,408,659,United Kingdom
16656,Champions,22,30,16833.17,561.11,16.7,22,713,United Kingdom
16657,New Customers,10,4,933.62,233.4,48.5,158,244,United Kingdom
16658,At Risk,368,5,804.07,160.81,24.8,48,250,United Kingdom
16659,Hibernating,189,1,39.12,39.12,,2,0,United Kingdom
16660,Champions,16,7,1879.55,268.51,82.2,20,678,United Kingdom
16661,At Risk,540,4,986.63,246.66,47.7,50,181,United Kingdom
16662,Hibernating,394,1,163.8,163.8,,28,0,United Kingdom
16663,Hibernating,729,1,165.0,165.0,,1,0,United Kingdom
16664,Hibernating,569,1,109.2,109.2,,8,0,United Kingdom
16665,Hibernating,362,1,135.4,135.4,,9,0,United Kingdom
16666,New Customers,19,2,225.94,112.97,,42,601,United Kingdom
16667,New Customers,68,2,570.13,285.06,,52,216,United Kingdom
16668,Champions,15,13,862.42,66.34,29.9,28,615,United Kingdom
16669,New Customers,24,2,1370.47,685.24,,140,54,United Kingdom
16670,Champions,17,20,8030.15,401.51,28.0,258,712,United Kingdom
16671,New Customers,28,3,1692.27,564.09,61.0,3,136,United Kingdom
16672,Champions,2,20,8134.94,406.75,10.4,22,264,United Kingdom
16673,Hibernating,679,1,188.83,188.83,,19,0,United Kingdom
16674,New Customers,55,2,319.61,159.8,,89,43,United Kingdom
16675,Hibernating,442,2,608.86,304.43,,21,36,United Kingdom
16676,At Risk,34,6,2361.9,393.65,60.7,106,384,United Kingdom
16677,Hibernating,411,2,880.62,440.31,,45,240,United Kingdom
16678,Champions,3,12,3109.99,259.17,17.3,92,280,United Kingdom
16679,At Risk,366,3,793.06,264.35,62.5,15,180,United Kingdom
16680,New Customers,43,3,821.45,273.82,239.5,24,491,United Kingdom
16681,At Risk,73,7,1921.84,274.55,132.9,22,568,United Kingdom
16682,New Customers,5,5,1028.0,205.6,14.7,15,183,United Kingdom
16683,Hibernating,534,1,320.25,320.25,,18,0,United Kingdom
16684,Champions,4,55,147142.77,2675.32,18.1,184,728,United Kingdom
16685,New Customers,61,2,324.24,162.12,,60,0,United Kingdom
16686,Champions,47,16,5070.92,316.93,29.8,549,685,United Kingdom
16687,Hibernating,391,1,157.63,157.63,,8,0,United Kingdom
16688,New Customers,1,4,1260.86,315.21,10.0,52,59,United Kingdom
16689,New Customers,76,2,422.6,211.3,,12,6,United Kingdom
16690,New Customers,72,4,353.03,88.26,54.7,12,379,United Kingdom
16691,Hibernating,418,2,178.83,89.42,,11,143,United Kingdom
16692,At Risk,256,4,1764.7,441.17,40.5,2,185,United Kingdom
16693,At Risk,69,5,1199.46,239.89,35.3,149,587,United Kingdom
16694,Hibernating,723,1,98.3,98.3,,3,0,United Kingdom
16695,Hibernating,562,2,193.15,96.58,,30,0,United Kingdom
16696,At Risk,135,4,657.9,164.48,23.8,7,112,United Kingdom
16697,Hibernating,241,1,112.75,112.75,,20,0,United Kingdom
16698,At Risk,227,2,1998.0,999.0,,4,26,United Kingdom
16699,At Risk,380,7,994.6,142.09,32.0,51,355,United Kingdom
16700,Champions,9,25,9167.71,366.71,16.2,263,729,United Kingdom
16701,Champions,9,26,9916.73,381.41,20.3,154,729,United Kingdom
16702,At Risk,415,4,1109.53,277.38,31.7,83,316,United Kingdom
16704,Hibernating,618,2,695.66,347.83,,50,53,United Kingdom
16705,Champions,1,42,43515.05,1036.07,20.7,399,729,United Kingdom
16706,New Customers,37,3,531.35,177.12,22.5,108,76,United Kingdom
16707,At Risk,400,4,551.11,137.78,49.1,64,239,United Kingdom
16708,New Customers,46,1,656.63,656.63,,27,0,United Kingdom
16709,Champions,85,14,9087.46,649.1,37.3,220,645,United Kingdom
16710,Champions,19,22,6349.09,288.6,28.8,541,716,United Kingdom
16711,Champions,3,9,2868.48,318.72,76.3,26,734,United Kingdom
16712,Champions,9,13,4259.34,327.64,35.7,300,391,United Kingdom
16713,Champions,19,32,14560.69,455.02,19.2,541,705,United Kingdom
16714,At Risk,317,3,1514.8,504.93,176.5,94,353,United Kingdom
16715,New Customers,78,2,625.52,312.76,,27,484,United Kingdom
16716,At Risk,267,3,2149.68,716.56,137.0,7,363,United Kingdom
16717,Champions,24,14,6986.23,499.02,57.4,274,708,United Kingdom
16718,At Risk,369,5,3647.53,729.51,74.7,123,363,United Kingdom
16719,Champions,15,14,3968.3,283.45,22.5,203,711,United Kingdom
16720,New Customers,26,3,603.48,201.16,2.0,129,695,United Kingdom
16721,Hibernating,262,1,292.47,292.47,,37,0,United Kingdom
16722,Champions,17,22,8989.08,408.59,20.0,145,718,United Kingdom
16723,At Risk,91,4,1301.63,325.41,141.6,108,643,United Kingdom
16724,Hibernating,405,1,147.35,147.35,,17,0,United Kingdom
16725,At Risk,302,13,1880.66,144.67,66.6,241,424,United Kingdom
16726,At Risk,26,7,2088.41,298.34,57.1,150,384,United Kingdom
16727,At Risk,364,4,1437.42,359.36,87.0,158,324,United Kingdom
16728,New Customers,46,4,1054.67,263.67,37.6,218,218,United Kingdom
16729,Champions,38,21,7236.6,344.6,5.6,233,203,United Kingdom
16730,New Customers,52,3,743.11,247.7,48.5,75,267,United Kingdom
16731,Hibernating,648,1,174.05,174.05,,40,0,United Kingdom
16732,At Risk,32,4,4387.64,1096.91,104.4,199,699,United Kingdom
16733,Hibernating,530,1,259.68,259.68,,12,0,United Kingdom
16734,New Customers,52,3,650.51,216.84,31.0,44,61,United Kingdom
16735,Champions,79,14,6270.56,447.9,39.7,178,653,United Kingdom
16736,At Risk,506,5,2956.56,591.31,53.7,116,230,United Kingdom
16737,New Customers,53,2,835.2,417.6,,1,524,United Kingdom
16738,Hibernating,298,1,3.75,3.75,,1,0,United Kingdom
16739,Hibernating,177,2,786.43,393.22,,33,359,United Kingdom
16740,Hibernating,395,1,236.81,236.81,,30,0,United Kingdom
16741,Hibernating,625,1,173.06,173.06,,11,0,United Kingdom
16742,At Risk,493,13,2387.71,183.67,13.9,50,230,United Kingdom
16743,Champions,29,14,4253.26,303.8,29.8,118,566,United Kingdom
16744,New Customers,11,7,1304.76,186.39,10.9,198,161,United Kingdom
16745,Champions,87,17,7194.3,423.19,6.4,148,225,United Kingdom
16746,Champions,5,42,18064.7,430.11,9.4,389,730,United Kingdom
16747,New Customers,38,2,836.06,418.03,,34,30,United Kingdom
16748,Champions,18,14,3637.33,259.81,43.9,55,711,United Kingdom
16749,At Risk,591,2,4387.08,2193.54,,53,132,United Kingdom
16750,New Customers,45,5,623.93,124.79,30.6,74,187,United Kingdom
16751,New Customers,31,1,1764.72,1764.72,,24,0,United Kingdom
16752,Hibernating,373,1,415.0,415.0,,9,0,United Kingdom
16753,Hibernating,58,1,223.92,223.92,,34,0,United Kingdom
16754,Champions,372,29,67502.47,2327.67,11.5,38,269,United Kingdom
16755,At Risk,114,7,2900.58,414.37,32.4,219,615,United Kingdom
16756,At Risk,215,7,1312.37,187.48,53.8,64,425,United Kingdom
16757,Hibernating,319,2,270.48,135.24,,13,90,United Kingdom
16758,Hibernating,65,1,369.34,369.34,,22,0,United Kingdom
16759,New Customers,8,3,789.79,263.26,11.5,40,23,United Kingdom
16760,Hibernating,430,1,228.0,228.0,,17,0,United Kingdom
16761,Hibernating,97,1,316.62,316.62,,13,0,United Kingdom
16762,New Customers,20,3,1501.38,500.46,36.5,51,124,United Kingdom
16763,At Risk,199,2,964.7,482.35,,44,539,United Kingdom
16764,Champions,4,13,2799.25,215.33,6.3,209,139,United Kingdom
16765,Hibernating,294,2,454.75,227.38,,52,88,United Kingdom
16766,At Risk,273,2,1145.6,572.8,,17,0,United Kingdom
16767,Champions,31,15,8069.45,537.96,31.0,208,559,United Kingdom
16768,At Risk,48,9,1708.12,189.79,36.3,108,684,United Kingdom
16769,At Risk,260,4,1141.75,285.44,110.2,76,465,United Kingdom
16770,At Risk,58,9,1932.13,214.68,51.6,202,416,United Kingdom
16771,Champions,33,10,3939.1,393.91,53.5,302,697,United Kingdom
16772,At Risk,423,3,3723.55,1241.18,128.0,54,298,United Kingdom
16773,New Customers,57,3,421.24,140.41,41.0,53,675,United Kingdom
16774,At Risk,68,8,1594.45,199.31,68.9,89,593,United Kingdom
16775,Champions,10,16,3056.89,191.06,21.1,132,431,United Kingdom
16776,New Customers,60,2,619.85,309.92,,105,355,United Kingdom
16777,At Risk,80,5,1307.76,261.55,29.9,125,552,United Kingdom
16778,Hibernating,74,2,245.94,122.97,,16,199,United Kingdom
16779,Champions,2,53,33268.24,627.7,9.9,293,734,United Kingdom
16780,At Risk,100,3,605.55,201.85,5.5,73,306,United Kingdom
16781,Hibernating,372,2,934.25,467.12,,36,297,United Kingdom
16782,Champions,10,38,10438.41,274.7,16.5,575,720,United Kingdom
16783,Hibernating,437,1,391.95,391.95,,25,0,United Kingdom
16784,New Customers,20,5,896.53,179.31,124.4,138,601,United Kingdom
16785,Hibernating,410,1,533.78,533.78,,35,0,United Kingdom
16786,Hibernating,394,1,51.84,51.84,,1,0,United Kingdom
16787,At Risk,398,4,1035.43,258.86,48.6,102,300,United Kingdom
16788,At Risk,123,5,1948.65,389.73,12.0,347,547,United Kingdom
16789,New Customers,8,1,80.8,80.8,,5,0,United Kingdom
16790,New Customers,4,6,1545.62,257.6,4.8,88,34,United Kingdom
16791,Champions,29,15,4025.94,268.4,28.6,392,707,United Kingdom
16792,At Risk,282,5,623.46,124.69,72.7,90,422,United Kingdom
16793,Hibernating,57,1,243.84,243.84,,16,0,United Kingdom
16794,Champions,1,15,2088.89,139.26,52.9,244,623,United Kingdom
16795,At Risk,365,3,2492.39,830.8,108.0,306,318,United Kingdom
16796,Hibernating,89,1,305.62,305.62,,18,0,United Kingdom
16797,At Risk,393,5,1827.77,365.55,40.4,289,344,United Kingdom
16798,At Risk,554,3,848.71,282.9,0.5,141,174,United Kingdom
16799,Hibernating,432,2,495.98,247.99,,81,21,United Kingdom
16800,New Customers,11,1,1201.49,1201.49,,148,0,United Kingdom
16801,At Risk,163,4,1619.73,404.93,26.3,72,110,United Kingdom
16802,Hibernating,679,2,582.61,291.3,,48,51,United Kingdom
16803,Hibernating,65,1,332.3,332.3,,24,0,United Kingdom
16804,New Customers,23,3,536.99,179.0,123.5,59,247,United Kingdom
16805,At Risk,174,4,1082.24,270.56,28.2,212,551,United Kingdom
16806,At Risk,103,4,775.54,193.88,19.6,67,135,United Kingdom
16807,At Risk,143,6,2123.88,353.98,55.5,107,480,United Kingdom
16808,Hibernating,99,2,288.42,144.21,,21,175,United Kingdom
16809,Champions,23,9,1727.43,191.94,41.0,113,582,United Kingdom
16810,Hibernating,192,2,842.04,421.02,,34,228,United Kingdom
16811,New Customers,5,2,547.07,273.53,,26,12,United Kingdom
16812,At Risk,361,4,2392.0,598.0,7.6,98,21,United Kingdom
16813,Champions,8,10,1692.98,169.3,8.8,248,196,United Kingdom
16814,Champions,14,36,12489.81,346.94,8.9,246,593,United Kingdom
16815,Hibernating,454,2,410.97,205.48,,66,82,United Kingdom
16816,At Risk,103,4,417.06,104.26,55.9,28,254,United Kingdom
16817,Champions,3,13,2804.9,215.76,40.8,107,429,United Kingdom
16818,Champions,11,11,3349.57,304.51,16.3,172,194,United Kingdom
16819,Hibernating,465,2,182.59,91.3,,17,0,United Kingdom
16820,Hibernating,96,1,497.61,497.61,,26,0,United Kingdom
16821,Hibernating,382,1,113.35,113.35,,7,0,United Kingdom
16822,Hibernating,686,1,181.39,181.39,,11,0,United Kingdom
16823,At Risk,227,7,2260.09,322.87,62.8,149,510,United Kingdom
16824,New Customers,16,3,686.24,228.75,40.0,34,378,United Kingdom
16825,At Risk,39,5,1826.89,365.38,57.1,48,495,United Kingdom
16826,New Customers,51,1,341.7,341.7,,22,0,United Kingdom
16827,Hibernating,393,5,387.18,77.44,49.7,9,195,United Kingdom
16828,Hibernating,112,1,113.5,113.5,,7,0,United Kingdom
16829,Hibernating,157,2,513.32,256.66,,25,231,United Kingdom
16830,New Customers,39,4,1207.5,301.88,144.1,65,687,United Kingdom
16831,Hibernating,565,1,91.8,91.8,,6,0,United Kingdom
16832,At Risk,184,5,417.61,83.52,82.5,19,274,United Kingdom
16833,Champions,1,6,2409.04,401.51,89.1,87,621,United Kingdom
16834,Hibernating,228,2,898.96,449.48,,43,446,United Kingdom
16835,At Risk,128,6,1538.41,256.4,85.5,58,441,United Kingdom
16836,New Customers,40,4,782.37,195.59,87.3,42,534,United Kingdom
16837,Champions,31,11,3170.98,288.27,28.2,123,214,United Kingdom
16838,At Risk,197,4,1159.61,289.9,63.6,53,465,United Kingdom
16839,Champions,9,44,22310.49,507.06,13.6,132,657,United Kingdom
16840,Hibernating,603,2,139.85,69.92,,9,71,United Kingdom
16841,Champions,37,12,4006.06,333.84,35.3,187,660,United Kingdom
16842,At Risk,101,3,1264.19,421.4,46.0,45,201,United Kingdom
16843,Champions,43,35,19571.43,559.18,20.5,317,686,United Kingdom
16844,Hibernating,563,2,614.34,307.17,,26,20,United Kingdom
16845,Hibernating,618,1,253.88,253.88,,20,0,United Kingdom
16846,New Customers,50,3,842.41,280.8,232.5,47,589,United Kingdom
16847,New Customers,43,2,614.89,307.45,,37,574,United Kingdom
16848,At Risk,53,4,1411.62,352.9,141.4,75,379,United Kingdom
16849,Hibernating,187,1,124.57,124.57,,8,0,United Kingdom
16850,Hibernating,334,1,332.41,332.41,,19,0,United Kingdom
16851,New Customers,4,3,342.45,114.15,14.5,17,47,United Kingdom
16852,New Customers,10,2,144.91,72.46,,9,165,United Kingdom
16854,At Risk,417,2,1408.96,704.48,,72,223,United Kingdom
16855,New Customers,24,2,328.4,164.2,,19,19,United Kingdom
16856,New Customers,15,3,358.49,119.5,189.0,16,427,United Kingdom
16857,Hibernating,443,1,352.8,352.8,,11,0,United Kingdom
16858,At Risk,369,10,4668.28,466.83,19.6,75,355,United Kingdom
16859,At Risk,145,7,1932.41,276.06,56.4,87,500,United Kingdom
16860,At Risk,453,3,1610.62,536.87,21.0,35,209,United Kingdom
16861,At Risk,60,5,946.59,189.32,79.0,39,448,United Kingdom
16862,At Risk,547,4,662.33,165.58,41.3,34,154,United Kingdom
16863,New Customers,31,3,998.52,332.84,146.0,43,378,United Kingdom
16864,Hibernating,434,2,409.25,204.62,,17,164,United Kingdom
16865,Hibernating,402,1,130.95,130.95,,15,0,United Kingdom
16866,Hibernating,141,3,207.74,69.25,1.5,10,20,United Kingdom
16867,Hibernating,690,1,76.74,76.74,,6,0,United Kingdom
16868,Hibernating,394,3,393.39,131.13,61.5,47,199,United Kingdom
16869,New Customers,23,4,825.42,206.36,45.2,113,152,United Kingdom
16870,Hibernating,469,1,450.16,450.16,,28,0,United Kingdom
16871,Champions,22,6,2812.34,468.72,42.6,131,248,United Kingdom
16872,At Risk,77,6,1213.13,202.19,86.1,12,385,United Kingdom
16873,Champions,5,12,14617.39,1218.12,25.7,252,663,United Kingdom
16874,Hibernating,379,1,217.74,217.74,,31,0,United Kingdom
16875,Champions,67,11,4234.53,384.96,42.2,161,636,United Kingdom
16876,Hibernating,404,1,136.01,136.01,,32,0,United Kingdom
16877,New Customers,12,6,853.72,142.29,40.7,111,195,United Kingdom
16878,Hibernating,84,1,13.3,13.3,,3,0,United Kingdom
16880,At Risk,31,8,1840.86,230.11,99.0,130,462,United Kingdom
16881,New Customers,67,1,432.0,432.0,,1,0,United Kingdom
16882,New Customers,67,3,705.12,235.04,47.5,39,250,United Kingdom
16883,At Risk,187,19,2396.59,126.14,52.4,159,548,United Kingdom
16884,New Customers,38,4,1073.92,268.48,241.4,64,532,United Kingdom
16885,New Customers,15,4,709.49,177.37,129.2,120,370,United Kingdom
16886,Hibernating,456,1,134.0,134.0,,8,0,United Kingdom
16887,New Customers,35,3,660.72,220.24,13.5,94,703,United Kingdom
16888,Hibernating,401,3,437.15,145.72,125.5,44,300,United Kingdom
16889,At Risk,195,6,2530.9,421.82,27.6,163,371,United Kingdom
16890,Hibernating,477,3,277.91,92.64,35.0,16,105,United Kingdom
16891,Champions,2,11,2056.82,186.98,58.6,335,733,United Kingdom
16892,New Customers,1,7,762.1,108.87,131.8,119,729,United Kingdom
16893,Hibernating,367,2,401.35,200.68,,79,9,United Kingdom
16894,At Risk,502,3,1324.06,441.35,16.5,186,33,United Kingdom
16895,At Risk,65,5,1121.42,224.28,131.6,135,601,United Kingdom
16896,Hibernating,555,1,103.95,103.95,,18,0,United Kingdom
16897,Hibernating,299,2,289.78,144.89,,37,14,United Kingdom
16898,New Customers,26,5,1016.37,203.27,54.3,223,550,United Kingdom
16899,Champions,8,8,1721.02,215.13,45.3,101,389,United Kingdom
16900,New Customers,17,3,882.16,294.05,20.5,77,46,United Kingdom
16901,Hibernating,729,1,204.26,204.26,,23,0,United Kingdom
16902,At Risk,116,1,1706.88,1706.88,,43,0,United Kingdom
16903,New Customers,29,3,1062.28,354.09,158.0,148,386,United Kingdom
16904,Champions,4,20,5113.57,255.68,19.3,482,406,United Kingdom
16905,Champions,5,17,5031.65,295.98,50.4,170,723,United Kingdom
16906,At Risk,82,7,1447.95,206.85,66.5,179,493,United Kingdom
16907,Champions,29,9,1707.9,189.77,34.3,109,497,United Kingdom
16908,Hibernating,722,1,252.59,252.59,,20,0,United Kingdom
16909,Hibernating,72,1,379.14,379.14,,18,0,United Kingdom
16910,Champions,4,8,1510.06,188.76,13.1,318,86,United Kingdom
16911,Hibernating,636,2,255.25,127.63,,30,25,United Kingdom
16912,Champions,29,15,4480.31,298.69,55.3,130,701,United Kingdom
16913,Hibernating,290,3,423.91,141.3,180.5,18,361,United Kingdom
16914,New Customers,36,1,208.46,208.46,,25,0,United Kingdom
16915,Champions,9,11,1543.18,140.29,22.9,54,560,United Kingdom
16916,New Customers,24,4,1117.5,279.38,154.6,179,391,United Kingdom
16917,At Risk,277,2,1857.83,928.92,,45,355,United Kingdom
16918,Champions,50,16,3213.29,200.83,42.1,280,687,United Kingdom
16919,Champions,156,24,5125.91,213.58,21.6,230,320,United Kingdom
16920,Hibernating,411,1,355.45,355.45,,23,0,United Kingdom
16921,New Customers,61,3,446.67,148.89,111.5,78,539,United Kingdom
16922,Hibernating,573,1,611.08,611.08,,122,0,United Kingdom
16923,Champions,12,32,13378.36,418.07,14.0,431,665,United Kingdom
16924,New Customers,21,3,846.75,282.25,11.5,69,62,United Kingdom
16925,Hibernating,540,1,125.65,125.65,,18,0,United Kingdom
16926,At Risk,371,5,1421.35,284.27,27.6,63,155,United Kingdom
16927,At Risk,116,3,543.05,181.02,38.0,5,245,United Kingdom
16928,Champions,80,26,4013.78,154.38,41.6,133,594,United Kingdom
16929,New Customers,4,7,1295.39,185.06,16.9,51,151,United Kingdom
16930,New Customers,26,3,380.55,126.85,21.0,47,42,United Kingdom
16931,Champions,5,23,5233.62,227.55,8.9,466,391,United Kingdom
16932,New Customers,53,3,440.71,146.9,111.0,116,517,United Kingdom
16933,Champions,1,9,3181.25,353.47,74.4,213,728,United Kingdom
16934,At Risk,55,6,2110.99,351.83,116.7,128,566,United Kingdom
16935,Hibernating,382,3,535.1,178.37,12.0,55,39,United Kingdom
16936,New Customers,26,2,551.17,275.59,,122,359,United Kingdom
16937,Hibernating,499,1,202.1,202.1,,49,0,United Kingdom
16938,Champions,9,9,7043.18,782.58,47.8,547,651,United Kingdom
16939,Hibernating,489,3,449.0,149.67,52.5,38,160,United Kingdom
16940,Champions,52,8,6427.66,803.46,35.1,360,679,United Kingdom
16941,Hibernating,612,1,33.0,33.0,,2,0,United Kingdom
16942,Champions,13,9,1920.59,213.4,30.0,159,215,United Kingdom
16943,At Risk,212,3,816.73,272.24,3.5,23,106,United Kingdom
16944,Hibernating,610,1,101.36,101.36,,7,0,United Kingdom
16945,Champions,22,33,8548.16,259.04,19.5,231,709,United Kingdom
16946,At Risk,383,5,1222.04,244.41,43.6,69,264,United Kingdom
16947,At Risk,236,4,946.71,236.68,63.9,49,410,United Kingdom
16948,At Risk,139,7,868.77,124.11,27.4,20,517,United Kingdom
16949,New Customers,4,6,1286.27,214.38,42.5,57,312,United Kingdom
16950,Champions,57,10,3776.37,377.64,67.8,110,627,United Kingdom
16951,At Risk,135,3,1277.75,425.92,83.0,73,169,United Kingdom
16952,At Risk,109,5,798.78,159.76,148.0,76,618,United Kingdom
16953,Hibernating,30,1,20.8,20.8,,1,0,United Kingdom
16954,Champions,1,20,6081.88,304.09,30.0,83,689,United Kingdom
16955,At Risk,185,6,1309.41,218.24,68.5,33,492,United Kingdom
16956,New Customers,18,1,308.74,308.74,,16,0,United Kingdom
16957,Hibernating,239,2,416.64,208.32,,15,42,United Kingdom
16958,Hibernating,435,1,809.44,809.44,,69,0,United Kingdom
16959,Hibernating,87,1,117.35,117.35,,7,0,United Kingdom
16960,At Risk,39,8,2041.48,255.18,70.9,333,608,United Kingdom
16961,At Risk,116,3,794.56,264.85,64.0,52,415,United Kingdom
16962,Hibernating,410,1,251.04,251.04,,15,0,United Kingdom
16963,Hibernating,187,1,110.55,110.55,,7,0,United Kingdom
16964,Hibernating,733,2,207.85,103.92,,6,0,United Kingdom
16965,Hibernating,227,1,192.07,192.07,,25,0,United Kingdom
16966,Champions,8,7,2154.97,307.85,40.6,8,231,United Kingdom
16967,Hibernating,189,1,319.02,319.02,,21,0,United Kingdom
16968,New Customers,4,2,439.43,219.72,,31,103,United Kingdom
16969,New Customers,39,3,650.41,216.8,19.0,42,152,United Kingdom
16970,Hibernating,626,1,71.4,71.4,,2,0,United Kingdom
16971,New Customers,38,1,357.21,357.21,,40,0,United Kingdom
16972,Hibernating,383,2,786.25,393.12,,54,73,United Kingdom
16973,Hibernating,386,1,127.0,127.0,,6,0,United Kingdom
16974,Hibernating,523,2,365.5,182.75,,5,41,United Kingdom
16975,At Risk,423,3,926.12,308.71,1.0,44,82,United Kingdom
16976,Hibernating,267,1,251.52,251.52,,2,0,United Kingdom
16977,Hibernating,395,4,496.0,124.0,81.5,25,236,United Kingdom
16978,New Customers,78,3,768.88,256.29,294.5,65,588,United Kingdom
16979,Champions,4,9,2859.74,317.75,46.5,82,446,United Kingdom
16980,At Risk,255,3,1473.33,491.11,50.5,91,173,United Kingdom
16982,New Customers,61,1,384.06,384.06,,22,0,United Kingdom
16983,Champions,13,11,3710.22,337.29,28.8,151,433,United Kingdom
16984,Champions,88,9,10754.8,1194.98,79.2,669,553,United Kingdom
16985,Champions,17,23,10923.16,474.92,29.3,130,711,United Kingdom
16986,Champions,30,11,4888.75,444.43,122.9,65,643,United Kingdom
16987,Champions,3,11,2513.95,228.54,76.2,154,734,United Kingdom
16988,New Customers,5,2,382.67,191.34,,20,374,United Kingdom
16989,New Customers,7,6,1133.25,188.88,17.9,7,143,United Kingdom
16990,Hibernating,219,2,344.0,172.0,,1,203,United Kingdom
16991,Hibernating,421,1,1041.21,1041.21,,74,0,United Kingdom
16992,Champions,11,13,5476.5,421.27,40.0,212,655,United Kingdom
16993,At Risk,464,2,1950.95,975.48,,19,112,United Kingdom
16996,Champions,30,9,2123.61,235.96,41.9,32,387,United Kingdom
16997,At Risk,288,3,702.0,234.0,2.5,7,37,United Kingdom
16998,At Risk,150,5,402.0,80.4,52.1,2,294,United Kingdom
16999,New Customers,23,2,484.82,242.41,,21,50,United Kingdom
17000,Hibernating,396,2,406.3,203.15,,26,11,United Kingdom
17001,Champions,1,19,6640.8,349.52,21.1,108,623,United Kingdom
17002,At Risk,86,7,2571.55,367.36,53.6,64,555,United Kingdom
17003,At Risk,402,4,830.16,207.54,68.7,90,176,United Kingdom
17004,At Risk,46,4,2425.16,606.29,123.2,48,377,United Kingdom
17005,Hibernating,471,2,742.36,371.18,,14,118,United Kingdom
17006,Champions,5,8,1636.32,204.54,114.4,103,639,United Kingdom
17007,At Risk,51,7,1120.1,160.01,50.3,63,386,United Kingdom
17008,Hibernating,429,1,81.36,81.36,,1,0,United Kingdom
17009,Hibernating,551,1,242.06,242.06,,10,0,United Kingdom
17010,New Customers,18,1,195.36,195.36,,11,0,United Kingdom
17011,New Customers,30,3,671.7,223.9,306.5,27,621,United Kingdom
17012,Hibernating,725,1,384.16,384.16,,34,0,United Kingdom
17014,New Customers,8,3,586.33,195.44,5.0,63,58,United Kingdom
17015,New Customers,29,3,1842.56,614.19,35.5,182,156,United Kingdom
17016,Hibernating,577,1,552.4,552.4,,41,0,United Kingdom
17017,Champions,3,29,14110.61,486.57,41.7,120,733,United Kingdom
17018,At Risk,41,6,2287.7,381.28,90.7,26,694,United Kingdom
17019,Champions,11,11,3996.9,363.35,70.8,343,726,United Kingdom
17020,Hibernating,542,2,935.62,467.81,,64,104,United Kingdom
17021,At Risk,442,6,1182.22,197.04,22.2,35,146,United Kingdom
17022,New Customers,31,2,260.0,130.0,,16,401,United Kingdom
17023,At Risk,417,3,800.18,266.73,71.0,48,280,United Kingdom
17024,New Customers,45,3,95.85,31.95,2.0,2,112,United Kingdom
17025,At Risk,61,5,1510.64,302.13,130.7,31,580,United Kingdom
17026,Hibernating,185,3,208.98,69.66,68.0,4,231,United Kingdom
17027,At Risk,79,9,1327.11,147.46,65.6,126,651,United Kingdom
17028,At Risk,581,3,1593.83,531.28,2.0,85,140,United Kingdom
17029,At Risk,111,7,2137.3,305.33,42.0,19,553,United Kingdom
17030,Hibernating,64,1,146.87,146.87,,11,0,United Kingdom
17031,Champions,12,6,2773.85,462.31,65.5,34,569,United Kingdom
17032,At Risk,603,5,2916.97,583.39,18.8,180,125,United Kingdom
17033,At Risk,86,4,1332.79,333.2,46.9,33,311,United Kingdom
17034,New Customers,16,5,1283.92,256.78,52.9,49,497,United Kingdom
17035,At Risk,246,4,613.59,153.4,88.4,29,491,United Kingdom
17036,Hibernating,383,1,176.9,176.9,,12,0,United Kingdom
17037,New Customers,88,1,1267.32,1267.32,,75,0,United Kingdom
17038,New Customers,30,2,743.17,371.58,,61,384,United Kingdom
17039,Hibernating,604,1,1954.99,1954.99,,44,0,United Kingdom
17040,Hibernating,138,2,463.25,231.62,,15,412,United Kingdom
17041,New Customers,27,6,1686.28,281.05,96.9,93,573,United Kingdom
17042,New Customers,3,5,1044.38,208.88,33.9,74,244,United Kingdom
17043,Champions,32,8,2616.55,327.07,57.1,175,698,United Kingdom
17044,Champions,25,12,11962.3,996.86,95.9,92,707,United Kingdom
17045,At Risk,113,5,827.68,165.54,34.0,44,316,United Kingdom
17046,At Risk,157,5,1906.07,381.21,110.5,76,463,United Kingdom
17047,At Risk,85,6,2289.23,381.54,75.8,114,646,United Kingdom
17048,At Risk,118,7,2071.68,295.95,46.5,88,572,United Kingdom
17049,Champions,3,19,9947.48,523.55,30.6,316,643,United Kingdom
17050,At Risk,96,10,4391.66,439.17,47.9,192,585,United Kingdom
17051,At Risk,194,4,714.39,178.6,85.8,107,433,United Kingdom
17052,New Customers,28,1,413.75,413.75,,72,0,United Kingdom
17053,Hibernating,131,1,498.48,498.48,,13,0,United Kingdom
17054,New Customers,28,5,1356.33,271.27,38.4,64,216,United Kingdom
17055,Hibernating,446,1,239.55,239.55,,24,0,United Kingdom
17056,Hibernating,738,1,128.6,128.6,,8,0,United Kingdom
17057,Hibernating,596,1,288.79,288.79,,47,0,United Kingdom
17058,At Risk,82,3,1179.89,393.3,39.0,51,158,United Kingdom
17059,Champions,30,9,5602.53,622.5,28.9,349,652,United Kingdom
17060,Hibernating,266,1,234.24,234.24,,5,0,United Kingdom
17061,Champions,74,11,5232.23,475.66,13.1,57,158,United Kingdom
17062,At Risk,314,6,1198.14,199.69,17.1,81,125,United Kingdom
17063,Champions,21,13,3638.53,279.89,46.2,150,717,United Kingdom
17064,New Customers,59,3,859.35,286.45,10.5,53,268,United Kingdom
17065,Hibernating,638,2,194.7,97.35,,6,0,United Kingdom
17066,Hibernating,726,1,228.34,228.34,,17,0,United Kingdom
17067,Hibernating,725,3,454.54,151.51,3.5,8,6,United Kingdom
17068,Champions,12,47,9147.33,194.62,7.6,249,608,United Kingdom
17069,Champions,28,14,5794.28,413.88,53.0,202,708,United Kingdom
17070,Hibernating,114,2,445.32,222.66,,102,296,United Kingdom
17071,Champions,28,13,3801.2,292.4,35.1,141,656,United Kingdom
17072,Hibernating,625,1,282.05,282.05,,20,0,United Kingdom
17073,New Customers,18,4,1444.84,361.21,3.3,141,91,United Kingdom
17074,Hibernating,563,1,203.05,203.05,,4,0,United Kingdom
17075,Champions,18,10,2241.73,224.17,69.8,153,708,United Kingdom
17076,At Risk,36,6,1242.75,207.12,86.5,31,699,United Kingdom
17077,Hibernating,578,1,306.0,306.0,,1,0,United Kingdom
17078,New Customers,36,2,375.86,187.93,,27,0,United Kingdom
17079,Hibernating,78,1,118.8,118.8,,2,0,United Kingdom
17080,New Customers,22,7,957.53,136.79,86.7,26,503,United Kingdom
17081,New Customers,25,6,964.39,160.73,117.4,166,629,United Kingdom
17082,Champions,33,6,4732.03,788.67,104.6,117,691,United Kingdom
17083,At Risk,109,9,4049.79,449.98,54.3,30,559,United Kingdom
17084,At Risk,35,3,5202.97,1734.32,180.5,263,361,United Kingdom
17085,Champions,123,28,7883.01,281.54,25.1,410,610,United Kingdom
17086,New Customers,7,6,2050.08,341.68,4.4,76,56,United Kingdom
17087,Hibernating,738,1,221.53,221.53,,12,0,United Kingdom
17088,New Customers,28,4,1991.01,497.75,27.1,96,225,United Kingdom
17089,Hibernating,386,1,128.45,128.45,,4,0,United Kingdom
17090,Champions,4,13,3149.48,242.27,37.5,54,503,United Kingdom
17091,Champions,3,19,7811.1,411.11,26.6,242,720,United Kingdom
17092,Champions,50,11,5594.96,508.63,52.8,273,625,United Kingdom
17093,Hibernating,593,1,235.88,235.88,,13,0,United Kingdom
17094,Hibernating,322,2,402.2,201.1,,18,101,United Kingdom
17095,Champions,23,7,2572.25,367.46,81.9,110,701,United Kingdom
17096,Champions,15,11,3759.18,341.74,39.4,162,540,United Kingdom
17097,Champions,2,9,1340.45,148.94,66.1,182,428,Spain
17098,Hibernating,382,3,591.07,197.02,54.5,10,159,United Kingdom
17099,Hibernating,533,1,582.17,582.17,,40,0,United Kingdom
17100,New Customers,18,2,971.74,485.87,,65,0,United Kingdom
17101,Champions,10,7,2507.05,358.15,73.5,54,539,United Kingdom
17102,Hibernating,262,1,25.5,25.5,,1,0,United Kingdom
17103,Hibernating,722,1,424.3,424.3,,32,0,United Kingdom
17104,Hibernating,424,1,474.03,474.03,,19,0,United Kingdom
17105,Hibernating,159,2,665.78,332.89,,80,147,United Kingdom
17106,Hibernating,389,1,491.23,491.23,,51,0,United Kingdom
17107,Champions,33,10,16075.42,1607.54,35.7,377,643,United Kingdom
17108,Hibernating,664,1,174.95,174.95,,9,0,United Kingdom
17109,At Risk,29,8,1295.46,161.93,78.2,124,468,United Kingdom
17110,Hibernating,165,3,510.7,170.23,132.5,38,444,United Kingdom
17111,New Customers,47,2,476.58,238.29,,44,378,United Kingdom
17112,Hibernating,503,1,205.17,205.17,,44,0,United Kingdom
17113,At Risk,574,6,2322.59,387.1,25.3,122,123,United Kingdom
17114,New Customers,6,8,808.62,101.08,24.6,85,329,United Kingdom
17115,Champions,8,7,2761.49,394.5,97.0,102,726,United Kingdom
17116,Hibernating,648,1,389.78,389.78,,47,0,United Kingdom
17117,Hibernating,288,1,116.2,116.2,,9,0,United Kingdom
17118,Hibernating,318,1,157.02,157.02,,10,0,United Kingdom
17119,New Customers,3,2,606.91,303.46,,35,56,United Kingdom
17120,Hibernating,233,1,307.46,307.46,,18,0,United Kingdom
17121,Hibernating,403,1,314.74,314.74,,12,0,United Kingdom
17122,At Risk,119,4,570.5,142.62,104.5,23,380,United Kingdom
17123,At Risk,162,3,966.67,322.22,72.5,36,410,United Kingdom
17124,Hibernating,185,1,298.89,298.89,,31,0,United Kingdom
17125,New Customers,50,1,259.35,259.35,,34,0,United Kingdom
17126,At Risk,152,9,2062.94,229.22,44.9,294,313,United Kingdom
17127,At Risk,429,5,1155.03,231.01,73.4,27,306,United Kingdom
17128,Hibernating,335,1,157.09,157.09,,14,0,United Kingdom
17129,Hibernating,520,1,31.85,31.85,,2,0,United Kingdom
17131,New Customers,5,5,2463.17,492.63,11.6,78,70,United Kingdom
17132,At Risk,452,2,1272.8,636.4,,62,36,United Kingdom
17133,Champions,16,12,14622.33,1218.53,55.9,22,612,United Kingdom
17134,At Risk,107,3,637.1,212.37,10.0,31,335,United Kingdom
17135,Champions,16,10,1948.36,194.84,70.2,97,563,United Kingdom
17136,Hibernating,662,1,231.68,231.68,,14,0,United Kingdom
17137,At Risk,416,6,1133.63,188.94,32.5,125,261,United Kingdom
17138,At Risk,276,7,4417.27,631.04,47.4,234,397,United Kingdom
17139,Champions,16,25,19584.46,783.38,25.3,447,681,United Kingdom
17140,Hibernating,247,1,465.32,465.32,,16,0,United Kingdom
17141,At Risk,418,4,754.33,188.58,125.4,138,266,United Kingdom
17142,At Risk,239,4,1283.75,320.94,14.8,78,445,United Kingdom
17143,Hibernating,417,2,924.11,462.06,,82,98,United Kingdom
17144,New Customers,1,2,984.57,492.28,,42,83,United Kingdom
17145,At Risk,513,4,3120.91,780.23,62.6,168,145,United Kingdom
17146,Champions,106,13,5860.24,450.79,43.1,164,570,United Kingdom
17147,Champions,23,9,3199.95,355.55,38.2,99,675,United Kingdom
17148,Hibernating,52,1,124.88,124.88,,9,0,United Kingdom
17149,Hibernating,451,1,143.1,143.1,,6,0,United Kingdom
17150,At Risk,377,6,1375.65,229.28,39.6,64,357,United Kingdom
17151,Hibernating,735,1,231.9,231.9,,4,0,United Kingdom
17152,At Risk,195,4,2016.5,504.12,66.4,9,230,United Kingdom
17153,New Customers,24,1,213.78,213.78,,14,0,United Kingdom
17154,Hibernating,75,1,329.34,329.34,,23,0,United Kingdom
17155,New Customers,18,7,892.46,127.49,114.5,43,719,United Kingdom
17156,Hibernating,492,1,591.87,591.87,,39,0,United Kingdom
17157,Champions,8,19,5151.9,271.15,74.3,78,727,United Kingdom
17158,At Risk,32,5,1980.0,396.0,42.9,74,609,United Kingdom
17159,New Customers,22,5,2099.59,419.92,95.7,115,623,United Kingdom
17160,Champions,31,17,10209.16,600.54,28.6,215,704,United Kingdom
17161,Hibernating,444,1,856.01,856.01,,52,0,United Kingdom
17162,Champions,29,10,1715.46,171.55,34.0,81,276,United Kingdom
17163,New Customers,22,4,699.78,174.94,126.8,27,653,United Kingdom
17164,At Risk,33,7,2467.35,352.48,29.3,92,240,United Kingdom
17165,At Risk,284,6,1794.32,299.05,47.8,77,444,United Kingdom
17166,New Customers,39,2,206.34,103.17,,11,165,United Kingdom
17167,At Risk,380,3,867.11,289.04,5.0,64,65,United Kingdom
17168,Hibernating,499,1,400.2,400.2,,21,0,United Kingdom
17169,New Customers,58,3,1156.73,385.58,134.5,64,520,United Kingdom
17170,Hibernating,374,2,178.68,89.34,,8,14,United Kingdom
17171,Hibernating,289,2,384.59,192.3,,25,372,United Kingdom
17172,At Risk,79,3,956.57,318.86,28.0,39,647,United Kingdom
17173,Champions,5,8,3766.6,470.83,18.6,36,125,United Kingdom
17174,Hibernating,218,1,59.9,59.9,,4,0,United Kingdom
17175,At Risk,44,4,1443.69,360.92,32.8,42,252,United Kingdom
17176,At Risk,202,3,902.32,300.77,87.0,37,475,United Kingdom
17177,Hibernating,505,1,119.5,119.5,,29,0,United Kingdom
17178,Hibernating,731,1,436.71,436.71,,31,0,United Kingdom
17179,At Risk,178,6,1507.26,251.21,48.4,75,384,United Kingdom
17180,At Risk,56,11,2256.98,205.18,51.1,189,630,United Kingdom
17181,New Customers,57,3,465.37,155.12,47.0,28,538,United Kingdom
17182,Hibernating,423,2,321.3,160.65,,4,295,United Kingdom
17183,Champions,8,6,3347.31,557.89,15.9,42,97,United Kingdom
17184,Hibernating,569,2,198.41,99.21,,14,161,United Kingdom
17185,Hibernating,592,3,229.46,76.49,3.5,38,6,United Kingdom
17186,New Customers,47,2,144.0,72.0,,1,13,United Kingdom
17187,Hibernating,227,2,467.71,233.86,,21,299,United Kingdom
17188,Champions,11,13,4592.93,353.3,44.3,136,719,United Kingdom
17189,At Risk,106,5,957.63,191.53,89.0,101,631,United Kingdom
17190,At Risk,59,7,1741.2,248.74,75.0,159,585,United Kingdom
17191,Champions,28,15,4836.05,322.4,33.2,269,710,United Kingdom
17192,Hibernating,536,1,77.83,77.83,,20,0,United Kingdom
17193,Champions,36,9,2310.04,256.67,119.8,28,702,United Kingdom
17194,Hibernating,361,2,776.66,388.33,,56,169,United Kingdom
17195,Hibernating,655,1,562.98,562.98,,31,0,United Kingdom
17196,Hibernating,428,1,352.9,352.9,,84,0,United Kingdom
17197,New Customers,30,1,1013.01,1013.01,,29,0,United Kingdom
17198,New Customers,24,3,1213.88,404.63,168.0,89,347,United Kingdom
17199,Hibernating,582,1,145.12,145.12,,8,0,United Kingdom
17200,Hibernating,387,4,356.71,89.18,124.9,25,264,United Kingdom
17201,At Risk,54,4,1231.54,307.88,191.3,153,613,United Kingdom
17202,Hibernating,421,1,160.65,160.65,,8,0,United Kingdom
17203,Champions,36,10,5575.88,557.59,102.2,195,352,United Kingdom
17204,At Risk,175,9,5504.69,611.63,41.6,110,372,United Kingdom
17205,New Customers,54,3,999.35,333.12,107.5,27,510,United Kingdom
17206,Hibernating,53,1,204.24,204.24,,7,0,United Kingdom
17207,Hibernating,652,1,302.37,302.37,,54,0,United Kingdom
17208,Hibernating,396,1,115.35,115.35,,21,0,United Kingdom
17209,Hibernating,649,3,611.6,203.87,35.5,36,87,United Kingdom
17210,Hibernating,393,1,253.37,253.37,,47,0,United Kingdom
17211,Champions,27,13,4046.65,311.28,62.9,217,699,United Kingdom
17212,At Risk,253,3,794.41,264.8,88.5,29,233,United Kingdom
17213,Champions,40,13,5182.3,398.64,56.1,130,684,United Kingdom
17214,At Risk,60,6,1069.12,178.19,53.4,79,298,United Kingdom
17215,Hibernating,464,1,186.15,186.15,,11,0,United Kingdom
17216,Hibernating,554,1,65.05,65.05,,13,0,United Kingdom
17217,Hibernating,234,2,218.0,109.0,,27,385,United Kingdom
17218,Champions,4,18,4190.68,232.82,39.2,247,678,United Kingdom
17219,New Customers,32,2,259.13,129.56,,43,384,United Kingdom
17220,Champions,24,21,4475.85,213.14,40.2,407,664,United Kingdom
17221,New Customers,7,5,978.52,195.7,234.1,115,599,United Kingdom
17222,At Risk,65,6,1589.11,264.85,146.6,93,632,United Kingdom
17223,At Risk,310,3,803.53,267.84,25.5,61,64,United Kingdom
17224,Hibernating,501,1,100.86,100.86,,8,0,United Kingdom
17225,Hibernating,582,1,131.15,131.15,,5,0,United Kingdom
17226,At Risk,309,3,900.12,300.04,42.5,51,356,United Kingdom
17227,Champions,19,12,2022.03,168.5,34.1,58,674,United Kingdom
17228,Champions,16,13,3177.24,244.4,35.1,199,621,United Kingdom
17229,Hibernating,96,2,318.76,159.38,,39,46,United Kingdom
17230,Champions,264,18,9924.95,551.39,47.5,141,467,United Kingdom
17231,Champions,12,25,7197.04,287.88,18.1,509,719,United Kingdom
17232,New Customers,3,2,421.52,210.76,,30,11,United Kingdom
17233,New Customers,35,3,560.86,186.95,68.5,56,689,United Kingdom
17234,Hibernating,183,1,149.89,149.89,,14,0,United Kingdom
17235,Champions,25,8,1904.88,238.11,114.1,52,527,United Kingdom
17236,Champions,13,12,1929.26,160.77,44.3,123,629,United Kingdom
17237,New Customers,11,4,1002.08,250.52,162.4,76,370,United Kingdom
17238,Champions,3,32,7782.6,243.21,21.7,485,736,United Kingdom
17239,At Risk,313,4,1189.45,297.36,25.8,18,213,United Kingdom
17240,Hibernating,596,1,130.6,130.6,,7,0,United Kingdom
17241,At Risk,385,12,2744.14,228.68,21.9,116,276,United Kingdom
17242,At Risk,108,5,2889.28,577.86,78.6,44,576,United Kingdom
17243,Champions,1,69,20870.96,302.48,8.6,358,736,United Kingdom
17244,At Risk,53,5,1826.04,365.21,170.1,109,680,United Kingdom
17245,Hibernating,205,2,371.63,185.82,,24,484,United Kingdom
17246,Hibernating,547,2,38.92,19.46,,6,191,United Kingdom
17247,New Customers,15,1,282.19,282.19,,53,0,United Kingdom
17248,Hibernating,120,2,546.16,273.08,,85,361,United Kingdom
17249,Hibernating,429,1,68.03,68.03,,27,0,United Kingdom
17250,New Customers,4,2,384.52,192.26,,55,257,United Kingdom
17251,At Risk,363,3,812.43,270.81,161.0,65,362,United Kingdom
17252,Hibernating,117,2,353.86,176.93,,86,69,United Kingdom
17253,New Customers,18,1,178.26,178.26,,18,0,United Kingdom
17254,New Customers,5,3,470.73,156.91,187.5,129,396,United Kingdom
17255,New Customers,41,4,799.13,199.78,88.6,163,405,United Kingdom
17256,At Risk,107,5,498.93,99.79,77.4,20,492,United Kingdom
17257,Hibernating,436,2,192.73,96.36,,14,0,United Kingdom
17258,Hibernating,397,2,417.3,208.65,,46,268,United Kingdom
17259,At Risk,148,6,1889.34,314.89,71.9,179,507,United Kingdom
17260,Hibernating,411,1,120.95,120.95,,6,0,United Kingdom
17261,Hibernating,510,1,230.44,230.44,,43,0,United Kingdom
17262,Champions,52,11,2757.62,250.69,57.6,12,672,United Kingdom
17263,Hibernating,208,1,63.44,63.44,,23,0,United Kingdom
17264,Hibernating,424,1,279.59,279.59,,70,0,United Kingdom
17265,Hibernating,139,2,562.9,281.45,,106,41,United Kingdom
17266,New Customers,2,5,517.73,103.55,125.3,95,638,United Kingdom
17267,Hibernating,127,2,317.62,158.81,,37,0,United Kingdom
17268,At Risk,108,11,1733.89,157.63,56.2,26,623,United Kingdom
17269,Hibernating,386,1,537.46,537.46,,110,0,United Kingdom
17270,Hibernating,469,2,604.4,302.2,,45,262,United Kingdom
17271,Hibernating,736,1,210.39,210.39,,46,0,United Kingdom
17272,At Risk,42,4,2148.63,537.16,61.3,70,220,United Kingdom
17273,Hibernating,424,1,141.12,141.12,,12,0,United Kingdom
17274,New Customers,35,2,577.38,288.69,,76,360,United Kingdom
17275,Hibernating,383,1,114.52,114.52,,23,0,United Kingdom
17276,Hibernating,402,1,507.14,507.14,,49,0,United Kingdom
17277,At Risk,228,2,1065.35,532.67,,67,95,United Kingdom
17278,Hibernating,241,2,271.24,135.62,,17,323,United Kingdom
17279,Hibernating,58,1,187.83,187.83,,8,0,United Kingdom
17280,Hibernating,438,1,118.86,118.86,,6,0,United Kingdom
17281,At Risk,374,6,797.85,132.98,12.4,2,299,United Kingdom
17282,At Risk,130,5,2339.66,467.93,42.3,168,418,United Kingdom
17283,Hibernating,379,1,188.46,188.46,,15,0,United Kingdom
17284,At Risk,60,7,2563.7,366.24,26.4,284,328,United Kingdom
17285,Hibernating,628,2,420.84,210.42,,40,34,United Kingdom
17286,New Customers,22,3,395.48,131.83,189.5,89,378,United Kingdom
17287,Champions,26,21,4111.96,195.81,29.6,279,710,United Kingdom
17288,Champions,9,11,2499.98,227.27,54.9,233,385,United Kingdom
17289,Champions,32,9,2079.39,231.04,64.0,202,609,United Kingdom
17290,Champions,4,8,1440.96,180.12,116.4,183,722,United Kingdom
17291,Hibernating,308,1,550.8,550.8,,1,0,United Kingdom
17292,Hibernating,472,2,271.75,135.88,,14,107,United Kingdom
17293,Champions,8,17,3774.23,222.01,38.1,148,727,United Kingdom
17294,Hibernating,669,2,467.79,233.9,,17,0,United Kingdom
17295,New Customers,29,3,556.95,185.65,18.0,53,35,United Kingdom
17296,Hibernating,730,1,338.13,338.13,,32,0,United Kingdom
17297,New Customers,17,1,131.78,131.78,,49,0,United Kingdom
17298,At Risk,101,5,941.66,188.33,80.9,60,540,United Kingdom
17299,New Customers,12,6,1016.08,169.35,89.3,96,469,United Kingdom
17300,Hibernating,391,2,393.64,196.82,,37,90,United Kingdom
17301,New Customers,21,2,330.43,165.22,,107,603,United Kingdom
17302,New Customers,15,5,1135.63,227.13,31.9,68,290,United Kingdom
17303,Hibernating,361,1,250.04,250.04,,53,0,United Kingdom
17304,Hibernating,534,1,111.5,111.5,,5,0,United Kingdom
17305,Hibernating,649,1,2135.46,2135.46,,9,0,United Kingdom
17306,Champions,11,21,9782.35,465.83,13.9,17,393,United Kingdom
17307,At Risk,395,11,3999.89,363.63,18.9,22,293,United Kingdom
17308,At Risk,393,2,4511.76,2255.88,,5,59,United Kingdom
17309,Hibernating,95,3,330.59,110.2,3.0,33,577,United Kingdom
17310,Hibernating,387,2,1025.1,512.55,,1,147,United Kingdom
17311,At Risk,78,6,3566.56,594.43,70.0,124,596,United Kingdom
17312,At Risk,139,3,644.3,214.77,6.5,11,20,United Kingdom
17313,New Customers,31,1,2328.84,2328.84,,24,0,United Kingdom
17314,Champions,25,17,4904.43,288.5,32.1,200,711,United Kingdom
17315,Champions,2,41,9610.52,234.4,7.2,383,436,United Kingdom
17316,Hibernating,420,1,124.45,124.45,,35,0,United Kingdom
17317,At Risk,46,3,2600.34,866.78,15.5,8,43,United Kingdom
17318,Hibernating,725,1,164.28,164.28,,17,0,United Kingdom
17319,Hibernating,669,1,29.1,29.1,,3,0,United Kingdom
17320,At Risk,100,6,2895.77,482.63,42.1,86,586,United Kingdom
17321,New Customers,8,6,1741.18,290.2,120.1,241,569,United Kingdom
17322,At Risk,376,5,922.59,184.52,133.6,115,360,United Kingdom
17323,Champions,15,12,1562.19,130.18,28.9,167,683,United Kingdom
17324,Champions,18,12,2301.87,191.82,82.8,111,703,United Kingdom
17325,Hibernating,280,3,609.57,203.19,50.5,39,361,United Kingdom
17326,Hibernating,408,2,321.95,160.98,,82,121,United Kingdom
17327,Hibernating,410,2,152.35,76.18,,3,152,United Kingdom
17328,Hibernating,673,1,104.7,104.7,,6,0,United Kingdom
17329,New Customers,14,5,1004.43,200.89,182.6,80,721,United Kingdom
17330,New Customers,23,4,423.8,105.95,191.4,7,624,United Kingdom
17331,Hibernating,124,1,175.2,175.2,,1,0,United Kingdom
17332,At Risk,528,5,827.77,165.55,16.0,81,128,United Kingdom
17333,Hibernating,86,1,494.25,494.25,,28,0,United Kingdom
17334,Hibernating,302,3,635.15,211.72,46.0,20,104,United Kingdom
17335,Hibernating,384,2,508.0,254.0,,34,300,United Kingdom
17336,Hibernating,472,1,81.12,81.12,,1,0,United Kingdom
17337,At Risk,151,4,2026.42,506.6,9.9,420,158,United Kingdom
17338,Champions,17,17,12133.78,713.75,20.9,589,621,United Kingdom
17339,New Customers,94,3,362.36,120.79,63.5,10,415,United Kingdom
17340,Champions,30,18,22404.82,1244.71,26.2,322,633,United Kingdom
17341,At Risk,157,5,1889.83,377.97,96.8,200,383,United Kingdom
17342,At Risk,380,4,1227.54,306.88,63.0,31,290,United Kingdom
17343,At Risk,355,6,1259.94,209.99,42.4,61,380,United Kingdom
17344,New Customers,46,2,468.11,234.06,,64,682,United Kingdom
17345,Champions,15,10,1604.68,160.47,68.6,174,722,United Kingdom
17346,Champions,4,26,5315.8,204.45,22.1,516,597,United Kingdom
17347,Hibernating,86,1,228.96,228.96,,1,0,United Kingdom
17348,Champions,15,9,2464.31,273.81,75.8,325,624,United Kingdom
17349,At Risk,179,5,852.25,170.45,72.4,74,452,United Kingdom
17350,Champions,8,7,1906.04,272.29,118.8,123,668,United Kingdom
17351,Champions,36,12,1964.38,163.7,47.9,44,693,United Kingdom
17352,Hibernating,696,1,36.25,36.25,,5,0,United Kingdom
17353,At Risk,129,4,3242.0,810.5,129.4,7,495,United Kingdom
17354,At Risk,51,4,3143.46,785.86,178.2,85,377,United Kingdom
17355,Hibernating,386,1,285.11,285.11,,28,0,United Kingdom
17356,At Risk,312,5,946.47,189.29,86.2,73,376,United Kingdom
17357,New Customers,24,2,388.14,194.07,,41,0,United Kingdom
17358,At Risk,303,5,866.05,173.21,89.9,126,350,United Kingdom
17359,New Customers,11,2,284.46,142.23,,36,636,United Kingdom
17360,New Customers,17,6,1231.38,205.23,84.8,189,417,United Kingdom
17361,New Customers,49,5,880.64,176.13,141.2,51,627,United Kingdom
17362,At Risk,239,7,1024.04,146.29,63.8,99,463,United Kingdom
17363,At Risk,395,3,940.86,313.62,3.5,34,6,United Kingdom
17364,Champions,1,27,11711.95,433.78,24.4,512,731,United Kingdom
17365,Champions,13,15,8219.94,548.0,27.9,394,664,United Kingdom
17366,Hibernating,432,2,1096.24,548.12,,120,23,United Kingdom
17367,Hibernating,238,1,168.4,168.4,,33,0,United Kingdom
17368,Champions,23,14,2826.14,201.87,55.2,195,700,United Kingdom
17369,Hibernating,456,1,979.2,979.2,,1,0,United Kingdom
17370,New Customers,73,4,446.18,111.54,31.6,31,96,United Kingdom
17371,New Customers,17,6,658.55,109.76,139.1,134,714,United Kingdom
17372,Champions,41,27,4346.71,160.99,23.4,411,695,United Kingdom
17373,At Risk,40,7,1167.5,166.79,70.1,65,609,United Kingdom
17374,At Risk,219,3,727.11,242.37,25.5,34,176,United Kingdom
17375,At Risk,199,4,660.55,165.14,26.6,77,232,United Kingdom
17376,New Customers,71,4,453.64,113.41,64.7,41,452,United Kingdom
17377,Champions,24,78,18314.37,234.8,12.5,504,713,United Kingdom
17378,Hibernating,374,1,10.95,10.95,,1,0,United Kingdom
17379,New Customers,11,1,404.66,404.66,,71,0,United Kingdom
17380,Hibernating,434,3,645.0,215.0,16.0,5,100,United Kingdom
17381,Champions,9,38,40002.37,1052.69,12.4,50,539,United Kingdom
17382,At Risk,65,8,902.28,112.78,124.1,16,504,United Kingdom
17383,New Customers,4,2,309.99,155.0,,51,449,United Kingdom
17384,New Customers,19,3,507.55,169.18,24.0,15,447,United Kingdom
17385,New Customers,15,1,261.11,261.11,,42,0,United Kingdom
17386,Champions,8,7,2812.77,401.82,77.4,32,377,United Kingdom
17387,New Customers,20,2,784.11,392.06,,71,13,United Kingdom
17388,At Risk,78,11,2691.57,244.69,46.8,41,651,United Kingdom
17389,Champions,1,61,57224.68,938.11,16.6,63,734,United Kingdom
17390,Hibernating,421,1,149.3,149.3,,12,0,United Kingdom
17391,Hibernating,164,2,508.8,254.4,,2,0,United Kingdom
17392,Hibernating,307,3,620.56,206.85,20.0,65,143,United Kingdom
17393,Hibernating,411,2,381.15,190.58,,45,77,United Kingdom
17394,Hibernating,219,1,203.87,203.87,,4,0,United Kingdom
17395,Hibernating,508,1,97.5,97.5,,3,0,United Kingdom
17396,Champions,39,13,8789.1,676.08,61.7,28,402,United Kingdom
17397,New Customers,22,3,1233.18,411.06,197.0,132,394,United Kingdom
17398,At Risk,115,3,653.38,217.79,25.5,30,140,United Kingdom
17400,At Risk,126,8,4677.05,584.63,65.4,345,595,United Kingdom
17401,Hibernating,541,1,114.85,114.85,,11,0,United Kingdom
17402,Champions,5,22,5061.18,230.05,27.9,104,718,United Kingdom
17403,New Customers,36,2,400.57,200.28,,45,414,United Kingdom
17404,Champions,4,21,47638.12,2268.48,22.0,124,697,Sweden
17405,New Customers,1,3,1031.41,343.8,3.5,77,149,United Kingdom
17406,At Risk,333,13,4905.05,377.31,32.0,155,400,United Kingdom
17407,Hibernating,412,1,552.9,552.9,,23,0,United Kingdom
17408,Hibernating,163,3,316.09,105.36,161.5,7,350,United Kingdom
17409,At Risk,185,10,7793.51,779.35,58.5,50,543,United Kingdom
17410,New Customers,16,5,1214.72,242.94,40.6,57,199,United Kingdom
17411,New Customers,12,5,1425.38,285.08,106.8,69,724,United Kingdom
17412,Champions,3,16,4417.52,276.1,39.7,161,734,United Kingdom
17413,Hibernating,405,2,560.14,280.07,,10,165,United Kingdom
17414,At Risk,44,6,2249.52,374.92,65.0,6,692,United Kingdom
17415,Hibernating,80,1,507.84,507.84,,14,0,United Kingdom
17416,Champions,30,22,17298.45,786.29,36.1,324,695,United Kingdom
17417,Hibernating,549,1,164.18,164.18,,16,0,United Kingdom
17418,New Customers,42,3,670.06,223.35,108.5,40,344,United Kingdom
17419,Champions,11,18,6500.52,361.14,29.6,203,672,United Kingdom
17420,At Risk,50,6,1084.43,180.74,79.0,43,351,United Kingdom
17421,At Risk,386,3,1059.41,353.14,131.5,46,349,United Kingdom
17422,Champions,16,11,3594.76,326.8,18.7,149,518,United Kingdom
17423,New Customers,46,3,1118.95,372.98,2.5,39,347,United Kingdom
17425,New Customers,19,2,759.17,379.58,,42,41,United Kingdom
17426,Champions,8,13,8077.77,621.37,62.1,248,652,United Kingdom
17427,Hibernating,72,1,100.8,100.8,,2,0,United Kingdom
17428,Champions,1,45,31819.76,707.11,19.9,422,737,United Kingdom
17429,At Risk,128,5,1357.46,271.49,60.1,80,301,United Kingdom
17430,New Customers,33,4,735.17,183.79,133.4,30,446,United Kingdom
17431,Hibernating,313,1,403.3,403.3,,41,0,United Kingdom
17432,Champions,18,9,1751.39,194.6,111.5,213,717,United Kingdom
17433,New Customers,88,2,569.96,284.98,,81,297,United Kingdom
17434,Champions,2,7,2373.82,339.12,9.9,100,82,United Kingdom
17435,Hibernating,411,1,331.35,331.35,,15,0,United Kingdom
17436,New Customers,2,5,534.06,106.81,30.4,8,730,United Kingdom
17437,Hibernating,530,1,373.17,373.17,,52,0,United Kingdom
17438,At Risk,254,5,1422.77,284.55,63.5,49,387,United Kingdom
17439,Hibernating,656,1,325.74,325.74,,8,0,United Kingdom
17440,Hibernating,157,4,323.58,80.9,126.5,4,392,United Kingdom
17441,Hibernating,732,1,293.35,293.35,,21,0,United Kingdom
17442,Champions,37,15,4620.3,308.02,29.4,188,625,United Kingdom
17443,Hibernating,220,1,534.24,534.24,,1,0,Canada
17444,At Risk,152,2,2389.1,1194.55,,131,21,Canada
17446,Hibernating,177,2,120.9,60.45,,6,133,United Kingdom
17447,New Customers,40,2,541.53,270.76,,33,31,United Kingdom
17448,Champions,529,41,14481.97,353.22,7.0,568,115,United Kingdom
17449,Champions,2,13,4948.15,380.63,42.9,291,728,United Kingdom
17450,Champions,8,51,246973.09,4842.61,12.4,144,429,United Kingdom
17451,Champions,1,7,1721.4,245.91,14.6,83,104,United Kingdom
17453,New Customers,18,2,486.72,243.36,,19,46,United Kingdom
17454,At Risk,192,10,1547.94,154.79,20.5,98,500,United Kingdom
17455,Hibernating,204,1,131.7,131.7,,8,0,United Kingdom
17456,At Risk,365,2,1225.42,612.71,,59,90,United Kingdom
17457,Champions,127,14,5984.81,427.49,22.1,30,605,United Kingdom
17458,New Customers,15,2,529.58,264.79,,81,366,United Kingdom
17459,New Customers,43,2,657.3,328.65,,88,16,United Kingdom
17460,At Risk,94,16,2228.27,139.27,29.1,93,592,United Kingdom
17461,New Customers,23,3,757.46,252.49,3.5,104,6,United Kingdom
17462,New Customers,60,2,675.69,337.84,,25,223,United Kingdom
17463,Champions,16,7,2557.91,365.42,75.3,234,572,United Kingdom
17464,At Risk,158,3,1000.94,333.65,133.5,35,461,United Kingdom
17465,At Risk,426,7,2542.79,363.26,24.4,103,310,United Kingdom
17466,New Customers,10,2,763.28,381.64,,41,68,United Kingdom
17467,Hibernating,395,1,102.6,102.6,,4,0,United Kingdom
17468,New Customers,10,3,194.8,64.93,178.5,8,364,United Kingdom
17469,Champions,16,17,5051.25,297.13,45.5,165,706,United Kingdom
17470,Champions,45,11,2804.87,254.99,35.2,111,463,United Kingdom
17471,Hibernating,475,1,321.65,321.65,,19,0,United Kingdom
17472,At Risk,191,4,935.1,233.77,134.3,183,437,United Kingdom
17473,Hibernating,409,2,607.0,303.5,,33,47,United Kingdom
17474,Hibernating,600,1,1047.0,1047.0,,6,0,United Kingdom
17475,Hibernating,79,1,194.37,194.37,,14,0,United Kingdom
17476,Hibernating,396,2,489.86,244.93,,29,341,United Kingdom
17477,Hibernating,613,2,1144.3,572.15,,44,34,United Kingdom
17478,At Risk,408,2,1272.8,636.4,,40,225,United Kingdom
17479,Hibernating,633,1,389.26,389.26,,18,0,United Kingdom
17480,New Customers,78,2,902.03,451.02,,50,366,United Kingdom
17481,New Customers,4,4,1255.59,313.9,19.4,69,90,United Kingdom
17482,Hibernating,487,2,778.19,389.1,,50,91,United Kingdom
17483,New Customers,65,4,591.73,147.93,81.5,23,349,United Kingdom
17484,Hibernating,576,2,209.57,104.78,,14,47,United Kingdom
17486,Hibernating,261,1,396.87,396.87,,24,0,United Kingdom
17487,Hibernating,728,1,160.55,160.55,,8,0,United Kingdom
17488,Hibernating,641,1,336.5,336.5,,18,0,United Kingdom
17489,New Customers,59,2,376.64,188.32,,28,153,United Kingdom
17490,Champions,1,9,2750.5,305.61,79.3,93,568,United Kingdom
17491,Champions,1,17,5981.07,351.83,20.2,105,589,United Kingdom
17492,At Risk,248,3,1122.42,374.14,95.0,32,270,United Kingdom
17493,Hibernating,385,1,100.91,100.91,,8,0,United Kingdom
17494,Hibernating,502,1,54.7,54.7,,3,0,United Kingdom
17495,New Customers,8,3,806.72,268.91,160.5,38,383,United Kingdom
17496,At Risk,359,4,1412.89,353.22,65.8,54,335,United Kingdom
17497,Hibernating,390,2,287.25,143.62,,7,220,United Kingdom
17498,Hibernating,76,1,272.22,272.22,,17,0,United Kingdom
17499,At Risk,290,2,1341.39,670.7,,66,271,United Kingdom
17500,New Customers,17,3,1138.0,379.33,0.0,3,12,United Kingdom
17501,Hibernating,221,2,288.6,144.3,,18,0,United Kingdom
17502,New Customers,9,4,689.1,172.28,4.2,25,19,United Kingdom
17503,New Customers,3,2,558.96,279.48,,36,35,United Kingdom
17504,Champions,206,18,9565.12,531.4,23.9,244,463,United Kingdom
17505,At Risk,162,5,2435.48,487.1,136.7,83,443,United Kingdom
17506,Hibernating,76,1,302.2,302.2,,14,0,United Kingdom
17507,Hibernating,262,2,605.58,302.79,,79,47,United Kingdom
17508,At Risk,281,8,4579.23,572.4,21.9,199,451,Greece
17509,Champions,58,8,6115.14,764.39,1.4,75,5,United Kingdom
17510,New Customers,25,2,514.56,257.28,,28,395,United Kingdom
17511,Champions,3,60,175603.55,2926.73,9.1,657,734,United Kingdom
17512,Champions,29,18,5467.82,303.77,39.0,102,700,United Kingdom
17513,At Risk,72,3,1158.8,386.27,132.5,18,407,United Kingdom
17514,Hibernating,128,2,542.83,271.42,,72,541,United Kingdom
17515,At Risk,31,9,1617.46,179.72,43.9,91,519,United Kingdom
17516,New Customers,15,6,957.55,159.59,38.3,150,363,United Kingdom
17517,Hibernating,309,1,153.94,153.94,,11,0,United Kingdom
17518,Hibernating,426,2,329.42,164.71,,71,195,United Kingdom
17519,Champions,17,15,5109.47,340.63,30.6,142,721,United Kingdom
17520,New Customers,54,1,546.81,546.81,,30,0,United Kingdom
17521,New Customers,30,5,1278.06,255.61,66.8,65,404,United Kingdom
17522,New Customers,2,5,1066.15,213.23,49.2,58,216,United Kingdom
17523,New Customers,11,4,652.74,163.18,1.9,25,7,United Kingdom
17524,Hibernating,361,3,539.14,179.71,38.5,37,76,United Kingdom
17525,At Risk,360,3,1161.9,387.3,3.5,19,69,United Kingdom
17526,Champions,5,12,4166.04,347.17,74.7,67,717,United Kingdom
17527,New Customers,54,4,939.37,234.84,38.2,45,164,United Kingdom
17528,Champions,1,8,3628.5,453.56,5.1,183,70,United Kingdom
17529,Hibernating,610,2,1240.25,620.12,,78,87,United Kingdom
17530,Champions,1,12,3136.92,261.41,65.9,358,732,United Kingdom
17531,At Risk,190,3,1266.82,422.27,123.0,54,428,United Kingdom
17532,Hibernating,386,1,65.34,65.34,,4,0,United Kingdom
17533,Hibernating,435,1,34.8,34.8,,1,0,United Kingdom
17534,At Risk,54,5,1668.83,333.77,145.9,76,598,United Kingdom
17535,Hibernating,280,1,164.4,164.4,,13,0,United Kingdom
17536,Hibernating,177,3,364.83,121.61,9.5,16,505,United Kingdom
17537,New Customers,30,2,897.62,448.81,,74,273,United Kingdom
17538,New Customers,26,1,98.42,98.42,,9,0,United Kingdom
17539,At Risk,628,3,1211.57,403.86,21.0,131,98,United Kingdom
17540,New Customers,25,6,1590.6,265.1,93.0,41,575,United Kingdom
17541,Hibernating,510,1,124.46,124.46,,31,0,United Kingdom
17542,Hibernating,270,3,341.7,113.9,186.0,57,371,United Kingdom
17543,Hibernating,550,1,120.05,120.05,,13,0,United Kingdom
17544,At Risk,390,3,960.69,320.23,0.0,80,0,United Kingdom
17545,At Risk,43,6,1448.54,241.42,140.2,204,534,United Kingdom
17547,Hibernating,376,2,727.85,363.92,,22,289,United Kingdom
17548,At Risk,234,4,731.26,182.82,64.2,22,162,United Kingdom
17549,New Customers,24,2,148.86,74.43,,5,27,United Kingdom
17550,At Risk,197,9,2547.64,283.07,50.5,250,472,United Kingdom
17551,Hibernating,359,1,306.84,306.84,,39,0,United Kingdom
17552,Champions,60,12,3085.29,257.11,82.9,78,567,United Kingdom
17553,At Risk,130,4,3757.6,939.4,135.0,2,481,United Kingdom
17554,New Customers,1,5,1952.45,390.49,18.1,58,146,United Kingdom
17555,New Customers,20,5,1057.74,211.55,112.2,220,566,United Kingdom
17556,Hibernating,206,2,300.67,150.34,,13,173,United Kingdom
17557,New Customers,14,4,575.46,143.86,291.1,28,718,United Kingdom
17558,Hibernating,393,1,259.17,259.17,,28,0,United Kingdom
17559,Hibernating,513,1,167.62,167.62,,12,0,United Kingdom
17560,At Risk,95,8,1895.8,236.98,24.7,37,565,United Kingdom
17561,New Customers,19,4,722.34,180.58,97.5,163,713,United Kingdom
17562,New Customers,14,7,1122.38,160.34,9.9,48,159,United Kingdom
17563,Hibernating,578,2,392.38,196.19,,27,33,United Kingdom
17564,New Customers,24,3,454.01,151.34,8.0,38,55,United Kingdom
17565,Hibernating,587,1,131.83,131.83,,30,0,United Kingdom
17566,New Customers,8,2,901.21,450.6,,113,17,United Kingdom
17567,Champions,7,9,5356.03,595.11,21.1,128,434,United Kingdom
17568,Hibernating,633,1,382.79,382.79,,61,0,United Kingdom
17569,Hibernating,332,1,344.14,344.14,,29,0,United Kingdom
17571,At Risk,50,5,1702.5,340.5,80.5,289,492,United Kingdom
17572,At Risk,71,10,723.01,72.3,50.4,14,653,United Kingdom
17573,New Customers,29,3,380.6,126.87,24.0,24,64,United Kingdom
17574,Hibernating,243,1,185.65,185.65,,8,0,United Kingdom
17575,Hibernating,667,1,171.7,171.7,,5,0,United Kingdom
17576,Champions,8,41,9050.46,220.74,10.5,416,728,United Kingdom
17577,Hibernating,645,2,348.75,174.38,,20,23,United Kingdom
17578,At Risk,218,7,1047.33,149.62,92.1,57,311,United Kingdom
17579,New Customers,5,4,753.28,188.32,151.5,89,573,United Kingdom
17580,At Risk,253,5,542.32,108.46,15.3,77,169,United Kingdom
17581,Champions,1,43,18757.75,436.23,21.5,387,735,United Kingdom
17582,At Risk,236,5,1450.7,290.14,67.7,92,387,United Kingdom
17583,Hibernating,560,1,135.95,135.95,,7,0,United Kingdom
17584,Champions,7,6,5309.42,884.9,105.6,85,676,United Kingdom
17585,At Risk,109,7,2093.3,299.04,34.9,295,368,United Kingdom
17586,Hibernating,619,1,167.4,167.4,,8,0,United Kingdom
17587,Hibernating,628,1,178.71,178.71,,41,0,United Kingdom
17588,At Risk,100,7,2939.55,419.94,37.0,35,537,United Kingdom
17589,Champions,60,18,14018.2,778.79,36.7,600,582,United Kingdom
17590,New Customers,2,3,1477.97,492.66,4.0,161,37,United Kingdom
17591,At Risk,73,8,2776.67,347.08,98.0,93,617,United Kingdom
17592,Hibernating,739,1,148.3,148.3,,13,0,United Kingdom
17593,Champions,4,11,8095.8,735.98,54.9,311,731,United Kingdom
17594,At Risk,85,4,2497.88,624.47,16.6,70,519,United Kingdom
17595,New Customers,12,2,388.79,194.4,,68,24,United Kingdom
17596,Champions,23,13,4920.67,378.51,30.9,274,701,United Kingdom
17597,At Risk,214,5,3484.09,696.82,66.6,109,369,United Kingdom
17598,Hibernating,381,1,409.98,409.98,,10,0,United Kingdom
17599,Hibernating,478,1,52.05,52.05,,3,0,United Kingdom
17600,New Customers,18,1,161.67,161.67,,13,0,United Kingdom
17601,Hibernating,239,2,421.06,210.53,,68,141,United Kingdom
17602,Champions,2,14,7451.13,532.22,56.1,450,616,United Kingdom
17603,At Risk,78,4,1793.48,448.37,227.7,104,651,United Kingdom
17604,At Risk,217,6,945.93,157.66,31.5,142,464,United Kingdom
17605,Hibernating,590,1,160.75,160.75,,13,0,United Kingdom
17606,Hibernating,737,1,87.3,87.3,,6,0,United Kingdom
17607,Hibernating,376,1,333.81,333.81,,22,0,United Kingdom
17608,New Customers,33,4,498.53,124.63,171.5,134,573,United Kingdom
17609,Champions,41,11,1881.8,171.07,77.1,316,568,United Kingdom
17610,At Risk,540,5,1529.49,305.9,41.3,114,193,United Kingdom
17611,Champions,7,28,8321.98,297.21,18.4,721,731,United Kingdom
17612,Champions,53,18,5394.86,299.71,21.8,213,669,United Kingdom
17613,Champions,23,14,4559.15,325.65,15.5,211,282,United Kingdom
17614,New Customers,57,1,390.07,390.07,,97,0,United Kingdom
17615,At Risk,130,6,733.2,122.2,50.9,47,355,United Kingdom
17616,At Risk,174,4,1060.8,265.2,14.4,1,277,United Kingdom
17617,Hibernating,559,1,395.33,395.33,,18,0,United Kingdom
17618,Champions,6,11,4073.24,370.29,70.0,202,679,United Kingdom
17619,Hibernating,312,1,218.52,218.52,,71,0,United Kingdom
17620,Hibernating,60,1,81.44,81.44,,4,0,United Kingdom
17621,Champions,21,6,3175.12,529.19,105.5,61,410,United Kingdom
17622,Hibernating,598,2,1130.21,565.1,,19,0,United Kingdom
17623,At Risk,33,7,2383.67,340.52,125.6,130,692,United Kingdom
17624,New Customers,15,4,1568.63,392.16,33.8,91,704,United Kingdom
17625,Champions,18,8,6067.8,758.48,49.7,429,706,United Kingdom
17626,Hibernating,603,1,254.0,254.0,,18,0,United Kingdom
17627,Hibernating,479,1,296.36,296.36,,10,0,United Kingdom
17628,Hibernating,81,1,75.75,75.75,,5,0,United Kingdom
17629,Champions,6,10,2455.52,245.55,25.2,129,415,United Kingdom
17630,Hibernating,170,2,503.6,251.8,,24,62,United Kingdom
17631,New Customers,2,7,998.49,142.64,89.9,66,728,United Kingdom
17633,At Risk,31,7,2057.39,293.91,90.1,84,357,United Kingdom
17634,Champions,36,9,2361.97,262.44,26.5,209,301,United Kingdom
17635,At Risk,424,3,1265.58,421.86,19.0,60,166,United Kingdom
17636,New Customers,19,1,285.56,285.56,,20,0,United Kingdom
17637,New Customers,31,2,547.06,273.53,,35,83,United Kingdom
17638,Hibernating,647,2,842.4,421.2,,2,74,United Kingdom
17639,At Risk,276,6,615.17,102.53,47.8,59,207,United Kingdom
17640,At Risk,87,6,3168.94,528.16,97.9,48,539,United Kingdom
17642,At Risk,120,5,1824.49,364.9,74.5,88,614,United Kingdom
17643,Hibernating,373,2,541.25,270.62,,30,132,United Kingdom
17644,Champions,1,20,6028.6,301.43,30.0,160,660,United Kingdom
17646,At Risk,219,12,4149.79,345.82,17.6,124,504,United Kingdom
17647,New Customers,65,3,331.66,110.55,302.0,12,604,United Kingdom
17648,At Risk,61,5,2216.37,443.27,56.5,114,324,United Kingdom
17649,At Risk,138,3,1578.89,526.3,164.0,88,334,United Kingdom
17650,New Customers,21,1,166.08,166.08,,8,0,United Kingdom
17651,Champions,12,16,5703.52,356.47,78.6,198,514,United Kingdom
17652,Champions,25,12,4867.72,405.64,17.7,118,255,United Kingdom
17653,New Customers,37,4,1207.56,301.89,24.6,44,83,United Kingdom
17654,Hibernating,277,1,117.55,117.55,,22,0,United Kingdom
17655,Champions,11,9,3652.48,405.83,27.5,75,406,United Kingdom
17656,At Risk,73,5,1674.69,334.94,3.6,67,55,United Kingdom
17657,Hibernating,430,1,126.0,126.0,,7,0,United Kingdom
17658,New Customers,26,2,595.42,297.71,,17,185,United Kingdom
17659,Champions,17,14,3834.79,273.91,26.0,150,368,United Kingdom
17660,Hibernating,141,2,359.47,179.74,,75,595,United Kingdom
17662,Hibernating,662,2,412.92,206.46,,14,60,United Kingdom
17663,Champions,26,17,5175.83,304.46,29.5,153,619,United Kingdom
17664,New Customers,19,4,1166.23,291.56,47.6,68,601,United Kingdom
17665,Hibernating,493,1,563.1,563.1,,19,0,United Kingdom
17666,New Customers,4,5,2047.8,409.56,163.0,30,523,United Kingdom
17667,At Risk,66,9,3950.7,438.97,43.7,140,588,United Kingdom
17668,New Customers,1,2,347.75,173.88,,14,36,United Kingdom
17669,Champions,43,10,6142.35,614.24,56.7,85,574,United Kingdom
17670,Hibernating,228,1,205.7,205.7,,11,0,United Kingdom
17671,New Customers,16,5,2403.34,480.67,60.2,54,360,United Kingdom
17672,At Risk,50,6,5663.74,943.96,100.5,178,591,United Kingdom
17673,Champions,2,13,4233.58,325.66,25.2,195,628,United Kingdom
17674,New Customers,74,2,851.7,425.85,,19,294,United Kingdom
17675,Champions,1,70,38259.6,546.57,7.2,345,728,United Kingdom
17676,Champions,4,10,2765.84,276.58,63.8,85,615,United Kingdom
17677,Champions,2,54,36692.91,679.5,14.6,346,721,United Kingdom
17678,Hibernating,264,2,599.76,299.88,,27,339,United Kingdom
17679,At Risk,53,7,3577.61,511.09,147.9,70,683,United Kingdom
17680,New Customers,24,3,497.45,165.82,116.0,20,487,United Kingdom
17681,At Risk,597,5,731.2,146.24,20.6,12,96,United Kingdom
17682,Champions,10,11,4456.78,405.16,27.6,85,631,United Kingdom
17683,At Risk,386,3,819.01,273.0,41.5,41,168,United Kingdom
17684,New Customers,44,1,239.41,239.41,,15,0,United Kingdom
17685,Champions,17,12,5943.17,495.26,47.8,124,649,United Kingdom
17686,Champions,7,9,8296.81,921.87,44.6,283,526,United Kingdom
17687,Hibernating,421,1,432.68,432.68,,26,0,United Kingdom
17688,Hibernating,394,1,304.2,304.2,,19,0,United Kingdom
17689,Hibernating,388,2,317.08,158.54,,17,85,United Kingdom
17690,Champions,30,20,7448.1,372.4,50.1,237,644,United Kingdom
17691,At Risk,358,4,780.05,195.01,60.2,37,188,United Kingdom
17692,At Risk,127,12,2960.44,246.7,28.5,89,413,United Kingdom
17693,Hibernating,137,1,200.47,200.47,,16,0,United Kingdom
17694,At Risk,142,3,1695.97,565.32,159.5,54,421,United Kingdom
17695,At Risk,132,5,1746.04,349.21,83.4,46,549,United Kingdom
17696,Champions,38,27,7679.59,284.43,24.6,191,690,United Kingdom
17697,Hibernating,236,1,338.95,338.95,,19,0,United Kingdom
17698,Hibernating,261,1,154.95,154.95,,8,0,United Kingdom
17699,Hibernating,477,2,442.0,221.0,,17,84,United Kingdom
17700,Champions,17,14,6679.97,477.14,31.2,259,722,United Kingdom
17701,Hibernating,253,1,417.95,417.95,,24,0,United Kingdom
17702,At Risk,30,6,3144.04,524.01,55.1,120,370,United Kingdom
17703,New Customers,35,4,1094.84,273.71,109.3,63,382,United Kingdom
17704,At Risk,169,2,885.19,442.6,,27,71,United Kingdom
17705,Champions,3,11,2083.9,189.45,42.1,74,573,United Kingdom
17706,Champions,4,31,20749.98,669.35,32.1,408,685,United Kingdom
17707,At Risk,185,8,609.3,76.16,36.6,9,547,United Kingdom
17708,At Risk,188,4,887.93,221.98,47.4,57,235,United Kingdom
17709,At Risk,170,5,671.01,134.2,116.8,37,433,United Kingdom
17710,Hibernating,424,1,293.5,293.5,,20,0,United Kingdom
17711,New Customers,11,2,385.1,192.55,,22,279,United Kingdom
17712,New Customers,45,1,522.91,522.91,,29,0,United Kingdom
17713,At Risk,382,4,1198.09,299.52,14.1,55,166,United Kingdom
17714,At Risk,321,5,1410.18,282.04,34.1,69,192,United Kingdom
17715,Hibernating,201,2,489.6,244.8,,1,392,United Kingdom
17716,Champions,23,24,15956.97,664.87,31.8,334,714,United Kingdom
17717,Hibernating,421,1,376.92,376.92,,26,0,United Kingdom
17718,Hibernating,232,2,439.18,219.59,,22,412,United Kingdom
17719,Champions,38,15,5396.04,359.74,9.8,111,217,United Kingdom
17720,Champions,26,10,2768.91,276.89,42.0,81,552,United Kingdom
17721,Hibernating,659,1,307.21,307.21,,11,0,United Kingdom
17722,At Risk,96,5,4430.36,886.07,48.1,163,279,United Kingdom
17723,At Risk,127,7,3378.4,482.63,53.8,6,248,United Kingdom
17724,At Risk,71,3,1033.0,344.33,24.5,38,67,United Kingdom
17725,Champions,16,11,3439.08,312.64,8.0,115,250,United Kingdom
17726,At Risk,395,7,1092.06,156.01,46.0,52,286,United Kingdom
17727,New Customers,15,1,1060.25,1060.25,,66,0,United Kingdom
17728,Champions,4,5,4238.76,847.75,119.6,196,449,United Kingdom
17729,Hibernating,596,1,438.65,438.65,,23,0,United Kingdom
17730,Champions,3,20,7773.8,388.69,16.0,177,586,United Kingdom
17731,At Risk,79,6,1708.99,284.83,161.3,82,589,United Kingdom
17732,At Risk,373,8,2470.39,308.8,9.0,90,115,United Kingdom
17733,New Customers,39,2,692.19,346.1,,33,222,United Kingdom
17734,At Risk,54,6,1442.32,240.39,89.6,76,588,United Kingdom
17735,Champions,2,26,17244.93,663.27,11.6,391,495,United Kingdom
17736,New Customers,9,3,377.44,125.81,19.0,24,104,United Kingdom
17737,New Customers,9,2,168.24,84.12,,8,49,United Kingdom
17738,Champions,19,13,4183.56,321.81,52.0,173,611,United Kingdom
17739,Champions,12,18,7730.59,429.48,35.2,56,720,United Kingdom
17740,At Risk,389,6,426.9,71.15,39.8,5,308,United Kingdom
17741,Hibernating,407,2,101.1,50.55,,6,153,United Kingdom
17742,At Risk,113,11,2098.48,190.77,56.8,52,625,United Kingdom
17743,Hibernating,448,1,229.2,229.2,,3,0,United Kingdom
17744,Champions,4,7,2649.14,378.45,75.2,121,377,United Kingdom
17745,Hibernating,478,2,600.34,300.17,,27,78,United Kingdom
17746,At Risk,240,4,904.18,226.04,95.0,32,370,United Kingdom
17747,Hibernating,113,1,71.4,71.4,,1,0,United Kingdom
17748,Hibernating,527,1,358.15,358.15,,17,0,United Kingdom
17749,At Risk,178,3,1026.18,342.06,106.0,52,368,United Kingdom
17750,Champions,5,9,1781.28,197.92,5.6,100,158,United Kingdom
17751,Hibernating,421,1,157.86,157.86,,31,0,United Kingdom
17752,Hibernating,359,1,80.64,80.64,,1,0,United Kingdom
17753,Hibernating,464,4,390.56,97.64,101.8,63,238,United Kingdom
17754,Champions,1,13,4577.53,352.12,41.9,185,727,United Kingdom
17756,At Risk,376,3,733.7,244.57,0.5,54,18,United Kingdom
17757,Champions,1,56,9418.5,168.19,8.3,361,693,United Kingdom
17758,Champions,19,12,5012.53,417.71,56.4,403,549,United Kingdom
17759,New Customers,17,5,1275.66,255.13,85.6,113,566,United Kingdom
17760,New Customers,22,6,918.93,153.16,135.6,58,627,United Kingdom
17761,New Customers,33,1,712.78,712.78,,19,0,United Kingdom
17762,Hibernating,456,1,129.75,129.75,,16,0,United Kingdom
17763,Hibernating,263,4,86.15,21.54,182.4,11,395,United Kingdom
17764,At Risk,51,5,1623.64,324.73,23.5,126,685,United Kingdom
17765,At Risk,159,4,530.8,132.7,67.5,71,289,United Kingdom
17766,Hibernating,381,2,299.61,149.8,,21,0,United Kingdom
17767,New Customers,15,2,413.05,206.52,,35,394,United Kingdom
17768,Champions,8,7,3509.51,501.36,106.2,134,729,United Kingdom
17769,Champions,13,17,7103.08,417.83,34.4,330,676,United Kingdom
17770,At Risk,199,5,1143.27,228.65,24.7,33,83,United Kingdom
17771,New Customers,57,4,386.93,96.73,65.2,62,532,United Kingdom
17772,New Customers,11,3,384.77,128.26,191.0,94,381,United Kingdom
17773,Hibernating,514,2,585.27,292.64,,48,175,United Kingdom
17774,At Risk,97,9,3327.05,369.67,26.3,285,572,United Kingdom
17775,Hibernating,255,1,56.4,56.4,,3,0,United Kingdom
17776,Hibernating,387,2,337.3,168.65,,73,336,United Kingdom
17777,New Customers,25,3,665.86,221.95,23.0,141,75,United Kingdom
17778,Hibernating,662,1,197.7,197.7,,10,0,United Kingdom
17779,New Customers,21,3,658.57,219.52,5.0,73,122,United Kingdom
17780,Hibernating,667,3,352.91,117.64,8.5,76,17,United Kingdom
17781,Hibernating,159,2,188.02,94.01,,12,93,United Kingdom
17782,Hibernating,383,2,679.02,339.51,,29,0,United Kingdom
17783,New Customers,72,3,379.91,126.64,45.0,91,440,United Kingdom
17784,Hibernating,550,1,112.86,112.86,,19,0,United Kingdom
17785,New Customers,53,3,403.38,134.46,136.0,48,512,United Kingdom
17786,Hibernating,85,2,278.74,139.37,,57,231,United Kingdom
17787,At Risk,153,4,2601.47,650.37,57.1,94,218,United Kingdom
17788,New Customers,74,2,1112.95,556.48,,2,55,United Kingdom
17789,Hibernating,281,2,397.15,198.58,,27,379,United Kingdom
17790,Champions,27,20,2783.61,139.18,23.9,188,517,United Kingdom
17791,New Customers,30,1,106.1,106.1,,10,0,United Kingdom
17792,Hibernating,467,2,370.05,185.02,,45,11,United Kingdom
17793,New Customers,25,1,323.04,323.04,,49,0,United Kingdom
17794,Hibernating,687,2,147.3,73.65,,7,1,United Kingdom
17795,Hibernating,180,2,350.39,175.2,,43,85,United Kingdom
17796,At Risk,40,7,1361.99,194.57,94.5,149,381,United Kingdom
17797,Champions,22,8,1985.87,248.23,74.4,222,701,United Kingdom
17798,Hibernating,582,1,177.19,177.19,,42,0,United Kingdom
17799,Champions,22,20,6341.89,317.09,25.3,478,703,United Kingdom
17800,At Risk,37,9,1198.01,133.11,20.4,50,296,United Kingdom
17801,At Risk,451,3,798.33,266.11,22.0,66,240,United Kingdom
17802,At Risk,82,10,5053.12,505.31,61.5,283,644,United Kingdom
17803,Hibernating,392,1,184.66,184.66,,27,0,United Kingdom
17804,Hibernating,376,3,385.23,128.41,25.0,82,362,United Kingdom
17805,New Customers,74,2,927.03,463.52,,10,536,United Kingdom
17806,New Customers,11,1,546.04,546.04,,43,0,United Kingdom
17807,Hibernating,395,3,437.87,145.96,29.5,88,309,United Kingdom
17808,Hibernating,549,4,262.64,65.66,9.1,29,32,United Kingdom
17809,Champions,16,20,11337.39,566.87,28.2,59,720,United Kingdom
17810,Hibernating,669,2,344.86,172.43,,50,15,United Kingdom
17811,Champions,4,47,9603.1,204.32,9.0,537,441,United Kingdom
17812,New Customers,13,7,1165.89,166.56,114.4,162,517,United Kingdom
17813,New Customers,14,5,1770.88,354.18,7.5,297,57,United Kingdom
17814,At Risk,375,2,1617.32,808.66,,112,47,United Kingdom
17815,Hibernating,393,1,591.96,591.96,,13,0,United Kingdom
17816,New Customers,37,6,112.32,18.72,97.2,41,687,United Kingdom
17817,New Customers,4,6,807.85,134.64,101.2,115,417,United Kingdom
17818,Hibernating,738,1,130.18,130.18,,42,0,United Kingdom
17819,Champions,72,12,6612.52,551.04,39.2,66,654,United Kingdom
17820,Hibernating,374,1,183.56,183.56,,39,0,United Kingdom
17821,Hibernating,406,1,334.62,334.62,,6,0,United Kingdom
17822,At Risk,420,5,2179.65,435.93,60.6,151,140,United Kingdom
17823,Hibernating,421,2,494.25,247.12,,88,0,United Kingdom
17824,New Customers,51,1,298.4,298.4,,13,0,United Kingdom
17825,At Risk,599,4,731.96,182.99,59.9,24,126,United Kingdom
17826,Hibernating,374,1,134.59,134.59,,33,0,United Kingdom
17827,Champions,5,6,2388.05,398.01,110.6,240,616,United Kingdom
17828,New Customers,23,4,1165.09,291.27,30.2,53,162,Malta
17829,At Risk,299,5,4756.74,951.35,61.6,121,356,United Arab Emirates
17830,New Customers,2,3,398.7,132.9,116.5,18,287,United Kingdom
17831,Hibernating,33,1,35.4,35.4,,2,0,United Kingdom
17832,Hibernating,50,1,155.37,155.37,,61,0,United Kingdom
17833,Hibernating,723,1,342.36,342.36,,28,0,United Kingdom
17834,Hibernating,415,2,730.47,365.24,,54,30,United Kingdom
17835,New Customers,3,3,350.64,116.88,3.5,45,20,United Kingdom
17836,Hibernating,47,1,109.83,109.83,,22,0,United Kingdom
17837,At Risk,42,8,1587.48,198.44,23.0,109,120,United Kingdom
17838,Champions,27,13,6722.9,517.15,56.0,141,604,United Kingdom
17839,New Customers,42,1,338.8,338.8,,50,0,United Kingdom
17840,Hibernating,444,1,185.72,185.72,,44,0,United Kingdom
17841,Champions,2,211,70858.77,335.82,2.1,2115,735,United Kingdom
17842,Hibernating,602,1,430.69,430.69,,18,0,United Kingdom
17843,Hibernating,303,2,318.48,159.24,,57,108,United Kingdom
17844,Hibernating,107,1,51.56,51.56,,5,0,Canada
17845,At Risk,555,4,598.19,149.55,9.9,42,21,United Kingdom
17847,Hibernating,516,2,125.74,62.87,,8,129,United Kingdom
17848,Champions,81,30,3619.75,120.66,20.7,104,652,United Kingdom
17849,At Risk,218,8,1063.76,132.97,43.9,24,416,United Kingdom
17850,Champions,372,155,56600.08,365.16,10.8,100,362,United Kingdom
17851,At Risk,422,6,1563.34,260.56,62.9,185,313,United Kingdom
17852,New Customers,12,5,663.21,132.64,177.1,82,719,United Kingdom
17853,At Risk,407,3,1608.19,536.06,95.5,84,329,United Kingdom
17854,At Risk,185,6,1071.45,178.58,97.1,113,546,United Kingdom
17855,Hibernating,373,1,417.94,417.94,,17,0,United Kingdom
17856,New Customers,2,4,1418.03,354.51,98.2,12,279,United Kingdom
17857,Champions,4,23,27104.74,1178.47,56.2,20,637,United Kingdom
17858,Champions,6,30,12797.65,426.59,21.3,173,727,United Kingdom
17859,Hibernating,305,1,148.21,148.21,,23,0,United Kingdom
17860,At Risk,369,4,1015.54,253.88,129.6,127,359,United Kingdom
17861,Champions,3,18,5127.69,284.87,31.9,329,726,United Kingdom
17862,At Risk,324,4,1279.09,319.77,67.3,90,239,United Kingdom
17863,Champions,59,12,5745.2,478.77,27.2,154,593,United Kingdom
17864,New Customers,13,5,924.32,184.86,53.2,93,414,United Kingdom
17865,Champions,31,46,26372.29,573.31,15.1,390,708,United Kingdom
17866,At Risk,143,3,1134.95,378.32,50.5,20,582,United Kingdom
17867,Champions,30,14,1599.95,114.28,42.9,117,707,United Kingdom
17868,Hibernating,386,1,234.65,234.65,,18,0,United Kingdom
17869,At Risk,107,7,1036.16,148.02,43.8,72,440,United Kingdom
17870,Champions,2,13,3108.15,239.09,60.9,215,379,United Kingdom
17871,At Risk,205,5,1118.99,223.8,68.5,64,488,United Kingdom
17872,Hibernating,382,1,235.87,235.87,,15,0,United Kingdom
17873,Champions,80,18,6386.5,354.81,30.2,64,643,United Kingdom
17874,At Risk,185,6,683.46,113.91,17.4,37,70,United Kingdom
17875,Hibernating,688,1,167.1,167.1,,25,0,United Kingdom
17876,At Risk,400,3,3424.02,1141.34,65.0,3,275,United Kingdom
17877,Hibernating,170,1,237.61,237.61,,12,0,United Kingdom
17878,New Customers,44,3,1412.33,470.78,176.0,82,351,United Kingdom
17879,Hibernating,174,1,178.52,178.52,,6,0,United Kingdom
17880,At Risk,365,3,824.92,274.97,92.0,43,365,United Kingdom
17881,Hibernating,304,1,133.35,133.35,,8,0,United Kingdom
17882,Hibernating,379,2,313.46,156.73,,47,0,United Kingdom
17883,New Customers,3,7,995.85,142.26,99.4,155,648,United Kingdom
17884,Champions,4,20,3067.89,153.39,67.9,304,731,United Kingdom
17885,New Customers,12,1,190.19,190.19,,50,0,United Kingdom
17886,At Risk,32,6,1608.38,268.06,66.2,138,557,United Kingdom
17887,Hibernating,129,1,111.35,111.35,,10,0,United Kingdom
17888,Champions,21,25,1820.44,72.82,25.4,145,696,United Kingdom
17889,At Risk,212,7,774.87,110.7,81.6,97,406,United Kingdom
17890,Hibernating,323,2,602.09,301.04,,88,38,United Kingdom
17891,Hibernating,162,1,203.86,203.86,,34,0,United Kingdom
17892,New Customers,56,3,244.1,81.37,48.5,27,99,United Kingdom
17893,Hibernating,225,1,112.25,112.25,,15,0,United Kingdom
17894,Champions,72,18,2452.96,136.28,43.2,214,397,United Kingdom
17895,Hibernating,44,1,98.0,98.0,,15,0,United Kingdom
17896,New Customers,23,1,256.32,256.32,,2,0,United Kingdom
17897,At Risk,173,9,2538.15,282.02,66.3,210,403,United Kingdom
17898,New Customers,85,4,299.18,74.8,59.7,48,481,United Kingdom
17899,Hibernating,159,1,155.8,155.8,,29,0,United Kingdom
17900,Hibernating,190,2,112.2,56.1,,4,0,United Kingdom
17901,New Customers,29,3,260.08,86.69,246.0,22,492,United Kingdom
17902,Hibernating,547,1,216.4,216.4,,24,0,United Kingdom
17903,Hibernating,394,1,381.09,381.09,,44,0,United Kingdom
17904,New Customers,21,1,191.67,191.67,,33,0,United Kingdom
17905,At Risk,71,13,2373.02,182.54,53.4,128,608,United Kingdom
17906,Hibernating,247,1,72.9,72.9,,12,0,United Kingdom
17907,Hibernating,641,1,291.76,291.76,,13,0,United Kingdom
17908,At Risk,374,5,1411.54,282.31,26.4,178,351,United Kingdom
17909,Hibernating,737,1,132.55,132.55,,8,0,United Kingdom
17910,Hibernating,726,1,261.7,261.7,,25,0,United Kingdom
17911,New Customers,9,1,366.23,366.23,,39,0,United Kingdom
17912,At Risk,310,6,372.55,62.09,18.4,47,65,United Kingdom
17913,Champions,59,14,3475.44,248.25,73.0,223,677,United Kingdom
17914,New Customers,4,1,336.43,336.43,,72,0,United Kingdom
17915,Hibernating,551,1,242.13,242.13,,27,0,United Kingdom
17916,Hibernating,629,2,43.87,21.94,,15,104,United Kingdom
17917,New Customers,45,3,341.28,113.76,52.5,77,317,United Kingdom
17918,Hibernating,501,3,388.44,129.48,1.5,33,4,United Kingdom
17919,At Risk,88,2,1840.32,920.16,,37,350,United Kingdom
17920,Champions,4,54,24492.66,453.57,17.3,714,729,United Kingdom
17921,At Risk,64,10,2423.5,242.35,41.0,230,447,United Kingdom
17922,Hibernating,543,1,170.4,170.4,,8,0,United Kingdom
17923,Hibernating,282,3,497.0,165.67,114.0,2,262,United Kingdom
17924,Champions,12,8,3536.7,442.09,75.6,27,402,United Kingdom
17925,Hibernating,373,1,488.16,488.16,,1,0,United Kingdom
17926,At Risk,133,5,1035.49,207.1,82.0,27,446,United Kingdom
17927,Hibernating,722,1,294.0,294.0,,10,0,United Kingdom
17928,New Customers,45,3,313.16,104.39,62.0,26,525,United Kingdom
17929,Champions,11,12,3082.1,256.84,46.8,6,719,United Kingdom
17930,Champions,36,13,4275.22,328.86,40.9,39,609,United Kingdom
17931,At Risk,134,14,3437.29,245.52,44.1,274,527,United Kingdom
17932,New Customers,29,3,1331.57,443.86,53.0,84,182,United Kingdom
17933,Hibernating,632,1,105.99,105.99,,11,0,United Kingdom
17934,New Customers,52,3,1049.15,349.72,170.5,36,354,United Kingdom
17935,At Risk,138,7,683.24,97.61,101.5,59,596,United Kingdom
17936,New Customers,5,1,389.84,389.84,,68,0,United Kingdom
17937,Champions,9,7,4301.22,614.46,45.9,19,353,United Kingdom
17938,Hibernating,420,1,144.29,144.29,,29,0,United Kingdom
17939,Hibernating,160,1,99.14,99.14,,12,0,United Kingdom
17940,Champions,49,14,28475.98,2034.0,44.3,9,687,United Kingdom
17941,At Risk,131,4,1433.28,358.32,190.7,5,571,United Kingdom
17942,New Customers,8,1,77.5,77.5,,2,0,United Kingdom
17944,Hibernating,423,1,75.41,75.41,,24,0,United Kingdom
17945,Hibernating,697,3,359.5,119.83,0.0,65,0,United Kingdom
17946,Hibernating,233,2,149.58,74.79,,18,26,United Kingdom
17947,New Customers,37,1,176.68,176.68,,9,0,United Kingdom
17948,Hibernating,147,1,358.56,358.56,,1,0,United Kingdom
17949,Champions,1,116,109147.48,940.93,9.3,56,736,United Kingdom
17950,At Risk,72,7,1432.81,204.69,95.1,133,631,United Kingdom
17951,New Customers,40,4,1636.08,409.02,139.7,24,364,United Kingdom
17952,At Risk,378,4,819.61,204.9,76.8,85,163,United Kingdom
17953,Hibernating,540,1,150.32,150.32,,19,0,United Kingdom
17954,Champions,5,19,3963.5,208.61,35.0,478,725,United Kingdom
17955,At Risk,199,6,949.9,158.32,171.5,16,466,United Kingdom
17956,Hibernating,249,1,12.75,12.75,,1,0,United Kingdom
17957,Hibernating,66,1,110.72,110.72,,30,0,United Kingdom
17958,At Risk,117,2,973.88,486.94,,35,611,United Kingdom
17959,Hibernating,592,1,140.75,140.75,,2,0,United Kingdom
17960,Hibernating,171,3,135.08,45.03,116.0,37,470,United Kingdom
17961,Champions,21,100,2995.54,29.96,7.5,486,717,United Kingdom
17962,At Risk,142,4,686.37,171.59,168.4,145,552,United Kingdom
17963,At Risk,471,4,651.51,162.88,49.9,98,217,United Kingdom
17964,New Customers,32,2,733.46,366.73,,84,340,United Kingdom
17965,Champions,38,29,7237.23,249.56,19.9,587,687,United Kingdom
17966,Champions,38,10,1974.42,197.44,98.3,82,652,United Kingdom
17967,Hibernating,372,2,357.29,178.64,,59,44,United Kingdom
17968,At Risk,374,4,888.04,222.01,54.5,106,138,United Kingdom
17969,At Risk,166,20,2369.94,118.5,48.6,113,566,United Kingdom
17970,Hibernating,211,1,582.59,582.59,,27,0,United Kingdom
17971,Hibernating,548,1,161.94,161.94,,21,0,United Kingdom
17972,Hibernating,242,1,136.04,136.04,,30,0,United Kingdom
17973,New Customers,52,1,337.04,337.04,,15,0,United Kingdom
17974,New Customers,25,6,1858.06,309.68,75.2,279,382,United Kingdom
17975,Champions,15,24,7025.53,292.73,14.9,242,475,United Kingdom
17976,Hibernating,372,1,706.38,706.38,,56,0,United Kingdom
17977,New Customers,29,2,1565.63,782.82,,94,370,United Kingdom
17978,At Risk,365,4,1461.76,365.44,108.6,62,366,United Kingdom
17979,New Customers,36,4,754.31,188.58,55.5,115,224,United Kingdom
17980,At Risk,166,4,1033.42,258.36,55.9,41,227,United Kingdom
17981,Hibernating,411,1,239.12,239.12,,17,0,United Kingdom
17982,Hibernating,681,1,138.18,138.18,,13,0,United Kingdom
17983,Hibernating,395,1,171.71,171.71,,23,0,United Kingdom
17984,At Risk,145,5,1187.77,237.55,102.4,208,593,United Kingdom
17985,New Customers,22,1,634.95,634.95,,20,0,United Kingdom
17986,Hibernating,56,1,20.8,20.8,,1,0,United Kingdom
17987,At Risk,185,5,1003.64,200.73,80.6,139,365,United Kingdom
17988,New Customers,12,13,485.69,37.36,72.5,114,720,United Kingdom
17989,Hibernating,379,1,228.83,228.83,,26,0,United Kingdom
17990,At Risk,237,6,1527.61,254.6,73.9,40,495,United Kingdom
17991,Hibernating,225,3,318.9,106.3,182.0,36,366,United Kingdom
17992,Hibernating,389,1,254.13,254.13,,49,0,United Kingdom
17993,Hibernating,617,1,235.19,235.19,,60,0,United Kingdom
17994,At Risk,122,11,2307.32,209.76,33.1,226,499,United Kingdom
17995,Hibernating,282,3,495.48,165.16,48.0,28,105,United Kingdom
17996,Hibernating,380,3,469.73,156.58,83.5,62,166,United Kingdom
17997,At Risk,74,8,1970.67,246.33,10.3,133,89,United Kingdom
17998,Hibernating,380,3,639.24,213.08,178.0,57,358,United Kingdom
17999,New Customers,37,3,730.9,243.63,158.5,125,341,United Kingdom
18000,Hibernating,564,1,124.25,124.25,,6,0,United Kingdom
18001,New Customers,12,6,953.84,158.97,124.9,120,725,United Kingdom
18002,Hibernating,376,4,243.17,60.79,23.3,51,355,United Kingdom
18003,Hibernating,376,1,358.61,358.61,,23,0,United Kingdom
18004,Hibernating,362,1,169.47,169.47,,32,0,United Kingdom
18005,New Customers,4,2,249.72,124.86,,52,43,United Kingdom
18006,New Customers,23,4,997.86,249.46,103.3,57,699,United Kingdom
18007,Hibernating,393,1,220.32,220.32,,46,0,United Kingdom
18008,Champions,70,23,19787.13,860.31,32.2,77,632,United Kingdom
18009,At Risk,235,8,2155.83,269.48,101.8,145,417,United Kingdom
18010,Hibernating,257,1,174.8,174.8,,14,0,United Kingdom
18011,Hibernating,373,2,527.03,263.52,,63,194,United Kingdom
18012,Hibernating,723,1,115.3,115.3,,13,0,United Kingdom
18013,Hibernating,155,2,187.29,93.65,,31,0,United Kingdom
18014,New Customers,28,1,158.47,158.47,,28,0,United Kingdom
18015,New Customers,4,1,120.03,120.03,,46,0,United Kingdom
18016,At Risk,32,7,1960.46,280.07,80.3,115,648,United Kingdom
18017,At Risk,81,4,688.0,172.0,21.9,1,350,United Kingdom
18018,Hibernating,108,4,297.99,74.5,73.7,43,312,United Kingdom
18019,Hibernating,52,1,38.45,38.45,,5,0,United Kingdom
18020,Hibernating,544,1,190.48,190.48,,12,0,United Kingdom
18021,Hibernating,510,2,227.06,113.53,,32,2,United Kingdom
18022,At Risk,36,5,1651.16,330.23,137.3,305,510,United Kingdom
18024,Hibernating,153,2,389.78,194.89,,21,0,United Kingdom
18025,At Risk,380,6,1177.72,196.29,57.7,83,239,United Kingdom
18026,At Risk,501,2,2074.07,1037.04,,12,4,United Kingdom
18027,Hibernating,99,1,115.31,115.31,,21,0,United Kingdom
18028,Hibernating,583,1,192.05,192.05,,4,0,United Kingdom
18029,Hibernating,642,1,433.77,433.77,,18,0,United Kingdom
18030,New Customers,4,2,230.65,115.32,,8,38,United Kingdom
18031,Hibernating,379,1,462.1,462.1,,49,0,United Kingdom
18032,Hibernating,334,1,73.5,73.5,,5,0,United Kingdom
18033,Hibernating,65,1,97.97,97.97,,32,0,United Kingdom
18034,New Customers,22,3,792.85,264.28,177.0,181,353,United Kingdom
18035,New Customers,36,5,1276.74,255.35,147.0,52,349,United Kingdom
18036,Champions,32,11,1563.64,142.15,56.7,221,689,United Kingdom
18037,At Risk,154,15,167.42,11.16,34.5,31,583,United Kingdom
18038,Hibernating,556,1,149.41,149.41,,25,0,United Kingdom
18039,At Risk,374,4,579.17,144.79,56.6,137,266,United Kingdom
18040,New Customers,19,2,357.2,178.6,,18,226,United Kingdom
18041,Champions,12,38,8752.38,230.33,13.7,464,683,United Kingdom
18042,New Customers,54,2,281.15,140.57,,13,488,United Kingdom
18043,New Customers,25,3,875.97,291.99,11.0,106,342,United Kingdom
18044,Champions,4,18,3505.61,194.76,27.6,128,555,United Kingdom
18045,New Customers,45,1,189.4,189.4,,43,0,United Kingdom
18046,Hibernating,650,1,189.63,189.63,,26,0,United Kingdom
18047,Hibernating,381,2,342.69,171.34,,74,0,United Kingdom
18048,Hibernating,203,3,401.73,133.91,145.0,56,290,United Kingdom
18049,Hibernating,437,2,556.1,278.05,,81,153,United Kingdom
18050,Hibernating,359,2,412.06,206.03,,22,33,United Kingdom
18051,At Risk,634,7,2282.28,326.04,4.0,41,96,United Kingdom
18052,At Risk,565,1,10877.18,10877.18,,16,0,United Kingdom
18053,New Customers,71,3,571.07,190.36,226.5,29,456,United Kingdom
18054,Hibernating,393,1,176.5,176.5,,11,0,United Kingdom
18055,Champions,7,14,11195.57,799.68,26.7,320,406,United Kingdom
18056,Hibernating,288,2,554.6,277.3,,28,330,United Kingdom
18057,At Risk,393,3,1182.39,394.13,62.5,120,297,United Kingdom
18058,New Customers,10,3,774.06,258.02,203.0,12,657,United Kingdom
18059,New Customers,23,3,306.46,102.15,1.0,17,44,United Kingdom
18060,At Risk,408,2,1185.46,592.73,,74,156,United Kingdom
18061,Champions,22,28,6488.97,231.75,14.7,30,713,United Kingdom
18062,At Risk,173,6,1632.67,272.11,60.9,46,424,United Kingdom
18063,Hibernating,391,2,186.6,93.3,,2,242,United Kingdom
18064,At Risk,133,11,4495.03,408.64,60.0,53,543,United Kingdom
18065,Champions,6,28,5846.63,208.81,30.7,192,724,United Kingdom
18066,At Risk,75,3,1440.4,480.13,141.0,37,340,United Kingdom
18067,New Customers,40,1,396.33,396.33,,36,0,United Kingdom
18068,Hibernating,289,1,101.7,101.7,,1,0,United Kingdom
18069,Champions,26,11,4524.66,411.33,28.8,601,622,United Kingdom
18070,Hibernating,669,1,314.1,314.1,,9,0,United Kingdom
18071,At Risk,258,6,1428.63,238.1,89.5,52,477,United Kingdom
18072,Hibernating,186,1,247.44,247.44,,18,0,United Kingdom
18073,At Risk,114,12,3877.52,323.13,5.6,23,82,United Kingdom
18074,At Risk,374,2,1509.04,754.52,,37,131,United Kingdom
18075,Champions,23,20,5783.29,289.16,17.1,180,475,United Kingdom
18076,Hibernating,380,1,151.49,151.49,,8,0,United Kingdom
18077,Champions,8,18,4338.56,241.03,38.0,141,724,United Kingdom
18078,At Risk,217,4,844.6,211.15,68.9,65,410,United Kingdom
18079,At Risk,45,5,4242.75,848.55,91.4,107,446,United Kingdom
18080,New Customers,19,2,1231.5,615.75,,2,223,United Kingdom
18081,New Customers,36,3,343.45,114.48,27.5,14,97,United Kingdom
18082,New Customers,26,1,703.37,703.37,,62,0,United Kingdom
18083,Hibernating,398,1,470.73,470.73,,36,0,United Kingdom
18084,New Customers,16,3,812.93,270.98,181.0,7,372,United Kingdom
18085,At Risk,330,4,1645.75,411.44,96.4,42,298,United Kingdom
18086,Hibernating,274,1,101.34,101.34,,7,0,United Kingdom
18087,Champions,291,16,13908.72,869.3,32.1,43,448,United Kingdom
18088,Hibernating,61,1,167.67,167.67,,35,0,United Kingdom
18089,Hibernating,447,1,428.45,428.45,,9,0,United Kingdom
18090,Hibernating,422,1,349.4,349.4,,47,0,United Kingdom
18091,Hibernating,593,1,360.85,360.85,,25,0,United Kingdom
18092,Champions,2,18,16179.44,898.86,32.3,42,733,United Kingdom
18093,At Risk,93,8,4452.71,556.59,65.4,43,525,United Kingdom
18094,Champions,82,13,6391.52,491.66,52.4,55,619,United Kingdom
18095,At Risk,313,5,2303.09,460.62,54.9,37,286,United Kingdom
18096,New Customers,12,6,1785.57,297.59,141.2,298,501,United Kingdom
18097,Champions,8,11,4663.32,423.94,62.8,86,715,United Kingdom
18098,Hibernating,396,1,550.84,550.84,,85,0,United Kingdom
18099,Hibernating,127,1,168.31,168.31,,19,0,United Kingdom
18100,Hibernating,550,1,451.56,451.56,,30,0,United Kingdom
18101,New Customers,11,5,629.16,125.83,104.2,89,662,United Kingdom
18102,Champions,1,145,608821.65,4198.77,9.1,382,738,United Kingdom
18103,Hibernating,549,1,105.8,105.8,,10,0,United Kingdom
18104,New Customers,37,1,754.64,754.64,,38,0,United Kingdom
18105,New Customers,38,1,113.48,113.48,,18,0,United Kingdom
18106,At Risk,330,6,1461.46,243.58,73.5,126,364,United Kingdom
18107,Hibernating,442,1,167.13,167.13,,38,0,United Kingdom
18108,At Risk,254,3,848.81,282.94,100.5,43,483,United Kingdom
18109,Champions,2,38,9893.96,260.37,10.3,203,524,United Kingdom
18110,New Customers,20,2,435.43,217.72,,58,391,United Kingdom
18111,Hibernating,589,1,405.85,405.85,,27,0,United Kingdom
18112,New Customers,12,4,775.96,193.99,51.9,59,539,United Kingdom
18113,Hibernating,369,1,152.64,152.64,,1,0,United Kingdom
18114,Hibernating,290,1,220.1,220.1,,28,0,United Kingdom
18115,Hibernating,698,1,9.7,9.7,,3,0,United Kingdom
18116,At Risk,68,13,2150.7,165.44,44.7,310,343,United Kingdom
18117,New Customers,26,1,319.47,319.47,,67,0,United Kingdom
18118,Champions,11,29,6730.82,232.1,11.8,443,370,United Kingdom
18119,Hibernating,368,1,362.24,362.24,,29,0,United Kingdom
18120,Hibernating,214,1,111.15,111.15,,17,0,United Kingdom
18121,Hibernating,149,2,673.1,336.55,,28,5,United Kingdom
18122,New Customers,8,6,1824.99,304.17,19.7,238,142,United Kingdom
18123,New Customers,24,3,684.59,228.2,237.5,53,489,United Kingdom
18124,Hibernating,472,1,111.53,111.53,,20,0,United Kingdom
18125,New Customers,30,4,1142.99,285.75,61.7,164,286,United Kingdom
18126,Hibernating,61,1,204.49,204.49,,51,0,United Kingdom
18127,New Customers,19,4,561.53,140.38,110.7,56,384,United Kingdom
18128,Hibernating,537,1,420.04,420.04,,42,0,United Kingdom
18129,Hibernating,243,1,112.55,112.55,,13,0,United Kingdom
18130,New Customers,15,3,1059.39,353.13,8.0,58,41,United Kingdom
18131,Hibernating,632,1,222.96,222.96,,4,0,United Kingdom
18132,Hibernating,504,1,226.9,226.9,,60,0,United Kingdom
18133,Hibernating,212,1,931.5,931.5,,1,0,United Kingdom
18134,Hibernating,598,2,445.0,222.5,,27,96,United Kingdom
18135,At Risk,29,10,1249.62,124.96,58.6,23,605,United Kingdom
18136,At Risk,63,5,1631.36,326.27,38.1,77,387,United Kingdom
18137,Hibernating,551,2,145.99,73.0,,26,0,United Kingdom
18138,Hibernating,295,1,152.65,152.65,,8,0,United Kingdom
18139,Champions,18,6,8438.34,1406.39,0.4,35,0,United Kingdom
18140,Hibernating,474,1,536.41,536.41,,49,0,West Indies
18141,Hibernating,402,2,882.47,441.24,,38,187,United Kingdom
18142,At Risk,157,2,1019.52,509.76,,9,58,United Kingdom
18143,At Risk,117,2,1000.16,500.08,,59,25,United Kingdom
18144,Champions,8,19,5058.0,266.21,27.4,51,715,United Kingdom
18145,Champions,13,11,5617.79,510.71,38.3,250,718,United Kingdom
18146,Hibernating,141,2,160.35,80.18,,10,79,United Kingdom
18147,New Customers,46,2,179.34,89.67,,7,62,United Kingdom
18148,Hibernating,647,1,114.1,114.1,,9,0,United Kingdom
18149,At Risk,51,7,1624.71,232.1,38.3,54,584,United Kingdom
18150,New Customers,32,3,566.58,188.86,23.5,29,169,United Kingdom
18151,At Risk,135,6,1879.44,313.24,48.6,99,511,United Kingdom
18152,Hibernating,646,1,426.69,426.69,,10,0,United Kingdom
18153,Hibernating,659,1,246.22,246.22,,17,0,United Kingdom
18154,New Customers,3,5,932.6,186.52,131.3,34,487,United Kingdom
18155,New Customers,75,3,371.62,123.87,13.0,19,216,United Kingdom
18156,New Customers,13,2,941.17,470.58,,100,356,United Kingdom
18157,Hibernating,571,1,215.35,215.35,,25,0,United Kingdom
18158,New Customers,9,2,453.4,226.7,,24,79,United Kingdom
18159,Hibernating,301,1,530.15,530.15,,23,0,United Kingdom
18160,New Customers,57,3,1003.88,334.63,21.5,56,328,United Kingdom
18161,New Customers,15,6,1803.1,300.52,21.5,57,364,United Kingdom
18162,Hibernating,732,1,379.16,379.16,,45,0,United Kingdom
18163,Hibernating,584,1,728.84,728.84,,33,0,United Kingdom
18164,New Customers,37,1,399.65,399.65,,24,0,United Kingdom
18165,Hibernating,177,1,302.46,302.46,,10,0,United Kingdom
18166,Hibernating,624,1,175.5,175.5,,10,0,United Kingdom
18167,New Customers,23,3,1384.86,461.62,29.0,24,82,United Kingdom
18168,At Risk,176,16,3770.27,235.64,16.2,209,560,United Kingdom
18169,Hibernating,61,1,202.65,202.65,,9,0,United Kingdom
18170,Champions,33,9,2878.0,319.78,47.4,59,667,United Kingdom
18171,At Risk,59,9,2437.31,270.81,29.8,76,644,United Kingdom
18172,Champions,15,52,17479.84,336.15,19.4,176,714,United Kingdom
18173,At Risk,87,5,2696.36,539.27,123.2,34,526,United Kingdom
18174,New Customers,7,2,162.5,81.25,,1,596,United Kingdom
18175,Hibernating,676,1,176.1,176.1,,7,0,United Kingdom
18176,Hibernating,358,1,476.35,476.35,,30,0,United Kingdom
18177,Champions,31,9,2216.87,246.32,91.0,66,692,United Kingdom
18178,At Risk,129,11,6103.74,554.89,21.2,204,530,United Kingdom
18179,Champions,9,8,2547.55,318.44,75.8,101,654,United Kingdom
18180,New Customers,5,6,1843.75,307.29,20.3,108,137,United Kingdom
18181,New Customers,24,5,1205.94,241.19,132.8,139,710,United Kingdom
18182,Hibernating,463,1,291.13,291.13,,10,0,United Kingdom
18183,Hibernating,227,2,632.07,316.04,,36,47,United Kingdom
18184,New Customers,15,1,49.8,49.8,,1,0,United Kingdom
18185,Hibernating,249,1,304.25,304.25,,17,0,United Kingdom
18186,Hibernating,723,1,329.58,329.58,,11,0,United Kingdom
18187,Hibernating,632,1,724.89,724.89,,48,0,United Kingdom
18188,Champions,15,6,3280.59,546.76,68.1,95,608,United Kingdom
18189,At Risk,78,3,1403.73,467.91,84.0,79,548,United Kingdom
18190,At Risk,192,5,745.62,149.12,89.3,34,525,United Kingdom
18191,Hibernating,262,2,529.4,264.7,,15,215,United Kingdom
18192,New Customers,72,1,957.97,957.97,,45,0,United Kingdom
18193,At Risk,165,3,1207.35,402.45,76.5,66,277,United Kingdom
18194,At Risk,82,6,4162.04,693.67,121.0,23,597,United Kingdom
18195,Hibernating,387,1,101.16,101.16,,5,0,United Kingdom
18196,At Risk,95,4,1462.39,365.6,14.0,209,537,United Kingdom
18197,Hibernating,576,1,230.1,230.1,,9,0,United Kingdom
18198,Champions,4,17,5425.56,319.15,12.9,81,332,United Kingdom
18199,Hibernating,684,1,344.75,344.75,,20,0,United Kingdom
18200,Hibernating,106,1,163.8,163.8,,29,0,United Kingdom
18201,Hibernating,723,1,447.53,447.53,,27,0,United Kingdom
18202,At Risk,200,3,1396.99,465.66,56.0,55,111,United Kingdom
18203,At Risk,157,4,494.42,123.6,23.6,39,573,United Kingdom
18204,At Risk,71,3,1993.7,664.57,22.5,159,121,United Kingdom
18205,New Customers,36,2,517.36,258.68,,30,38,United Kingdom
18206,Hibernating,553,1,314.66,314.66,,19,0,United Kingdom
18207,Hibernating,499,1,544.47,544.47,,31,0,United Kingdom
18208,Hibernating,566,1,360.08,360.08,,17,0,United Kingdom
18209,New Customers,29,1,139.1,139.1,,8,0,United Kingdom
18210,Champions,2,7,2768.83,395.55,77.9,116,381,United Kingdom
18211,New Customers,26,5,600.07,120.01,47.0,37,252,United Kingdom
18212,Hibernating,326,2,546.72,273.36,,40,351,United Kingdom
18213,Hibernating,237,1,232.48,232.48,,15,0,United Kingdom
18214,At Risk,531,4,1780.34,445.08,4.2,38,23,United Kingdom
18215,At Risk,89,5,2247.49,449.5,125.6,53,534,United Kingdom
18216,New Customers,31,1,481.75,481.75,,26,0,United Kingdom
18217,New Customers,29,4,945.04,236.26,196.4,33,496,United Kingdom
18218,At Risk,211,4,1142.0,285.5,116.9,25,448,United Kingdom
18219,Champions,3,17,3562.89,209.58,29.4,87,729,United Kingdom
18220,At Risk,227,6,1921.76,320.29,47.6,17,497,United Kingdom
18221,New Customers,22,6,1424.94,237.49,54.4,71,367,United Kingdom
18222,Hibernating,93,1,443.0,443.0,,19,0,United Kingdom
18223,Champions,5,26,14000.85,538.49,15.7,192,730,United Kingdom
18224,Hibernating,264,1,158.95,158.95,,10,0,United Kingdom
18225,Champions,3,26,13054.26,502.09,19.3,266,731,United Kingdom
18226,Champions,44,26,11878.88,456.88,20.5,299,600,United Kingdom
18227,Hibernating,218,2,388.75,194.38,,6,266,United Kingdom
18228,New Customers,57,2,779.9,389.95,,23,22,United Kingdom
18229,Champions,12,28,10803.71,385.85,23.8,73,724,United Kingdom
18230,Champions,9,9,4291.06,476.78,36.5,42,516,United Kingdom
18231,Champions,192,28,6875.07,245.54,23.9,217,506,United Kingdom
18232,At Risk,82,4,592.97,148.24,29.1,31,115,United Kingdom
18233,Hibernating,326,1,440.0,440.0,,1,0,United Kingdom
18234,Hibernating,552,1,179.6,179.6,,30,0,United Kingdom
18235,At Risk,72,3,1796.48,598.83,24.0,100,145,United Kingdom
18236,Champions,30,12,1795.35,149.61,43.4,80,573,United Kingdom
18237,New Customers,3,5,987.1,197.42,18.0,40,131,United Kingdom
18238,Hibernating,515,1,270.92,270.92,,14,0,United Kingdom
18239,At Risk,219,6,2150.36,358.39,15.8,85,204,United Kingdom
18240,New Customers,46,1,422.58,422.58,,6,0,United Kingdom
18241,Champions,10,21,2986.99,142.24,48.9,101,608,United Kingdom
18242,At Risk,72,8,3605.21,450.65,72.3,113,625,United Kingdom
18243,Hibernating,414,1,515.78,515.78,,26,0,United Kingdom
18244,Hibernating,431,2,568.64,284.32,,19,72,United Kingdom
18245,Champions,7,20,6324.98,316.25,37.2,336,633,United Kingdom
18246,New Customers,24,3,758.82,252.94,83.0,3,586,United Kingdom
18247,At Risk,415,3,839.73,279.91,26.5,28,216,United Kingdom
18248,At Risk,123,2,804.02,402.01,,39,63,United Kingdom
18249,New Customers,17,1,95.34,95.34,,8,0,United Kingdom
18250,Hibernating,310,1,349.27,349.27,,21,0,United Kingdom
18251,Champions,87,9,26278.86,2919.87,114.0,87,630,United Kingdom
18252,At Risk,51,7,1542.09,220.3,124.6,125,670,United Kingdom
18253,Hibernating,643,1,317.88,317.88,,7,0,United Kingdom
18254,Hibernating,581,1,267.9,267.9,,16,0,United Kingdom
18255,Hibernating,89,2,303.15,151.57,,16,366,United Kingdom
18256,Hibernating,388,1,110.7,110.7,,10,0,United Kingdom
18257,Champions,39,12,4585.15,382.1,40.7,218,619,United Kingdom
18258,At Risk,464,6,2059.67,343.28,11.0,30,108,United Kingdom
18259,Champions,25,7,4318.2,616.89,116.2,51,707,United Kingdom
18260,Champions,173,23,9962.11,433.14,28.6,212,551,United Kingdom
18261,New Customers,43,2,324.24,162.12,,19,52,United Kingdom
18262,At Risk,140,3,577.54,192.51,22.0,40,462,United Kingdom
18263,New Customers,26,3,1213.16,404.39,16.5,59,226,United Kingdom
18264,Hibernating,499,1,603.25,603.25,,36,0,United Kingdom
18265,New Customers,72,2,801.51,400.76,,44,85,United Kingdom
18266,Hibernating,434,1,251.1,251.1,,14,0,United Kingdom
18267,Hibernating,673,1,269.37,269.37,,17,0,United Kingdom
18268,At Risk,134,6,1490.23,248.37,169.8,36,594,United Kingdom
18269,Hibernating,366,1,337.2,337.2,,7,0,United Kingdom
18270,New Customers,38,3,444.55,148.18,31.0,17,394,United Kingdom
18271,Hibernating,610,2,680.85,340.42,,19,121,United Kingdom
18272,Champions,3,9,4385.98,487.33,85.2,145,642,United Kingdom
18273,New Customers,2,4,357.0,89.25,100.9,1,588,United Kingdom
18274,New Customers,30,1,175.92,175.92,,11,0,United Kingdom
18275,Hibernating,578,2,741.85,370.92,,19,152,United Kingdom
18276,At Risk,44,6,1656.52,276.09,109.9,81,685,United Kingdom
18277,At Risk,58,5,1180.05,236.01,135.9,53,436,United Kingdom
18278,New Customers,74,2,414.2,207.1,,22,330,United Kingdom
18279,Hibernating,519,1,231.34,231.34,,13,0,United Kingdom
18280,Hibernating,278,2,488.15,244.08,,28,116,United Kingdom
18281,Hibernating,181,2,201.14,100.57,,17,397,United Kingdom
18282,New Customers,8,2,178.05,89.02,,12,118,United Kingdom
18283,Champions,4,22,2730.7,124.12,34.1,351,654,United Kingdom
18284,Hibernating,432,1,411.68,411.68,,27,0,United Kingdom
18285,Hibernating,661,1,377.0,377.0,,11,0,United Kingdom
18286,At Risk,477,2,1246.43,623.22,,66,247,United Kingdom
18287,At Risk,43,7,4132.99,590.43,66.8,119,528,United Kingdom
